[2026-05-30T06:44:19.693Z] GET https://my.azure.io/ → 302 (512ms, ?B)
[2026-05-30T06:44:20.206Z] GET https://my.azure.io/clientarea.php → pending (?ms, ?B)
[2026-05-30T06:44:20.864Z] GET https://my.azure.io/index.php?rp=/login → pending (?ms, ?B)
[2026-05-30T06:44:21.283Z] GET https://fonts.googleapis.com/css?family=Karla:400,700|Rubik:300,400,500,700&display=swap&subset=latin-ext → 200 (766ms, 12242B)
[2026-05-30T06:44:21.283Z] GET https://my.azure.io/templates/lagom2/core/styles/depth/assets/css/vars/minified.css?1752124174 → 200 (31ms, 173328B)
[2026-05-30T06:44:21.283Z] GET https://my.azure.io/templates/lagom2/assets/css/theme.css?v=2.3.6 → 200 (34ms, 1180450B)
[2026-05-30T06:44:21.283Z] GET https://my.azure.io/templates/lagom2/core/styles/depth/assets/css/theme-custom.css?v=2.3.6&v1=1.0.0 → 200 (105ms, 331B)
[2026-05-30T06:44:21.283Z] GET https://my.azure.io/templates/lagom2/assets/js/scripts.min.js?v=2.3.6 → 200 (133ms, 678797B)
[2026-05-30T06:44:21.283Z] GET https://my.azure.io/templates/lagom2/assets/js/core.min.js?v=2.3.6 → 200 (126ms, 68257B)
[2026-05-30T06:44:21.283Z] GET https://my.azure.io/modules/addons/azure/assets/js/affiliate.js → 200 (126ms, 2263B)
[2026-05-30T06:44:21.283Z] GET https://my.azure.io/templates/lagom2/core/styles/depth/assets/js/theme-custom.js?v=1.0.0 → 200 (127ms, 937B)
[2026-05-30T06:44:21.284Z] GET https://my.azure.io/templates/lagom2/core/extensions/ClientNotifications/assets/css/client-notifications.css → 200 (105ms, 26860B)
[2026-05-30T06:44:21.284Z] GET https://my.azure.io/assets/css/fontawesome-all.min.css → 200 (105ms, 156472B)
[2026-05-30T06:44:21.284Z] GET https://my.azure.io/templates/lagom2/assets/img/logo/logo_big_inverse.1835843558.png → 200 (126ms, 27941B)
[2026-05-30T06:44:21.284Z] GET https://my.azure.io/templates/lagom2/core/extensions/ClientNotifications/assets/js/client-notifications.js → 200 (839ms, 1048615B)
[2026-05-30T06:44:21.284Z] GET https://my.azure.io/templates/lagom2/assets/js/vendor.js?v=2.3.6 → 200 (155ms, 301980B)
[2026-05-30T06:44:21.284Z] GET https://my.azure.io/templates/lagom2/assets/js/lagom-app.js?v=2.3.6 → 200 (181ms, 97229B)
[2026-05-30T06:44:21.284Z] GET https://my.azure.io/templates/lagom2/assets/js/whmcs-custom.min.js?v=2.3.6 → 200 (181ms, 10381B)
[2026-05-30T06:44:21.317Z] GET https://fonts.googleapis.com/css?family=Roboto:300,400,500,700,900&display=swap → 200 (752ms, 28190B)
[2026-05-30T06:44:21.388Z] GET https://my.azure.io/templates/lagom2/core/styles/depth/assets/css/azure.css → 200 (27ms, 21291B)
[2026-05-30T06:44:21.388Z] GET https://my.azure.io/templates/lagom2/core/styles/depth/assets/css/refer-a-friend.css → 200 (29ms, 52839B)
[2026-05-30T06:44:21.388Z] GET https://my.azure.io/templates/lagom2/core/styles/depth/assets/css/order-wizard-progressbar.css → 200 (29ms, 2533B)
[2026-05-30T06:44:21.388Z] GET https://my.azure.io/templates/lagom2/core/styles/depth/assets/css/order-wizard-packages.css → 200 (48ms, 1182B)
[2026-05-30T06:44:21.388Z] GET https://my.azure.io/templates/lagom2/core/styles/depth/assets/css/order-wizard-domain-selection.css → 200 (48ms, 4809B)
[2026-05-30T06:44:21.388Z] GET https://my.azure.io/templates/lagom2/core/styles/depth/assets/css/order-wizard-product-configuration.css → 200 (49ms, 4687B)
[2026-05-30T06:44:21.388Z] GET https://my.azure.io/templates/lagom2/core/styles/depth/assets/css/order-wizard-configure-domains.css → 200 (49ms, 2079B)
[2026-05-30T06:44:21.388Z] GET https://my.azure.io/templates/lagom2/core/styles/depth/assets/css/order-wizard-finalize.css → 200 (49ms, 3372B)
[2026-05-30T06:44:21.388Z] GET https://my.azure.io/templates/lagom2/core/styles/depth/assets/css/zendesk.css → 200 (50ms, 81B)
[2026-05-30T06:44:22.114Z] GET https://sgtm.azure.io/22nljgkhruc.js?8=aWQ9R1RNLVdRVktKNVhO&sort=desc → pending (?ms, ?B)
[2026-05-30T06:44:22.189Z] GET https://fonts.gstatic.com/s/rubik/v31/iJWKBXyIfDnIV7nBrXyw023e.woff2 → pending (?ms, ?B)
[2026-05-30T06:44:22.189Z] GET https://fonts.gstatic.com/s/karla/v33/qkB9XvYC6trAT55ZBi1ueQVIjQTD-JrIH2G7nytkHRyQ8p4wUje6bmMorHA.woff2 → pending (?ms, ?B)
[2026-05-30T06:44:22.189Z] GET https://my.azure.io/templates/lagom2/assets/fonts/lagom-medium-icons.woff?v5wga3 → pending (?ms, ?B)
[2026-05-30T06:44:22.189Z] GET https://fonts.gstatic.com/s/roboto/v51/KFO7CnqEu92Fr1ME7kSn66aGLdTylUAMa3yUBHMdazQ.woff2 → pending (?ms, ?B)
[2026-05-30T06:44:22.189Z] GET https://my.azure.io/templates/lagom2/assets/fonts/lagom-small-icons.woff?7yz00b → pending (?ms, ?B)
[2026-05-30T06:44:22.654Z] GET https://sgtm.azure.io/gtag/js?id=G-456PJ82D2P&cx=c&gtm=4e65s0h2 → 200 (136ms, 553015B)
[2026-05-30T06:44:22.654Z] GET https://sgtm.azure.io/gtm.js?id=GTM-WQVKJ5XN&gtg_health=1 → 200 (60ms, 216B)
[2026-05-30T06:44:22.654Z] GET https://affiliates.azure.eu/scripts/3j3huk3 → 200 (361ms, 16684B)
[2026-05-30T06:44:22.654Z] POST https://www.google.com/ccm/collect?rcb=12&frm=0&ae=g&auid=1115066569.1780123463&dt=Login%20-%20Azure&en=page_view&dl=https%3A%2F%2Fmy.azure.io%2Findex.php&scrsrc=sgtm.azure.io&rnd=1488059464.1780123463&navt=n&npa=1&ep.ads_data_redaction=0&gtm=45Fe65s0h2v9176723357za204zd9176723357xea&gcd=13l3l3l2l1l1&dma_cps=a&dma=1&tag_exp=0~115616986~115938466~115938469~116701382~118131809~119027224~119034493&apve=1&apvf=f&gap.gtb=1&apvc=1&tft=1780123462653&tfd=2961 → 200 (241ms, ?B)
[2026-05-30T06:44:22.829Z] GET https://sgtm.azure.io/g/collect?v=2&tid=G-456PJ82D2P&gtm=45he65s0h2v873723204z89176723357za20kzb9176723357zd9176723357&_p=1780123462109&gcd=13l3l3l2l1l1&npa=1&dma_cps=a&dma=1&ecid=1148866984&_eu=EAAAAGA&_fplc=0&are=1&cid=1632775656.1780123463&ec_mode=a&frm=0&ir=1&pscdl=noapi&rcb=0&sr=1280x720&uaa=arm&uab=64&uafvl=Not%253AA-Brand%3B99.0.0.0%7CHeadlessChrome%3B145.0.7632.6%7CChromium%3B145.0.7632.6&uam=&uamb=0&uap=macOS&uapv=26.4.1&uaw=0&ul=en-us&ur=DE&sst.etld=google.de&sst.gcsub=region1&sst.tft=1780123462109&sst.lpc=179838392&sst.navt=n&sst.ude=1&sst.sw_exp=1&gaf=2&_s=1&tag_exp=0~115616985~115938466~115938468~119034491&sid=1780123462&sct=1&seg=0&dl=https%3A%2F%2Fmy.azure.io%2Findex.php%3Frp%3D%2Flogin&dt=Login%20-%20Azure&_tu=BA&en=page_view&_fv=1&_nsi=1&_ss=1&gap.gtb=2&ep.Affiliate_id=&ep.content_group=ENG%20site&ep.anonymize_ip=true&ep.transport_type=beacon&ep.custom_2=%2Findex.php%3Frp%3D%2Flogin&ep.affiliate_event_id=&ep.url_passthrough=true&ep.user_data.email=info%40azure.io&tfd=3119&richsstsse → 200 (117ms, 1593B)
[2026-05-30T06:44:22.834Z] GET https://sgtm.azure.io/_/service_worker/65d0/sw_iframe.html?origin=https%3A%2F%2Fmy.azure.io&1p=1 → 200 (117ms, 3529B)
[2026-05-30T06:44:22.947Z] GET https://region1.analytics.google.com/g/s/collect?dma=1&dma_cps=a&npa=1&gcd=13l3l3l2l1l1&gtm=45h91e65r0v873723204z89176723357z99176724746za20kzb9176723357zd9176723357&tag_exp=0~115616985~115938466~115938468~117215454~117215454~117384417~117384417~117401772~117401772~119034491&_is_sw=f15s0t1&_tu=BA&gap.gtb=2&_gsid=456PJ82D2Pkc8S_JO5RmAZ-2UtZmd_DQ → 204 (255ms, ?B)
[2026-05-30T06:44:22.947Z] GET https://www.google.de/ads/ga-audiences?v=1&t=sr&slf_rd=1&_r=4&dma=1&dma_cps=a&npa=1&gcd=13l3l3l2l1l1&tid=G-456PJ82D2P&cid=1632775656.1780123463&gtm=45h91e65r0v873723204z89176723357z99176724746za20kzb9176723357zd9176723357&tag_exp=0~115616985~115938466~115938468~117215454~117215454~117384417~117384417~117401772~117401772~119034491&_is_sw=f15s0t1&_tu=BA&gap.gtb=2&aip=1&z=390372892 → pending (?ms, ?B)
[2026-05-30T06:44:22.948Z] GET https://stats.g.doubleclick.net/g/collect?v=2&dma=1&dma_cps=a&npa=1&gcd=13l3l3l2l1l1&tid=G-456PJ82D2P&cid=1632775656.1780123463&gtm=45h91e65r0v873723204z89176723357z99176724746za20kzb9176723357zd9176723357&tag_exp=0~115616985~115938466~115938468~117215454~117215454~117384417~117384417~117401772~117401772~119034491&_is_sw=f15s0t1&_tu=BA&gap.gtb=2&aip=1 → pending (?ms, ?B)
[2026-05-30T06:44:22.948Z] GET https://sgtm.azure.io/_/set_cookie?val=mRyPUQwuTbeAGuzQDjRl8KHtHQVvgRjUZuBRt32Ruc2aKc9iTHxKCPgaVhfskdA72RWMFVTLAbeLiuSMWjOGq5cbMYNK5LReRfFtASsY%2FTGTW9sEJ9DKCb1GvwLPON2U7QVk5nI9orlb1EfZNIhT6LTs8Z%2BzgrNnpympnlX6yYSi%2F3d58UIXOur%2BYJ%2F9f3I%3D&path=%2F → 200 (33ms, ?B)
[2026-05-30T06:44:23.016Z] GET https://affiliates.azure.eu/scripts/3r3huk3?accountId=default1&url=S_my.azure.io%2Findex.php&referrer=&isInIframe=false&getParams=%3Frp%3D%2Flogin&anchor= → 200 (35ms, 66B)
[2026-05-30T06:44:23.769Z] GET https://widget.trustpilot.com/bootstrap/v5/tp.widget.bootstrap.min.js → pending (?ms, ?B)
[2026-05-30T06:44:29.348Z] POST https://my.azure.io/index.php?rp=/login → 302 (550ms, ?B)
[2026-05-30T06:44:29.899Z] GET https://my.azure.io/index.php?rp=/login → pending (?ms, ?B)
[2026-05-30T06:44:30.351Z] POST https://sgtm.azure.io/g/collect?v=2&tid=G-456PJ82D2P&gtm=45he65s0h2v873723204za20kzb9176723357zd9176723357&_p=1780123462109&gcd=13l3l3l2l1l1&npa=1&dma_cps=a&dma=1&ecid=1148866984&_eu=EAAAAGQ&are=1&cid=1632775656.1780123463&frm=0&ir=1&pscdl=noapi&rcb=0&sr=1280x720&uaa=arm&uab=64&uafvl=Not%253AA-Brand%3B99.0.0.0%7CHeadlessChrome%3B145.0.7632.6%7CChromium%3B145.0.7632.6&uam=&uamb=0&uap=macOS&uapv=26.4.1&uaw=0&ul=en-us&ur=DE&sst.etld=google.de&sst.gcsub=region1&sst.tft=1780123462109&sst.lpc=179838392&sst.navt=n&sst.ude=1&sst.sw_exp=1&gaf=2&_s=2&tag_exp=0~115616985~115938466~115938468~119034491&sid=1780123462&sct=1&seg=0&dl=https%3A%2F%2Fmy.azure.io%2Findex.php%3Frp%3D%2Flogin&dt=Login%20-%20Azure&_tu=BA&en=user_engagement&gap.gtb=2&ep.Affiliate_id=&ep.content_group=ENG%20site&ep.anonymize_ip=true&ep.transport_type=beacon&ep.custom_2=%2Findex.php%3Frp%3D%2Flogin&ep.affiliate_event_id=&ep.url_passthrough=true&_et=7532&tfd=10656 → pending (?ms, ?B)
[2026-05-30T06:44:30.353Z] GET https://fonts.googleapis.com/css?family=Karla:400,700|Rubik:300,400,500,700&display=swap&subset=latin-ext → 200 (1ms, 12242B)
[2026-05-30T06:44:30.354Z] GET https://my.azure.io/templates/lagom2/core/styles/depth/assets/css/vars/minified.css?1752124174 → 200 (?ms, 173328B)
[2026-05-30T06:44:30.354Z] GET https://my.azure.io/templates/lagom2/assets/css/theme.css?v=2.3.6 → 200 (?ms, 1180450B)
[2026-05-30T06:44:30.354Z] GET https://my.azure.io/templates/lagom2/core/styles/depth/assets/css/theme-custom.css?v=2.3.6&v1=1.0.0 → 200 (?ms, 331B)
[2026-05-30T06:44:30.354Z] GET https://my.azure.io/templates/lagom2/assets/js/scripts.min.js?v=2.3.6 → 200 (1ms, 678797B)
[2026-05-30T06:44:30.355Z] GET https://my.azure.io/templates/lagom2/assets/js/core.min.js?v=2.3.6 → 200 (?ms, 68257B)
[2026-05-30T06:44:30.355Z] GET https://my.azure.io/modules/addons/azure/assets/js/affiliate.js → 200 (?ms, 2263B)
[2026-05-30T06:44:30.355Z] GET https://my.azure.io/templates/lagom2/core/styles/depth/assets/js/theme-custom.js?v=1.0.0 → 200 (?ms, 937B)
[2026-05-30T06:44:30.355Z] GET https://my.azure.io/templates/lagom2/core/extensions/ClientNotifications/assets/css/client-notifications.css → 200 (1ms, 26860B)
[2026-05-30T06:44:30.357Z] GET https://my.azure.io/assets/css/fontawesome-all.min.css → 200 (?ms, 156472B)
[2026-05-30T06:44:30.357Z] GET https://my.azure.io/templates/lagom2/assets/img/logo/logo_big_inverse.1835843558.png → 200 (1ms, 27941B)
[2026-05-30T06:44:30.358Z] GET https://my.azure.io/templates/lagom2/core/extensions/ClientNotifications/assets/js/client-notifications.js → 200 (?ms, 1048615B)
[2026-05-30T06:44:30.358Z] GET https://my.azure.io/templates/lagom2/assets/js/vendor.js?v=2.3.6 → 200 (?ms, 301980B)
[2026-05-30T06:44:30.358Z] GET https://my.azure.io/templates/lagom2/assets/js/lagom-app.js?v=2.3.6 → 200 (?ms, 97229B)
[2026-05-30T06:44:30.359Z] GET https://my.azure.io/templates/lagom2/assets/js/whmcs-custom.min.js?v=2.3.6 → 200 (?ms, 10381B)
[2026-05-30T06:44:30.370Z] GET https://fonts.googleapis.com/css?family=Roboto:300,400,500,700,900&display=swap → 200 (?ms, 28190B)
[2026-05-30T06:44:30.370Z] GET https://my.azure.io/templates/lagom2/core/styles/depth/assets/css/azure.css → 200 (?ms, 21291B)
[2026-05-30T06:44:30.371Z] GET https://my.azure.io/templates/lagom2/core/styles/depth/assets/css/refer-a-friend.css → 200 (?ms, 52839B)
[2026-05-30T06:44:30.371Z] GET https://my.azure.io/templates/lagom2/core/styles/depth/assets/css/order-wizard-progressbar.css → 200 (?ms, 2533B)
[2026-05-30T06:44:30.371Z] GET https://my.azure.io/templates/lagom2/core/styles/depth/assets/css/order-wizard-packages.css → 200 (?ms, 1182B)
[2026-05-30T06:44:30.371Z] GET https://my.azure.io/templates/lagom2/core/styles/depth/assets/css/order-wizard-domain-selection.css → 200 (?ms, 4809B)
[2026-05-30T06:44:30.372Z] GET https://my.azure.io/templates/lagom2/core/styles/depth/assets/css/order-wizard-product-configuration.css → 200 (?ms, 4687B)
[2026-05-30T06:44:30.372Z] GET https://my.azure.io/templates/lagom2/core/styles/depth/assets/css/order-wizard-configure-domains.css → 200 (?ms, 2079B)
[2026-05-30T06:44:30.372Z] GET https://my.azure.io/templates/lagom2/core/styles/depth/assets/css/order-wizard-finalize.css → 200 (?ms, 3372B)
[2026-05-30T06:44:30.372Z] GET https://my.azure.io/templates/lagom2/core/styles/depth/assets/css/zendesk.css → 200 (?ms, 81B)
[2026-05-30T06:44:30.373Z] GET https://sgtm.azure.io/22nljgkhruc.js?8=aWQ9R1RNLVdRVktKNVhO&sort=desc → 200 (?ms, 604748B)
[2026-05-30T06:44:30.380Z] GET https://fonts.gstatic.com/s/karla/v33/qkB9XvYC6trAT55ZBi1ueQVIjQTD-JrIH2G7nytkHRyQ8p4wUje6bmMorHA.woff2 → 200 (?ms, ?B)
[2026-05-30T06:44:30.380Z] GET https://fonts.gstatic.com/s/rubik/v31/iJWKBXyIfDnIV7nBrXyw023e.woff2 → 200 (?ms, ?B)
[2026-05-30T06:44:30.381Z] GET https://fonts.gstatic.com/s/roboto/v51/KFO7CnqEu92Fr1ME7kSn66aGLdTylUAMa3yUBHMdazQ.woff2 → 200 (?ms, ?B)
[2026-05-30T06:44:30.381Z] GET https://my.azure.io/templates/lagom2/assets/fonts/lagom-medium-icons.woff?v5wga3 → 200 (?ms, ?B)
[2026-05-30T06:44:30.381Z] GET https://my.azure.io/templates/lagom2/assets/fonts/lagom-small-icons.woff?7yz00b → 200 (?ms, ?B)
[2026-05-30T06:44:30.477Z] GET https://sgtm.azure.io/gtag/js?id=G-456PJ82D2P&cx=c&gtm=4e65s0h2 → 200 (?ms, 553015B)
[2026-05-30T06:44:30.477Z] GET https://affiliates.azure.eu/scripts/3j3huk3 → 200 (?ms, 16684B)
[2026-05-30T06:44:30.477Z] POST https://www.google.com/ccm/collect?rcb=2&frm=0&ae=g&auid=1115066569.1780123463&dt=Login%20-%20Azure&en=page_view&dr=my.azure.io&dl=https%3A%2F%2Fmy.azure.io%2Findex.php&scrsrc=sgtm.azure.io&rnd=1811112208.1780123470&navt=n&npa=1&ep.ads_data_redaction=0&gtm=45Fe65s0h2v9176723357za204zd9176723357xea&gcd=13l3l3l2l1l1&dma_cps=a&dma=1&tag_exp=0~115616985~115938465~115938468~116701382~118131809~119034493&apve=1&apvf=f&gap.gtb=2&apvc=1&tft=1780123470476&tfd=1131 → 200 (28ms, ?B)
[2026-05-30T06:44:30.496Z] GET https://sgtm.azure.io/g/collect?v=2&tid=G-456PJ82D2P&gtm=45he65s0h2v873723204z89176723357za20kzb9176723357zd9176723357&_p=1780123470369&gcd=13l3l3l2l1l1&npa=1&dma_cps=a&dma=1&ecid=1148866984&_eu=EAAAAGQ&are=1&cid=1632775656.1780123463&ec_mode=a&frm=0&ir=1&pscdl=noapi&rcb=8&sr=1280x720&uaa=arm&uab=64&uafvl=Not%253AA-Brand%3B99.0.0.0%7CHeadlessChrome%3B145.0.7632.6%7CChromium%3B145.0.7632.6&uam=&uamb=0&uap=macOS&uapv=26.4.1&uaw=0&ul=en-us&ur=DE&sst.etld=google.de&sst.gcsub=region1&sst.tft=1780123470369&sst.lpc=179838392&sst.navt=n&sst.ude=1&sst.sw_exp=1&gaf=2&_s=1&tag_exp=0~115938465~115938468~118228215~119034491&sid=1780123462&sct=1&seg=1&dl=https%3A%2F%2Fmy.azure.io%2Findex.php%3Frp%3D%2Flogin&dr=https%3A%2F%2Fmy.azure.io%2Findex.php%3Frp%3D%2Flogin&dt=Login%20-%20Azure&_tu=BA&en=page_view&gap.gtb=2&ep.Affiliate_id=&ep.content_group=ENG%20site&ep.anonymize_ip=true&ep.transport_type=beacon&ep.custom_2=%2Findex.php%3Frp%3D%2Flogin&ep.affiliate_event_id=&ep.url_passthrough=true&ep.user_data.email=info%40azure.io&tfd=1142&richsstsse → 200 (145ms, 761B)
[2026-05-30T06:44:30.499Z] GET https://affiliates.azure.eu/scripts/3r3huk3?visitorId=Q7GN4nlC9tgqW2ixW8X9a054o0coa2uB&accountId=default1&tracking=1&url=S_my.azure.io%2Findex.php&referrer=S_my.azure.io%2Findex.php%3Frp%3D%2Flogin&isInIframe=false&getParams=%3Frp%3D%2Flogin&anchor= → 200 (34ms, 19B)
[2026-05-30T06:44:30.505Z] GET https://sgtm.azure.io/_/service_worker/65d0/sw_iframe.html?origin=https%3A%2F%2Fmy.azure.io&1p=1 → 200 (1ms, 3529B)
[2026-05-30T06:44:30.534Z] GET https://widget.trustpilot.com/bootstrap/v5/tp.widget.bootstrap.min.js → 200 (?ms, 24915B)
[2026-05-30T06:44:30.642Z] GET https://www.google.de/ads/ga-audiences?v=1&t=sr&slf_rd=1&_r=4&dma=1&dma_cps=a&npa=1&gcd=13l3l3l2l1l1&tid=G-456PJ82D2P&cid=1632775656.1780123463&gtm=45h91e65r0v873723204z89176723357z99176724746za20kzb9176723357zd9176723357&tag_exp=0~115938465~115938468~117384418~117384418~118228215~119034491&_is_sw=f15s0te&_tu=BA&gap.gtb=2&aip=1&z=1878620184 → 200 (195ms, 42B)
[2026-05-30T06:44:30.642Z] GET https://sgtm.azure.io/_/set_cookie?val=GcFid4iuIomq06d41X7iiAWfQ%2F3ChFkrMjk9giN4nj%2BIJzU4sX%2FR0tctione6JYXCxn7Pze2pgd%2BRDADIGlsNvrdho5xTEj3VRsffAtoBvgkz0z%2Fa6WzjQd7sSw40pO%2BcynYdmf70%2FVGvBAdUDkkP6Ik8LuIuWpK9uLTXmw3bl9EwEv5DNMza2QbqYSWSFo%3D&path=%2F → 200 (36ms, ?B)
[2026-05-30T06:45:08.649Z] POST https://my.azure.io/index.php?rp=/login → 302 (338ms, ?B)
[2026-05-30T06:45:08.987Z] GET https://my.azure.io/index.php?rp=/login → pending (?ms, ?B)
[2026-05-30T06:45:09.629Z] GET https://fonts.googleapis.com/css?family=Karla:400,700|Rubik:300,400,500,700&display=swap&subset=latin-ext → 200 (?ms, 12242B)
[2026-05-30T06:45:09.630Z] GET https://my.azure.io/templates/lagom2/core/styles/depth/assets/css/vars/minified.css?1752124174 → 200 (?ms, 173328B)
[2026-05-30T06:45:09.630Z] GET https://my.azure.io/templates/lagom2/assets/css/theme.css?v=2.3.6 → 200 (?ms, 1180450B)
[2026-05-30T06:45:09.630Z] GET https://my.azure.io/templates/lagom2/core/styles/depth/assets/css/theme-custom.css?v=2.3.6&v1=1.0.0 → 200 (?ms, 331B)
[2026-05-30T06:45:09.630Z] GET https://my.azure.io/templates/lagom2/assets/js/scripts.min.js?v=2.3.6 → 200 (1ms, 678797B)
[2026-05-30T06:45:09.631Z] GET https://my.azure.io/templates/lagom2/assets/js/core.min.js?v=2.3.6 → 200 (?ms, 68257B)
[2026-05-30T06:45:09.631Z] GET https://my.azure.io/modules/addons/azure/assets/js/affiliate.js → 200 (1ms, 2263B)
[2026-05-30T06:45:09.632Z] GET https://my.azure.io/templates/lagom2/core/styles/depth/assets/js/theme-custom.js?v=1.0.0 → 200 (?ms, 937B)
[2026-05-30T06:45:09.632Z] GET https://my.azure.io/templates/lagom2/core/extensions/ClientNotifications/assets/css/client-notifications.css → 200 (?ms, 26860B)
[2026-05-30T06:45:09.632Z] GET https://my.azure.io/assets/css/fontawesome-all.min.css → 200 (?ms, 156472B)
[2026-05-30T06:45:09.632Z] GET https://my.azure.io/templates/lagom2/assets/img/logo/logo_big_inverse.1835843558.png → 200 (1ms, 27941B)
[2026-05-30T06:45:09.633Z] GET https://my.azure.io/templates/lagom2/core/extensions/ClientNotifications/assets/js/client-notifications.js → 200 (?ms, 1048615B)
[2026-05-30T06:45:09.633Z] GET https://my.azure.io/templates/lagom2/assets/js/vendor.js?v=2.3.6 → 200 (1ms, 301980B)
[2026-05-30T06:45:09.634Z] GET https://my.azure.io/templates/lagom2/assets/js/lagom-app.js?v=2.3.6 → 200 (?ms, 97229B)
[2026-05-30T06:45:09.634Z] GET https://my.azure.io/templates/lagom2/assets/js/whmcs-custom.min.js?v=2.3.6 → 200 (1ms, 10381B)
[2026-05-30T06:45:09.644Z] GET https://fonts.googleapis.com/css?family=Roboto:300,400,500,700,900&display=swap → 200 (?ms, 28190B)
[2026-05-30T06:45:09.644Z] GET https://my.azure.io/templates/lagom2/core/styles/depth/assets/css/azure.css → 200 (?ms, 21291B)
[2026-05-30T06:45:09.645Z] GET https://my.azure.io/templates/lagom2/core/styles/depth/assets/css/refer-a-friend.css → 200 (?ms, 52839B)
[2026-05-30T06:45:09.645Z] GET https://my.azure.io/templates/lagom2/core/styles/depth/assets/css/order-wizard-progressbar.css → 200 (?ms, 2533B)
[2026-05-30T06:45:09.645Z] GET https://my.azure.io/templates/lagom2/core/styles/depth/assets/css/order-wizard-packages.css → 200 (?ms, 1182B)
[2026-05-30T06:45:09.645Z] GET https://my.azure.io/templates/lagom2/core/styles/depth/assets/css/order-wizard-domain-selection.css → 200 (?ms, 4809B)
[2026-05-30T06:45:09.646Z] GET https://my.azure.io/templates/lagom2/core/styles/depth/assets/css/order-wizard-product-configuration.css → 200 (?ms, 4687B)
[2026-05-30T06:45:09.646Z] GET https://my.azure.io/templates/lagom2/core/styles/depth/assets/css/order-wizard-configure-domains.css → 200 (?ms, 2079B)
[2026-05-30T06:45:09.646Z] GET https://my.azure.io/templates/lagom2/core/styles/depth/assets/css/order-wizard-finalize.css → 200 (?ms, 3372B)
[2026-05-30T06:45:09.646Z] GET https://my.azure.io/templates/lagom2/core/styles/depth/assets/css/zendesk.css → 200 (?ms, 81B)
[2026-05-30T06:45:09.647Z] GET https://sgtm.azure.io/22nljgkhruc.js?8=aWQ9R1RNLVdRVktKNVhO&sort=desc → 200 (?ms, 604748B)
[2026-05-30T06:45:09.655Z] GET https://fonts.gstatic.com/s/karla/v33/qkB9XvYC6trAT55ZBi1ueQVIjQTD-JrIH2G7nytkHRyQ8p4wUje6bmMorHA.woff2 → 200 (?ms, ?B)
[2026-05-30T06:45:09.655Z] GET https://fonts.gstatic.com/s/rubik/v31/iJWKBXyIfDnIV7nBrXyw023e.woff2 → 200 (?ms, ?B)
[2026-05-30T06:45:09.655Z] GET https://fonts.gstatic.com/s/roboto/v51/KFO7CnqEu92Fr1ME7kSn66aGLdTylUAMa3yUBHMdazQ.woff2 → 200 (?ms, ?B)
[2026-05-30T06:45:09.656Z] GET https://my.azure.io/templates/lagom2/assets/fonts/lagom-medium-icons.woff?v5wga3 → 200 (?ms, ?B)
[2026-05-30T06:45:09.656Z] GET https://my.azure.io/templates/lagom2/assets/fonts/lagom-small-icons.woff?7yz00b → 200 (?ms, ?B)
[2026-05-30T06:45:09.742Z] GET https://sgtm.azure.io/gtag/js?id=G-456PJ82D2P&cx=c&gtm=4e65s0h2 → 200 (?ms, 553015B)
[2026-05-30T06:45:09.742Z] GET https://affiliates.azure.eu/scripts/3j3huk3 → 200 (?ms, 16684B)
[2026-05-30T06:45:09.743Z] POST https://www.google.com/ccm/collect?rcb=13&frm=0&ae=g&auid=1115066569.1780123463&dt=Login%20-%20Azure&en=page_view&dr=my.azure.io&dl=https%3A%2F%2Fmy.azure.io%2Findex.php&scrsrc=sgtm.azure.io&rnd=2079504947.1780123510&navt=n&npa=1&ep.ads_data_redaction=0&gtm=45Fe65s0h2v9176723357za204zd9176723357xea&gcd=13l3l3l2l1l1&dma_cps=a&dma=1&tag_exp=0~115616985~115938465~115938469~116701382~117776794~118131809~119034493~119064591&apve=1&apvf=f&gap.gtb=2&apvc=1&tft=1780123509741&tfd=1095 → 200 (48ms, ?B)
[2026-05-30T06:45:09.754Z] GET https://sgtm.azure.io/g/collect?v=2&tid=G-456PJ82D2P&gtm=45he65s0h2v873723204z89176723357za20kzb9176723357zd9176723357&_p=1780123509642&gcd=13l3l3l2l1l1&npa=1&dma_cps=a&dma=1&ecid=1148866984&_eu=EAAAAGQ&are=1&cid=1632775656.1780123463&ec_mode=a&frm=0&ir=1&pscdl=noapi&rcb=10&sr=1280x720&uaa=arm&uab=64&uafvl=Not%253AA-Brand%3B99.0.0.0%7CHeadlessChrome%3B145.0.7632.6%7CChromium%3B145.0.7632.6&uam=&uamb=0&uap=macOS&uapv=26.4.1&uaw=0&ul=en-us&ur=DE&sst.etld=google.de&sst.gcsub=region1&sst.tft=1780123509642&sst.lpc=179838392&sst.navt=n&sst.ude=1&sst.sw_exp=1&gaf=2&_s=1&tag_exp=0~115616986~115938465~115938469~118228215~119034491~119064591~119168155&sid=1780123462&sct=1&seg=1&dl=https%3A%2F%2Fmy.azure.io%2Findex.php%3Frp%3D%2Flogin&dr=https%3A%2F%2Fmy.azure.io%2Findex.php%3Frp%3D%2Flogin&dt=Login%20-%20Azure&_tu=BA&en=page_view&gap.gtb=2&ep.Affiliate_id=&ep.content_group=ENG%20site&ep.anonymize_ip=true&ep.transport_type=beacon&ep.custom_2=%2Findex.php%3Frp%3D%2Flogin&ep.affiliate_event_id=&ep.url_passthrough=true&ep.user_data.email=info%40azure.io&tfd=1107&richsstsse → 200 (117ms, 787B)
[2026-05-30T06:45:09.758Z] GET https://affiliates.azure.eu/scripts/3r3huk3?visitorId=Q7GN4nlC9tgqW2ixW8X9a054o0coa2uB&accountId=default1&tracking=1&url=S_my.azure.io%2Findex.php&referrer=S_my.azure.io%2Findex.php%3Frp%3D%2Flogin&isInIframe=false&getParams=%3Frp%3D%2Flogin&anchor= → 200 (34ms, 19B)
[2026-05-30T06:45:09.763Z] GET https://sgtm.azure.io/_/service_worker/65d0/sw_iframe.html?origin=https%3A%2F%2Fmy.azure.io&1p=1 → 200 (1ms, 3529B)
[2026-05-30T06:45:09.793Z] GET https://widget.trustpilot.com/bootstrap/v5/tp.widget.bootstrap.min.js → 200 (?ms, 24915B)
[2026-05-30T06:45:09.872Z] GET https://www.google.de/ads/ga-audiences?v=1&t=sr&slf_rd=1&_r=4&dma=1&dma_cps=a&npa=1&gcd=13l3l3l2l1l1&tid=G-456PJ82D2P&cid=1632775656.1780123463&gtm=45h91e65r0v873723204z89176723357z99176724746za20kzb9176723357zd9176723357&tag_exp=0~115616986~115938465~115938469~117384418~117384418~118228215~119034491~119064591~119168155&_is_sw=f15s0te&_tu=BA&gap.gtb=2&aip=1&z=1944210603 → 200 (191ms, 42B)
[2026-05-30T06:45:09.872Z] GET https://sgtm.azure.io/_/set_cookie?val=%2BRDBp1nCSAOBLlW434fYLimCkcxdOXbnpNAyUW0iBymM7KfrbgaGtK3GAJaTBO%2F7Ax4cc%2Bobm2AXkSPSjD%2BmVNE32njtoCWSd5mze77NbI01imdy2vjxNA61PmdT4VTTv1QwI2YL8Fv8ECW0qoIerbiK0Dhg%2F401KG1rGZqDzLQJKCibJ5dDJ9Eh2FCph1A%3D&path=%2F → 200 (40ms, ?B)
[2026-05-30T06:46:01.144Z] GET https://itexperts-berlin.de/wp-admin → 301 (97ms, ?B)
[2026-05-30T06:46:01.241Z] GET https://itexperts-berlin.de/wp-admin/ → pending (?ms, ?B)
[2026-05-30T06:46:02.533Z] GET https://itexperts-berlin.de/wp-login.php?redirect_to=https%3A%2F%2Fitexperts-berlin.de%2Fwp-admin%2F&reauth=1 → pending (?ms, ?B)
[2026-05-30T06:46:03.696Z] GET https://itexperts-berlin.de/wp-includes/css/dashicons.min.css?ver=2822dee7cdddd55f5eda9f8d36149e71 → 200 (79ms, 59004B)
[2026-05-30T06:46:03.696Z] GET https://itexperts-berlin.de/wp-includes/css/buttons.min.css?ver=2822dee7cdddd55f5eda9f8d36149e71 → 200 (107ms, 8152B)
[2026-05-30T06:46:03.696Z] GET https://itexperts-berlin.de/wp-admin/css/forms.min.css?ver=7.0 → 200 (107ms, 30197B)
[2026-05-30T06:46:03.696Z] GET https://itexperts-berlin.de/wp-admin/css/l10n.min.css?ver=7.0 → 200 (108ms, 3200B)
[2026-05-30T06:46:03.696Z] GET https://itexperts-berlin.de/wp-includes/css/dist/base-styles/admin-schemes.min.css?ver=2822dee7cdddd55f5eda9f8d36149e71 → 200 (108ms, 3656B)
[2026-05-30T06:46:03.696Z] GET https://itexperts-berlin.de/wp-admin/css/login.min.css?ver=7.0 → 200 (108ms, 6639B)
[2026-05-30T06:46:03.696Z] GET https://itexperts-berlin.de/wp-content/plugins/really-simple-ssl/assets/features/two-fa/styles.css?ver=1778186372 → 200 (109ms, 6559B)
[2026-05-30T06:46:03.696Z] GET https://itexperts-berlin.de/wp-includes/js/clipboard.min.js?ver=2.0.11 → 200 (111ms, 9009B)
[2026-05-30T06:46:03.697Z] GET https://itexperts-berlin.de/wp-includes/js/jquery/jquery.min.js?ver=3.7.1 → 200 (146ms, 87553B)
[2026-05-30T06:46:03.697Z] GET https://itexperts-berlin.de/wp-includes/js/jquery/jquery-migrate.min.js?ver=3.4.1 → 200 (112ms, 13577B)
[2026-05-30T06:46:03.697Z] GET https://itexperts-berlin.de/wp-includes/js/zxcvbn-async.min.js?ver=1.0 → 200 (112ms, 351B)
[2026-05-30T06:46:03.697Z] GET https://itexperts-berlin.de/wp-includes/js/dist/hooks.min.js?ver=7496969728ca0f95732d → 200 (113ms, 5015B)
[2026-05-30T06:46:03.697Z] GET https://itexperts-berlin.de/wp-includes/js/dist/i18n.min.js?ver=781d11515ad3d91786ec → 200 (113ms, 5697B)
[2026-05-30T06:46:03.697Z] GET https://itexperts-berlin.de/wp-admin/js/password-strength-meter.min.js?ver=7.0 → 200 (113ms, 1123B)
[2026-05-30T06:46:03.698Z] GET https://itexperts-berlin.de/wp-includes/js/underscore.min.js?ver=1.13.8 → 200 (113ms, 19012B)
[2026-05-30T06:46:03.698Z] GET https://itexperts-berlin.de/wp-includes/js/wp-util.min.js?ver=2822dee7cdddd55f5eda9f8d36149e71 → 200 (113ms, 1431B)
[2026-05-30T06:46:03.698Z] GET https://itexperts-berlin.de/wp-includes/js/dist/dom-ready.min.js?ver=a06281ae5cf5500e9317 → 200 (113ms, 783B)
[2026-05-30T06:46:03.698Z] GET https://itexperts-berlin.de/wp-includes/js/dist/a11y.min.js?ver=af934e5259bc51b8718e → 200 (113ms, 2468B)
[2026-05-30T06:46:03.698Z] GET https://itexperts-berlin.de/wp-admin/js/user-profile.min.js?ver=7.0 → 200 (114ms, 7997B)
[2026-05-30T06:46:03.842Z] GET https://itexperts-berlin.de/wp-admin/images/wordpress-logo-gray.svg?ver=20260303 → 200 (9ms, 1521B)
[2026-05-30T06:46:03.859Z] GET https://itexperts-berlin.de/wp-includes/js/zxcvbn.min.js → 200 (135ms, 822237B)
[2026-05-30T06:46:17.922Z] POST https://itexperts-berlin.de/wp-login.php → pending (?ms, ?B)
[2026-05-30T06:46:18.584Z] GET https://itexperts-berlin.de/wp-includes/css/dashicons.min.css?ver=2822dee7cdddd55f5eda9f8d36149e71 → 200 (?ms, 59004B)
[2026-05-30T06:46:18.584Z] GET https://itexperts-berlin.de/wp-includes/css/buttons.min.css?ver=2822dee7cdddd55f5eda9f8d36149e71 → 200 (?ms, 8152B)
[2026-05-30T06:46:18.584Z] GET https://itexperts-berlin.de/wp-admin/css/forms.min.css?ver=7.0 → 200 (?ms, 30197B)
[2026-05-30T06:46:18.584Z] GET https://itexperts-berlin.de/wp-admin/css/l10n.min.css?ver=7.0 → 200 (1ms, 3200B)
[2026-05-30T06:46:18.585Z] GET https://itexperts-berlin.de/wp-includes/css/dist/base-styles/admin-schemes.min.css?ver=2822dee7cdddd55f5eda9f8d36149e71 → 200 (?ms, 3656B)
[2026-05-30T06:46:18.585Z] GET https://itexperts-berlin.de/wp-admin/css/login.min.css?ver=7.0 → 200 (?ms, 6639B)
[2026-05-30T06:46:18.585Z] GET https://itexperts-berlin.de/wp-content/plugins/really-simple-ssl/assets/features/two-fa/styles.css?ver=1778186372 → 200 (?ms, 6559B)
[2026-05-30T06:46:18.585Z] GET https://itexperts-berlin.de/wp-includes/js/clipboard.min.js?ver=2.0.11 → 200 (?ms, 9009B)
[2026-05-30T06:46:18.585Z] GET https://itexperts-berlin.de/wp-includes/js/jquery/jquery.min.js?ver=3.7.1 → 200 (?ms, 87553B)
[2026-05-30T06:46:18.585Z] GET https://itexperts-berlin.de/wp-includes/js/jquery/jquery-migrate.min.js?ver=3.4.1 → 200 (1ms, 13577B)
[2026-05-30T06:46:18.586Z] GET https://itexperts-berlin.de/wp-includes/js/zxcvbn-async.min.js?ver=1.0 → 200 (?ms, 351B)
[2026-05-30T06:46:18.586Z] GET https://itexperts-berlin.de/wp-includes/js/dist/hooks.min.js?ver=7496969728ca0f95732d → 200 (?ms, 5015B)
[2026-05-30T06:46:18.586Z] GET https://itexperts-berlin.de/wp-includes/js/dist/i18n.min.js?ver=781d11515ad3d91786ec → 200 (?ms, 5697B)
[2026-05-30T06:46:18.586Z] GET https://itexperts-berlin.de/wp-admin/js/password-strength-meter.min.js?ver=7.0 → 200 (1ms, 1123B)
[2026-05-30T06:46:18.587Z] GET https://itexperts-berlin.de/wp-includes/js/underscore.min.js?ver=1.13.8 → 200 (?ms, 19012B)
[2026-05-30T06:46:18.587Z] GET https://itexperts-berlin.de/wp-includes/js/wp-util.min.js?ver=2822dee7cdddd55f5eda9f8d36149e71 → 200 (?ms, 1431B)
[2026-05-30T06:46:18.587Z] GET https://itexperts-berlin.de/wp-includes/js/dist/dom-ready.min.js?ver=a06281ae5cf5500e9317 → 200 (?ms, 783B)
[2026-05-30T06:46:18.587Z] GET https://itexperts-berlin.de/wp-includes/js/dist/a11y.min.js?ver=af934e5259bc51b8718e → 200 (1ms, 2468B)
[2026-05-30T06:46:18.588Z] GET https://itexperts-berlin.de/wp-admin/js/user-profile.min.js?ver=7.0 → 200 (?ms, 7997B)
[2026-05-30T06:46:18.592Z] GET https://itexperts-berlin.de/wp-admin/images/wordpress-logo-gray.svg?ver=20260303 → 200 (?ms, 1521B)
[2026-05-30T06:46:18.594Z] GET https://itexperts-berlin.de/wp-includes/js/zxcvbn.min.js → 200 (?ms, 822237B)
[2026-05-30T06:48:37.682Z] GET https://my.azure.io/ → 302 (369ms, ?B)
[2026-05-30T06:48:38.051Z] GET https://my.azure.io/clientarea.php → 302 (280ms, ?B)
[2026-05-30T06:48:38.331Z] GET https://my.azure.io/index.php?rp=/login → pending (?ms, ?B)
[2026-05-30T06:48:39.086Z] GET https://fonts.googleapis.com/css?family=Karla:400,700|Rubik:300,400,500,700&display=swap&subset=latin-ext → 200 (1ms, 12242B)
[2026-05-30T06:48:39.086Z] GET https://my.azure.io/templates/lagom2/core/styles/depth/assets/css/vars/minified.css?1752124174 → 200 (1ms, 173328B)
[2026-05-30T06:48:39.086Z] GET https://my.azure.io/templates/lagom2/assets/css/theme.css?v=2.3.6 → 200 (2ms, 1180450B)
[2026-05-30T06:48:39.086Z] GET https://my.azure.io/templates/lagom2/core/styles/depth/assets/css/theme-custom.css?v=2.3.6&v1=1.0.0 → 200 (16ms, 331B)
[2026-05-30T06:48:39.086Z] GET https://my.azure.io/templates/lagom2/assets/js/scripts.min.js?v=2.3.6 → 200 (21ms, 678797B)
[2026-05-30T06:48:39.086Z] GET https://my.azure.io/templates/lagom2/assets/js/core.min.js?v=2.3.6 → 200 (21ms, 68257B)
[2026-05-30T06:48:39.086Z] GET https://my.azure.io/modules/addons/azure/assets/js/affiliate.js → 200 (21ms, 2263B)
[2026-05-30T06:48:39.086Z] GET https://my.azure.io/templates/lagom2/core/styles/depth/assets/js/theme-custom.js?v=1.0.0 → 200 (21ms, 937B)
[2026-05-30T06:48:39.087Z] GET https://my.azure.io/templates/lagom2/core/extensions/ClientNotifications/assets/css/client-notifications.css → 200 (16ms, 26860B)
[2026-05-30T06:48:39.087Z] GET https://my.azure.io/assets/css/fontawesome-all.min.css → 200 (16ms, 156472B)
[2026-05-30T06:48:39.087Z] GET https://my.azure.io/templates/lagom2/assets/img/logo/logo_big_inverse.1835843558.png → 200 (16ms, 27941B)
[2026-05-30T06:48:39.087Z] GET https://my.azure.io/templates/lagom2/core/extensions/ClientNotifications/assets/js/client-notifications.js → 200 (85ms, 1048615B)
[2026-05-30T06:48:39.087Z] GET https://my.azure.io/templates/lagom2/assets/js/vendor.js?v=2.3.6 → 200 (20ms, 301980B)
[2026-05-30T06:48:39.087Z] GET https://my.azure.io/templates/lagom2/assets/js/lagom-app.js?v=2.3.6 → 200 (31ms, 97229B)
[2026-05-30T06:48:39.087Z] GET https://my.azure.io/templates/lagom2/assets/js/whmcs-custom.min.js?v=2.3.6 → 200 (31ms, 10381B)
[2026-05-30T06:48:39.088Z] GET https://fonts.googleapis.com/css?family=Roboto:300,400,500,700,900&display=swap → 200 (15ms, 28190B)
[2026-05-30T06:48:39.102Z] GET https://my.azure.io/templates/lagom2/core/styles/depth/assets/css/azure.css → 200 (1ms, 21291B)
[2026-05-30T06:48:39.102Z] GET https://my.azure.io/templates/lagom2/core/styles/depth/assets/css/refer-a-friend.css → 200 (1ms, 52839B)
[2026-05-30T06:48:39.102Z] GET https://my.azure.io/templates/lagom2/core/styles/depth/assets/css/order-wizard-progressbar.css → 200 (3ms, 2533B)
[2026-05-30T06:48:39.102Z] GET https://my.azure.io/templates/lagom2/core/styles/depth/assets/css/order-wizard-packages.css → 200 (3ms, 1182B)
[2026-05-30T06:48:39.102Z] GET https://my.azure.io/templates/lagom2/core/styles/depth/assets/css/order-wizard-domain-selection.css → 200 (3ms, 4809B)
[2026-05-30T06:48:39.102Z] GET https://my.azure.io/templates/lagom2/core/styles/depth/assets/css/order-wizard-product-configuration.css → 200 (4ms, 4687B)
[2026-05-30T06:48:39.102Z] GET https://my.azure.io/templates/lagom2/core/styles/depth/assets/css/order-wizard-configure-domains.css → 200 (4ms, 2079B)
[2026-05-30T06:48:39.102Z] GET https://my.azure.io/templates/lagom2/core/styles/depth/assets/css/order-wizard-finalize.css → 200 (4ms, 3372B)
[2026-05-30T06:48:39.103Z] GET https://my.azure.io/templates/lagom2/core/styles/depth/assets/css/zendesk.css → 200 (3ms, 81B)
[2026-05-30T06:48:39.163Z] GET https://sgtm.azure.io/22nljgkhruc.js?8=aWQ9R1RNLVdRVktKNVhO&sort=desc → 200 (18ms, 604748B)
[2026-05-30T06:48:39.225Z] GET https://fonts.gstatic.com/s/rubik/v31/iJWKBXyIfDnIV7nBrXyw023e.woff2 → 200 (?ms, 35324B)
[2026-05-30T06:48:39.225Z] GET https://fonts.gstatic.com/s/karla/v33/qkB9XvYC6trAT55ZBi1ueQVIjQTD-JrIH2G7nytkHRyQ8p4wUje6bmMorHA.woff2 → 200 (?ms, 24264B)
[2026-05-30T06:48:39.225Z] GET https://my.azure.io/templates/lagom2/assets/fonts/lagom-medium-icons.woff?v5wga3 → 200 (?ms, 18512B)
[2026-05-30T06:48:39.225Z] GET https://fonts.gstatic.com/s/roboto/v51/KFO7CnqEu92Fr1ME7kSn66aGLdTylUAMa3yUBHMdazQ.woff2 → 200 (?ms, 37520B)
[2026-05-30T06:48:39.225Z] GET https://my.azure.io/templates/lagom2/assets/fonts/lagom-small-icons.woff?7yz00b → 200 (?ms, 16448B)
[2026-05-30T06:48:39.284Z] GET https://sgtm.azure.io/gtag/js?id=G-456PJ82D2P&cx=c&gtm=4e65s0h2 → 200 (6ms, 553015B)
[2026-05-30T06:48:39.284Z] GET https://affiliates.azure.eu/scripts/3j3huk3 → 200 (6ms, 16684B)
[2026-05-30T06:48:39.284Z] POST https://www.google.com/ccm/collect?rcb=12&frm=0&ae=g&auid=1115066569.1780123463&dt=Login%20-%20Azure&en=page_view&dl=https%3A%2F%2Fmy.azure.io%2Findex.php&scrsrc=sgtm.azure.io&rnd=1655101902.1780123719&navt=n&npa=1&ep.ads_data_redaction=0&gtm=45Fe65s0h2v9176723357za204zd9176723357xea&gcd=13l3l3l2l1l1&dma_cps=a&dma=1&tag_exp=0~115616985~115938466~115938469~116701382~118131809~119034493&apve=1&apvf=f&gap.gtb=2&apvc=1&tft=1780123719283&tfd=1601 → 200 (54ms, ?B)
[2026-05-30T06:48:39.330Z] GET https://sgtm.azure.io/g/collect?v=2&tid=G-456PJ82D2P&gtm=45he65s0h2v873723204z89176723357za20kzb9176723357zd9176723357&_p=1780123719159&gcd=13l3l3l2l1l1&npa=1&dma_cps=a&dma=1&ecid=1148866984&_eu=EAAAAGQ&are=1&cid=1632775656.1780123463&ec_mode=a&frm=0&ir=1&pscdl=noapi&rcb=0&sr=1280x720&uaa=arm&uab=64&uafvl=Not%253AA-Brand%3B99.0.0.0%7CHeadlessChrome%3B145.0.7632.6%7CChromium%3B145.0.7632.6&uam=&uamb=0&uap=macOS&uapv=26.4.1&uaw=0&ul=en-us&ur=DE&sst.etld=google.de&sst.gcsub=region1&sst.tft=1780123719159&sst.lpc=179838392&sst.navt=n&sst.ude=1&sst.sw_exp=1&gaf=2&_s=1&tag_exp=0~115938466~115938468~118128923~119027222~119034491&sid=1780123462&sct=1&seg=1&dl=https%3A%2F%2Fmy.azure.io%2Findex.php%3Frp%3D%2Flogin&dt=Login%20-%20Azure&_tu=BA&en=page_view&gap.gtb=2&ep.Affiliate_id=&ep.content_group=ENG%20site&ep.anonymize_ip=true&ep.transport_type=beacon&ep.custom_2=%2Findex.php%3Frp%3D%2Flogin&ep.affiliate_event_id=&ep.url_passthrough=true&ep.user_data.email=info%40azure.io&tfd=1629&richsstsse → 200 (68ms, ?B)
[2026-05-30T06:48:39.330Z] GET https://affiliates.azure.eu/scripts/3r3huk3?visitorId=Q7GN4nlC9tgqW2ixW8X9a054o0coa2uB&accountId=default1&tracking=1&url=S_my.azure.io%2Findex.php&referrer=&isInIframe=false&getParams=%3Frp%3D%2Flogin&anchor= → 200 (103ms, 19B)
[2026-05-30T06:48:39.337Z] GET https://sgtm.azure.io/_/service_worker/65d0/sw_iframe.html?origin=https%3A%2F%2Fmy.azure.io&1p=1 → 200 (?ms, 3529B)
[2026-05-30T06:48:39.399Z] GET https://region1.analytics.google.com/g/s/collect?dma=1&dma_cps=a&npa=1&gcd=13l3l3l2l1l1&gtm=45h91e65r0h1v873723204z89176723357z99176724746za20kzb9176723357zd9176723357&tag_exp=0~115938466~115938468~117215455~117215455~117215456~117215456~117384417~117384417~118128923~119027222~119034491&_is_sw=f15s0t2&_tu=BA&gap.gtb=2&_gsid=456PJ82D2Pkc8S_JO5RmAZ-2UtZmd_DQ → pending (?ms, ?B)
[2026-05-30T06:48:39.399Z] GET https://www.google.de/ads/ga-audiences?v=1&t=sr&slf_rd=1&_r=4&dma=1&dma_cps=a&npa=1&gcd=13l3l3l2l1l1&tid=G-456PJ82D2P&cid=1632775656.1780123463&gtm=45h91e65r0h1v873723204z89176723357z99176724746za20kzb9176723357zd9176723357&tag_exp=0~115938466~115938468~117215455~117215455~117215456~117215456~117384417~117384417~118128923~119027222~119034491&_is_sw=f15s0t2&_tu=BA&gap.gtb=2&aip=1&z=1836408980 → pending (?ms, ?B)
[2026-05-30T06:48:39.399Z] GET https://sgtm.azure.io/_/set_cookie?val=SbyCo0e36BdvjKLZcRAtfzIGcld3o%2FlqxBZMrozn7zEAmBUi%2BR01FwENI918%2BW0eUCytN2KVWZ%2FIC89NIyNFaP8z87liEXn5pcfwTLWssJoJTVV56BopnA%2BbSuwCApwkdlHdj6V31TkqXmxXoFWvzMDjLtGWBJjzZMf%2BHp%2FIr0bQV9jlMWmPZMBJeOq0%2F0I%3D&path=%2F → 200 (36ms, ?B)
[2026-05-30T06:48:39.684Z] GET https://widget.trustpilot.com/bootstrap/v5/tp.widget.bootstrap.min.js → 200 (2ms, 24915B)
[2026-05-30T06:48:55.184Z] POST https://my.azure.io/index.php?rp=/login → pending (?ms, ?B)
[2026-05-30T06:48:55.469Z] GET https://my.azure.io/index.php?rp=/login/challenge → 200 (388ms, 19804B)
[2026-05-30T06:48:55.863Z] POST https://sgtm.azure.io/g/collect?v=2&tid=G-456PJ82D2P&gtm=45he65s0h2v873723204za20kzb9176723357zd9176723357&_p=1780123719159&gcd=13l3l3l2l1l1&npa=1&dma_cps=a&dma=1&ecid=1148866984&_eu=EAAAAGQ&are=1&cid=1632775656.1780123463&frm=0&ir=1&pscdl=noapi&rcb=0&sr=1280x720&uaa=arm&uab=64&uafvl=Not%253AA-Brand%3B99.0.0.0%7CHeadlessChrome%3B145.0.7632.6%7CChromium%3B145.0.7632.6&uam=&uamb=0&uap=macOS&uapv=26.4.1&uaw=0&ul=en-us&ur=DE&sst.etld=google.de&sst.gcsub=region1&sst.tft=1780123719159&sst.lpc=179838392&sst.navt=n&sst.ude=1&sst.sw_exp=1&gaf=2&_s=2&tag_exp=0~115938466~115938468~118128923~119027222~119034491&sid=1780123462&sct=1&seg=1&dl=https%3A%2F%2Fmy.azure.io%2Findex.php%3Frp%3D%2Flogin&dt=Login%20-%20Azure&_tu=BA&en=user_engagement&gap.gtb=2&ep.Affiliate_id=&ep.content_group=ENG%20site&ep.anonymize_ip=true&ep.transport_type=beacon&ep.custom_2=%2Findex.php%3Frp%3D%2Flogin&ep.affiliate_event_id=&ep.url_passthrough=true&_et=16547&tfd=18179 → pending (?ms, ?B)
[2026-05-30T06:48:55.865Z] GET https://fonts.googleapis.com/css?family=Karla:400,700|Rubik:300,400,500,700&display=swap&subset=latin-ext → 200 (1ms, 12242B)
[2026-05-30T06:48:55.866Z] GET https://my.azure.io/templates/lagom2/core/styles/depth/assets/css/vars/minified.css?1752124174 → 200 (?ms, 173328B)
[2026-05-30T06:48:55.866Z] GET https://my.azure.io/templates/lagom2/assets/css/theme.css?v=2.3.6 → 200 (?ms, 1180450B)
[2026-05-30T06:48:55.866Z] GET https://my.azure.io/templates/lagom2/core/styles/depth/assets/css/theme-custom.css?v=2.3.6&v1=1.0.0 → 200 (?ms, 331B)
[2026-05-30T06:48:55.866Z] GET https://my.azure.io/templates/lagom2/assets/js/scripts.min.js?v=2.3.6 → 200 (1ms, 678797B)
[2026-05-30T06:48:55.867Z] GET https://my.azure.io/templates/lagom2/assets/js/core.min.js?v=2.3.6 → 200 (?ms, 68257B)
[2026-05-30T06:48:55.867Z] GET https://my.azure.io/modules/addons/azure/assets/js/affiliate.js → 200 (?ms, 2263B)
[2026-05-30T06:48:55.867Z] GET https://my.azure.io/templates/lagom2/core/styles/depth/assets/js/theme-custom.js?v=1.0.0 → 200 (?ms, 937B)
[2026-05-30T06:48:55.867Z] GET https://my.azure.io/templates/lagom2/core/extensions/ClientNotifications/assets/css/client-notifications.css → 200 (1ms, 26860B)
[2026-05-30T06:48:55.868Z] GET https://my.azure.io/assets/css/fontawesome-all.min.css → 200 (?ms, 156472B)
[2026-05-30T06:48:55.868Z] GET https://my.azure.io/templates/lagom2/core/extensions/ClientNotifications/assets/js/client-notifications.js → 200 (?ms, 1048615B)
[2026-05-30T06:48:55.868Z] GET https://my.azure.io/templates/lagom2/assets/js/vendor.js?v=2.3.6 → 200 (?ms, 301980B)
[2026-05-30T06:48:55.869Z] GET https://my.azure.io/templates/lagom2/assets/js/lagom-app.js?v=2.3.6 → 200 (?ms, 97229B)
[2026-05-30T06:48:55.869Z] GET https://my.azure.io/templates/lagom2/assets/js/whmcs-custom.min.js?v=2.3.6 → 200 (?ms, 10381B)
[2026-05-30T06:48:55.882Z] GET https://fonts.googleapis.com/css?family=Roboto:300,400,500,700,900&display=swap → 200 (?ms, 28190B)
[2026-05-30T06:48:55.882Z] GET https://my.azure.io/templates/lagom2/core/styles/depth/assets/css/azure.css → 200 (?ms, 21291B)
[2026-05-30T06:48:55.882Z] GET https://my.azure.io/templates/lagom2/core/styles/depth/assets/css/refer-a-friend.css → 200 (?ms, 52839B)
[2026-05-30T06:48:55.883Z] GET https://my.azure.io/templates/lagom2/core/styles/depth/assets/css/order-wizard-progressbar.css → 200 (?ms, 2533B)
[2026-05-30T06:48:55.883Z] GET https://my.azure.io/templates/lagom2/core/styles/depth/assets/css/order-wizard-packages.css → 200 (?ms, 1182B)
[2026-05-30T06:48:55.883Z] GET https://my.azure.io/templates/lagom2/core/styles/depth/assets/css/order-wizard-domain-selection.css → 200 (?ms, 4809B)
[2026-05-30T06:48:55.883Z] GET https://my.azure.io/templates/lagom2/core/styles/depth/assets/css/order-wizard-product-configuration.css → 200 (?ms, 4687B)
[2026-05-30T06:48:55.884Z] GET https://my.azure.io/templates/lagom2/core/styles/depth/assets/css/order-wizard-configure-domains.css → 200 (?ms, 2079B)
[2026-05-30T06:48:55.884Z] GET https://my.azure.io/templates/lagom2/core/styles/depth/assets/css/order-wizard-finalize.css → 200 (?ms, 3372B)
[2026-05-30T06:48:55.884Z] GET https://my.azure.io/templates/lagom2/core/styles/depth/assets/css/zendesk.css → 200 (?ms, 81B)
[2026-05-30T06:48:55.884Z] GET https://sgtm.azure.io/22nljgkhruc.js?8=aWQ9R1RNLVdRVktKNVhO&sort=desc → 200 (?ms, 604748B)
[2026-05-30T06:48:55.895Z] GET https://fonts.gstatic.com/s/karla/v33/qkB9XvYC6trAT55ZBi1ueQVIjQTD-JrIH2G7nytkHRyQ8p4wUje6bmMorHA.woff2 → 200 (?ms, ?B)
[2026-05-30T06:48:55.895Z] GET https://fonts.gstatic.com/s/rubik/v31/iJWKBXyIfDnIV7nBrXyw023e.woff2 → 200 (?ms, ?B)
[2026-05-30T06:48:55.896Z] GET https://fonts.gstatic.com/s/roboto/v51/KFO7CnqEu92Fr1ME7kSn66aGLdTylUAMa3yUBHMdazQ.woff2 → 200 (?ms, ?B)
[2026-05-30T06:48:55.896Z] GET https://my.azure.io/templates/lagom2/assets/fonts/lagom-medium-icons.woff?v5wga3 → 200 (?ms, ?B)
[2026-05-30T06:48:55.896Z] GET https://my.azure.io/templates/lagom2/assets/fonts/lagom-small-icons.woff?7yz00b → 200 (?ms, ?B)
[2026-05-30T06:48:55.989Z] GET https://sgtm.azure.io/gtag/js?id=G-456PJ82D2P&cx=c&gtm=4e65s0h2 → 200 (?ms, 553015B)
[2026-05-30T06:48:55.989Z] GET https://affiliates.azure.eu/scripts/3j3huk3 → 200 (?ms, 16684B)
[2026-05-30T06:48:55.989Z] POST https://www.google.com/ccm/collect?rcb=16&frm=0&ae=g&auid=1115066569.1780123463&dt=Kundenlogin%20-%20Azure&en=page_view&dr=my.azure.io&dl=https%3A%2F%2Fmy.azure.io%2Findex.php&scrsrc=sgtm.azure.io&rnd=1051151819.1780123736&navt=n&npa=1&ep.ads_data_redaction=0&gtm=45Fe65s0h2v9176723357za204zd9176723357xea&gcd=13l3l3l2l1l1&dma_cps=a&dma=1&tag_exp=0~115938466~115938468~116701382~118131809~119034493&apve=1&apvf=f&gap.gtb=2&apvc=1&tft=1780123735988&tfd=806 → 200 (35ms, ?B)
[2026-05-30T06:48:55.991Z] GET https://widget.trustpilot.com/bootstrap/v5/tp.widget.bootstrap.min.js → 200 (?ms, 24915B)
[2026-05-30T06:48:56.010Z] GET https://sgtm.azure.io/g/collect?v=2&tid=G-456PJ82D2P&gtm=45he65s0h2v873723204z89176723357za20kzb9176723357zd9176723357&_p=1780123735881&gcd=13l3l3l2l1l1&npa=1&dma_cps=a&dma=1&ecid=1148866984&_eu=EAAAAGQ&are=1&cid=1632775656.1780123463&ec_mode=a&frm=0&ir=1&pscdl=noapi&rcb=4&sr=1280x720&uaa=arm&uab=64&uafvl=Not%253AA-Brand%3B99.0.0.0%7CHeadlessChrome%3B145.0.7632.6%7CChromium%3B145.0.7632.6&uam=&uamb=0&uap=macOS&uapv=26.4.1&uaw=0&ul=en-us&ur=DE&sst.etld=google.de&sst.gcsub=region1&sst.tft=1780123735881&sst.lpc=179838392&sst.navt=n&sst.ude=1&sst.sw_exp=1&gaf=2&_s=1&tag_exp=0~115938466~115938468~118128922~119027223~119034493&sid=1780123462&sct=1&seg=1&dl=https%3A%2F%2Fmy.azure.io%2Findex.php%3Frp%3D%2Flogin%2Fchallenge&dr=https%3A%2F%2Fmy.azure.io%2Findex.php%3Frp%3D%2Flogin&dt=Kundenlogin%20-%20Azure&_tu=BA&en=page_view&gap.gtb=2&ep.Affiliate_id=&ep.content_group=ENG%20site&ep.anonymize_ip=true&ep.transport_type=beacon&ep.custom_2=%2Findex.php%3Frp%3D%2Flogin%2Fchallenge&ep.affiliate_event_id=&ep.url_passthrough=true&ep.user_data.email=info%40azure.io&tfd=819&richsstsse → 200 (44ms, 785B)
[2026-05-30T06:48:56.016Z] GET https://sgtm.azure.io/g/collect?v=2&tid=G-456PJ82D2P&gtm=45he65s0h2v873723204za20kzb9176723357zd9176723357&_p=1780123735881&gcd=13l3l3l2l1l1&npa=1&dma_cps=a&dma=1&ecid=1148866984&_eu=EEAAAGQ&ae=a&are=1&cid=1632775656.1780123463&frm=0&ir=1&pscdl=noapi&rcb=4&sr=1280x720&uaa=arm&uab=64&uafvl=Not%253AA-Brand%3B99.0.0.0%7CHeadlessChrome%3B145.0.7632.6%7CChromium%3B145.0.7632.6&uam=&uamb=0&uap=macOS&uapv=26.4.1&uaw=0&ul=en-us&ur=DE&sst.etld=google.de&sst.gcsub=region1&sst.tft=1780123735881&sst.sp=1&sst.em_event=1&sst.lpc=179838392&sst.navt=n&sst.ude=1&sst.sw_exp=1&gaf=2&_s=2&tag_exp=0~115938466~115938468~118128922~119027223~119034493&sid=1780123462&sct=1&seg=1&dl=https%3A%2F%2Fmy.azure.io%2Findex.php%3Frp%3D%2Flogin%2Fchallenge&dr=https%3A%2F%2Fmy.azure.io%2Findex.php%3Frp%3D%2Flogin&dt=Kundenlogin%20-%20Azure&_tu=BA&en=scroll&gap.gtb=2&ep.Affiliate_id=&ep.content_group=ENG%20site&ep.anonymize_ip=true&ep.transport_type=beacon&ep.custom_2=%2Findex.php%3Frp%3D%2Flogin%2Fchallenge&ep.affiliate_event_id=&ep.url_passthrough=true&epn.percent_scrolled=90&_et=12&tfd=833&richsstsse → 200 (63ms, 759B)
[2026-05-30T06:48:56.017Z] GET https://affiliates.azure.eu/scripts/3r3huk3?visitorId=Q7GN4nlC9tgqW2ixW8X9a054o0coa2uB&accountId=default1&tracking=1&url=S_my.azure.io%2Findex.php&referrer=S_my.azure.io%2Findex.php%3Frp%3D%2Flogin&isInIframe=false&getParams=%3Frp%3D%2Flogin%2Fchallenge&anchor= → 200 (34ms, 19B)
[2026-05-30T06:48:56.023Z] GET https://sgtm.azure.io/_/service_worker/65d0/sw_iframe.html?origin=https%3A%2F%2Fmy.azure.io&1p=1 → 200 (1ms, 3529B)
[2026-05-30T06:48:56.055Z] GET https://www.google.de/ads/ga-audiences?v=1&t=sr&slf_rd=1&_r=4&dma=1&dma_cps=a&npa=1&gcd=13l3l3l2l1l1&tid=G-456PJ82D2P&cid=1632775656.1780123463&gtm=45h91e65r0v873723204z89176723357z99176724746za20kzb9176723357zd9176723357&tag_exp=0~115938466~115938468~117215459~117215459~117384418~117384418~118128922~119027223~119034493&_is_sw=f15s0te&_tu=BA&gap.gtb=2&aip=1&z=1768770129 → 200 (200ms, 42B)
[2026-05-30T06:48:56.055Z] GET https://sgtm.azure.io/_/set_cookie?val=DQYu1z8YWy9YZRujXZeebcfWOdBaMp22QsJbxlRb0sftBXSl6JLWpuwggLncV6x%2B4ziRngg0WXib8RZSgRcjruUlJhckStl2y0ZzfqrCtQVY5FKWVdmuViHU1HA4RUoSI3%2BDlOVTV%2Ft92VcjG6GikpkP5Ngb3IK8VlR%2FKBEfdt2qRgySKaWz1Df4TipxTzQ%3D&path=%2F → 200 (35ms, ?B)
[2026-05-30T06:48:56.080Z] GET https://www.google.de/ads/ga-audiences?v=1&t=sr&slf_rd=1&_r=4&dma=1&dma_cps=a&npa=1&gcd=13l3l3l2l1l1&tid=G-456PJ82D2P&cid=1632775656.1780123463&gtm=45h91e65r0v873723204z99176724746za20kzb9176723357zd9176723357&tag_exp=0~115938466~115938468~117384418~117384418~118128922~119027223~119034493&_is_sw=f15s0t14&_tu=BA&gap.gtb=2&aip=1&z=1920250194 → 200 (191ms, 42B)
[2026-05-30T06:48:56.080Z] GET https://sgtm.azure.io/_/set_cookie?val=ylO1tymkbNQ9gMABxuS5gJwNltz533mCOnVx%2FDBJVx8RQjIe%2Bw6UKCkHOAiKfkwv%2FcXlr1iCqIcvv5fazm%2FOkrXevjhXETSgWsfxowDqr6%2BzmuknCboPa%2BjiV8yVM6QtXQBNJsc5AhfUleYgmf%2FJDBljj5aY8nZmg2Ix7kwUf9cfcyW0EwfMiju8ATIbQwk%3D&path=%2F → 200 (35ms, ?B)
[2026-05-30T06:49:05.122Z] POST https://my.azure.io/index.php?rp=/login/challenge/verify → 302 (291ms, ?B)
[2026-05-30T06:49:05.413Z] GET https://my.azure.io/clientarea.php → pending (?ms, ?B)
[2026-05-30T06:49:08.267Z] POST https://sgtm.azure.io/g/collect?v=2&tid=G-456PJ82D2P&gtm=45he65s0h2v873723204za20kzb9176723357zd9176723357&_p=1780123735881&gcd=13l3l3l2l1l1&npa=1&dma_cps=a&dma=1&ecid=1148866984&_eu=EAAAAGQ&are=1&cid=1632775656.1780123463&frm=0&ir=1&pscdl=noapi&rcb=4&sr=1280x720&uaa=arm&uab=64&uafvl=Not%253AA-Brand%3B99.0.0.0%7CHeadlessChrome%3B145.0.7632.6%7CChromium%3B145.0.7632.6&uam=&uamb=0&uap=macOS&uapv=26.4.1&uaw=0&ul=en-us&ur=DE&sst.etld=google.de&sst.gcsub=region1&sst.tft=1780123735881&sst.lpc=179838392&sst.navt=n&sst.ude=1&sst.sw_exp=1&gaf=2&_s=3&tag_exp=0~115938466~115938468~118128922~119027223~119034493&sid=1780123462&sct=1&seg=1&dl=https%3A%2F%2Fmy.azure.io%2Findex.php%3Frp%3D%2Flogin%2Fchallenge&dr=https%3A%2F%2Fmy.azure.io%2Findex.php%3Frp%3D%2Flogin&dt=Kundenlogin%20-%20Azure&_tu=BA&en=user_engagement&gap.gtb=2&ep.Affiliate_id=&ep.content_group=ENG%20site&ep.anonymize_ip=true&ep.transport_type=beacon&ep.custom_2=%2Findex.php%3Frp%3D%2Flogin%2Fchallenge&ep.affiliate_event_id=&ep.url_passthrough=true&_et=12247&tfd=13084 → pending (?ms, ?B)
[2026-05-30T06:49:08.269Z] GET https://fonts.googleapis.com/css?family=Karla:400,700|Rubik:300,400,500,700&display=swap&subset=latin-ext → 200 (?ms, 12242B)
[2026-05-30T06:49:08.269Z] GET https://my.azure.io/templates/lagom2/core/styles/depth/assets/css/vars/minified.css?1752124174 → 200 (?ms, 173328B)
[2026-05-30T06:49:08.269Z] GET https://my.azure.io/templates/lagom2/assets/css/theme.css?v=2.3.6 → 200 (?ms, 1180450B)
[2026-05-30T06:49:08.269Z] GET https://my.azure.io/templates/lagom2/core/styles/depth/assets/css/theme-custom.css?v=2.3.6&v1=1.0.0 → 200 (?ms, 331B)
[2026-05-30T06:49:08.269Z] GET https://my.azure.io/templates/lagom2/assets/js/scripts.min.js?v=2.3.6 → 200 (1ms, 678797B)
[2026-05-30T06:49:08.270Z] GET https://my.azure.io/templates/lagom2/assets/js/core.min.js?v=2.3.6 → 200 (?ms, 68257B)
[2026-05-30T06:49:08.270Z] GET https://my.azure.io/modules/addons/azure/assets/js/affiliate.js → 200 (?ms, 2263B)
[2026-05-30T06:49:08.270Z] GET https://my.azure.io/templates/lagom2/core/styles/depth/assets/js/theme-custom.js?v=1.0.0 → 200 (?ms, 937B)
[2026-05-30T06:49:08.270Z] GET https://my.azure.io/templates/lagom2/core/extensions/ClientNotifications/assets/css/client-notifications.css → 200 (?ms, 26860B)
[2026-05-30T06:49:08.270Z] GET https://my.azure.io/assets/css/fontawesome-all.min.css → 200 (?ms, 156472B)
[2026-05-30T06:49:08.270Z] GET https://static.zdassets.com/ekr/snippet.js?key=a4bec7fa-5553-40c6-ac38-ddcbcad232fb → pending (?ms, ?B)
[2026-05-30T06:49:08.270Z] GET https://my.azure.io/templates/lagom2/assets/img/logo/logo_big_inverse.1835843558.png → 200 (1ms, 27941B)
[2026-05-30T06:49:08.271Z] GET https://my.azure.io/templates/lagom2/assets/img/logo/logo_big.520519273.png → 200 (51ms, 57295B)
[2026-05-30T06:49:08.271Z] GET https://my.azure.io/modules/addons/ReferFriend/resources/refer-a-friend.js → 200 (84ms, 2602B)
[2026-05-30T06:49:08.271Z] GET https://my.azure.io/templates/lagom2/core/extensions/ClientNotifications/assets/js/client-notifications.js → 200 (?ms, 1048615B)
[2026-05-30T06:49:08.271Z] GET https://my.azure.io/templates/lagom2/assets/js/vendor.js?v=2.3.6 → 200 (?ms, 301980B)
[2026-05-30T06:49:08.271Z] GET https://my.azure.io/templates/lagom2/assets/js/lagom-app.js?v=2.3.6 → 200 (?ms, 97229B)
[2026-05-30T06:49:08.271Z] GET https://my.azure.io/templates/lagom2/assets/js/whmcs-custom.min.js?v=2.3.6 → 200 (?ms, 10381B)
[2026-05-30T06:49:08.275Z] GET https://fonts.googleapis.com/css?family=Roboto:300,400,500,700,900&display=swap → 200 (?ms, 28190B)
[2026-05-30T06:49:08.275Z] GET https://my.azure.io/templates/lagom2/core/styles/depth/assets/css/azure.css → 200 (?ms, 21291B)
[2026-05-30T06:49:08.275Z] GET https://my.azure.io/templates/lagom2/core/styles/depth/assets/css/refer-a-friend.css → 200 (?ms, 52839B)
[2026-05-30T06:49:08.275Z] GET https://my.azure.io/templates/lagom2/core/styles/depth/assets/css/order-wizard-progressbar.css → 200 (?ms, 2533B)
[2026-05-30T06:49:08.275Z] GET https://my.azure.io/templates/lagom2/core/styles/depth/assets/css/order-wizard-packages.css → 200 (1ms, 1182B)
[2026-05-30T06:49:08.276Z] GET https://my.azure.io/templates/lagom2/core/styles/depth/assets/css/order-wizard-domain-selection.css → 200 (?ms, 4809B)
[2026-05-30T06:49:08.276Z] GET https://my.azure.io/templates/lagom2/core/styles/depth/assets/css/order-wizard-product-configuration.css → 200 (?ms, 4687B)
[2026-05-30T06:49:08.276Z] GET https://my.azure.io/templates/lagom2/core/styles/depth/assets/css/order-wizard-configure-domains.css → 200 (?ms, 2079B)
[2026-05-30T06:49:08.276Z] GET https://my.azure.io/templates/lagom2/core/styles/depth/assets/css/order-wizard-finalize.css → 200 (?ms, 3372B)
[2026-05-30T06:49:08.276Z] GET https://my.azure.io/templates/lagom2/core/styles/depth/assets/css/zendesk.css → 200 (?ms, 81B)
[2026-05-30T06:49:08.276Z] GET https://sgtm.azure.io/22nljgkhruc.js?8=aWQ9R1RNLVdRVktKNVhO&sort=desc → 200 (1ms, 604748B)
[2026-05-30T06:49:08.346Z] GET https://fonts.gstatic.com/s/karla/v33/qkB9XvYC6trAT55ZBi1ueQVIjQTD-JrIH2G7nytkHRyQ8p4wUje6bmMorHA.woff2 → 200 (?ms, ?B)
[2026-05-30T06:49:08.346Z] GET https://fonts.gstatic.com/s/rubik/v31/iJWKBXyIfDnIV7nBrXyw023e.woff2 → 200 (?ms, ?B)
[2026-05-30T06:49:08.346Z] GET https://fonts.gstatic.com/s/roboto/v51/KFO7CnqEu92Fr1ME7kSn66aGLdTylUAMa3yUBHMdazQ.woff2 → 200 (?ms, ?B)
[2026-05-30T06:49:08.346Z] GET https://my.azure.io/templates/lagom2/assets/fonts/lagom-medium-icons.woff?v5wga3 → 200 (?ms, ?B)
[2026-05-30T06:49:08.346Z] GET https://my.azure.io/templates/lagom2/assets/fonts/lagom-small-icons.woff?7yz00b → 200 (?ms, ?B)
[2026-05-30T06:49:08.354Z] GET https://sgtm.azure.io/gtag/js?id=G-456PJ82D2P&cx=c&gtm=4e65s0h2 → 200 (?ms, 553015B)
[2026-05-30T06:49:08.354Z] GET https://affiliates.azure.eu/scripts/3j3huk3 → 200 (?ms, 16684B)
[2026-05-30T06:49:08.355Z] POST https://www.google.com/ccm/collect?rcb=12&frm=0&ae=g&auid=1115066569.1780123463&dt=My%20Azure%20-%20Azure&en=page_view&dr=my.azure.io&dl=https%3A%2F%2Fmy.azure.io%2Fclientarea.php&scrsrc=sgtm.azure.io&rnd=786634987.1780123748&navt=n&npa=1&ep.ads_data_redaction=0&gtm=45Fe65s0h2v9176723357za204zd9176723357xea&gcd=13l3l3l2l1l1&dma_cps=a&dma=1&tag_exp=0~115616986~115938466~115938468~116701382~118131809~118228215~119034493~119064971&apve=1&apvf=f&gap.gtb=2&apvc=1&tft=1780123748353&tfd=3231 → 200 (90ms, ?B)
[2026-05-30T06:49:08.365Z] GET https://sgtm.azure.io/g/collect?v=2&tid=G-456PJ82D2P&gtm=45he65s0h2v873723204z89176723357za20kzb9176723357zd9176723357&_p=1780123748274&gcd=13l3l3l2l1l1&npa=1&dma_cps=a&dma=1&ecid=1148866984&_eu=EAAAAGQ&are=1&cid=1632775656.1780123463&ec_mode=a&frm=0&ir=1&pscdl=noapi&rcb=5&sr=1280x720&uaa=arm&uab=64&uafvl=Not%253AA-Brand%3B99.0.0.0%7CHeadlessChrome%3B145.0.7632.6%7CChromium%3B145.0.7632.6&uam=&uamb=0&uap=macOS&uapv=26.4.1&uaw=0&ul=en-us&ur=DE&sst.etld=google.de&sst.gcsub=region1&sst.tft=1780123748274&sst.lpc=13155627&sst.navt=n&sst.ude=1&sst.sw_exp=1&gaf=2&_s=1&tag_exp=0~115938466~115938468~119034491&sid=1780123462&sct=1&seg=1&dl=https%3A%2F%2Fmy.azure.io%2Fclientarea.php&dr=https%3A%2F%2Fmy.azure.io%2Findex.php%3Frp%3D%2Flogin%2Fchallenge&dt=My%20Azure%20-%20Azure&_tu=BA&en=page_view&gap.gtb=2&ep.Affiliate_id=&ep.content_group=ENG%20site&ep.anonymize_ip=true&ep.transport_type=beacon&ep.custom_2=%2Fclientarea.php&ep.affiliate_event_id=&ep.url_passthrough=true&ep.user_data.email=info%40azure.io&tfd=3242&richsstsse → 200 (84ms, ?B)
[2026-05-30T06:49:08.369Z] GET https://sgtm.azure.io/g/collect?v=2&tid=G-456PJ82D2P&gtm=45he65s0h2v873723204za20kzb9176723357zd9176723357&_p=1780123748274&gcd=13l3l3l2l1l1&npa=1&dma_cps=a&dma=1&ecid=1148866984&_eu=EEAAAGQ&ae=a&are=1&cid=1632775656.1780123463&frm=0&ir=1&pscdl=noapi&rcb=5&sr=1280x720&uaa=arm&uab=64&uafvl=Not%253AA-Brand%3B99.0.0.0%7CHeadlessChrome%3B145.0.7632.6%7CChromium%3B145.0.7632.6&uam=&uamb=0&uap=macOS&uapv=26.4.1&uaw=0&ul=en-us&ur=DE&sst.etld=google.de&sst.gcsub=region1&sst.tft=1780123748274&sst.sp=1&sst.em_event=1&sst.lpc=13155627&sst.navt=n&sst.ude=1&sst.sw_exp=1&gaf=2&_s=2&tag_exp=0~115938466~115938468~119034491&sid=1780123462&sct=1&seg=1&dl=https%3A%2F%2Fmy.azure.io%2Fclientarea.php&dr=https%3A%2F%2Fmy.azure.io%2Findex.php%3Frp%3D%2Flogin%2Fchallenge&dt=My%20Azure%20-%20Azure&_tu=BA&en=scroll&gap.gtb=2&ep.Affiliate_id=&ep.content_group=ENG%20site&ep.anonymize_ip=true&ep.transport_type=beacon&ep.custom_2=%2Fclientarea.php&ep.affiliate_event_id=&ep.url_passthrough=true&epn.percent_scrolled=90&_et=4&tfd=3247&richsstsse → pending (?ms, ?B)
[2026-05-30T06:49:08.370Z] GET https://affiliates.azure.eu/scripts/3r3huk3?visitorId=Q7GN4nlC9tgqW2ixW8X9a054o0coa2uB&accountId=default1&tracking=1&url=S_my.azure.io%2Fclientarea.php&referrer=S_my.azure.io%2Findex.php%3Frp%3D%2Flogin%2Fchallenge&isInIframe=false&getParams=&anchor= → 200 (33ms, 19B)
[2026-05-30T06:49:08.375Z] GET https://sgtm.azure.io/_/service_worker/65d0/sw_iframe.html?origin=https%3A%2F%2Fmy.azure.io&1p=1 → 200 (?ms, 3529B)
[2026-05-30T06:49:08.451Z] GET https://www.google.de/ads/ga-audiences?v=1&t=sr&slf_rd=1&_r=4&dma=1&dma_cps=a&npa=1&gcd=13l3l3l2l1l1&tid=G-456PJ82D2P&cid=1632775656.1780123463&gtm=45h91e65r0h1v873723204z89176723357z99176724746za20kzb9176723357zd9176723357&tag_exp=0~115938466~115938468~117215456~117215456~117384417~117384417~119034491&_is_sw=f15s0t1&_tu=BA&gap.gtb=2&aip=1&z=554891137 → pending (?ms, ?B)
[2026-05-30T06:49:08.451Z] GET https://sgtm.azure.io/_/set_cookie?val=%2Fm5Ux32FLSgVMr3jacBhuESeUwafeVVdKXM2VE0ljnP7VvCLF4%2BUOVBtXVrPLi4Cmb%2BLcFi8RArHcVuD2wjJE8Jp87khDTGAseORnCqqpf0NJv0lm7AQwzUUY3lgDb02Wq3Ni9KGdhClLj0pyTemUvWpN4Q0tUqPyYCqgmNxOynm4grEzBdjj9m8FZQ7e3w%3D&path=%2F → pending (?ms, ?B)
[2026-05-30T06:49:08.509Z] GET https://www.google.de/ads/ga-audiences?v=1&t=sr&slf_rd=1&_r=4&dma=1&dma_cps=a&npa=1&gcd=13l3l3l2l1l1&tid=G-456PJ82D2P&cid=1632775656.1780123463&gtm=45h91e65r0v873723204z99176724746za20kzb9176723357zd9176723357&tag_exp=0~115938466~115938468~117215459~117215459~117384418~117384418~119034491&_is_sw=f15s0t6&_tu=BA&gap.gtb=2&aip=1&z=917904652 → 200 (432ms, 42B)
[2026-05-30T06:49:08.509Z] GET https://sgtm.azure.io/_/set_cookie?val=oQNbeVJvMYcsj%2BHeHr4hCf6vXQ6n3lkU%2Fj5l%2BEX%2BDzQvfJe9WVSFYmLWIkSR2v3GRNtLFRYhsUavWwCjUugn0bSzHfL7mubUKg9eRouB2zhhSQEYoLnMIOa1QoKZxBpgQdH0%2FRHUURESe7lp5FGFKLjUiM%2Fi1haW%2F0UOx1iH0DI2cxg4uE3l3kuOWyCSthg%3D&path=%2F → 200 (32ms, ?B)
[2026-05-30T06:49:08.529Z] GET https://ekr.zdassets.com/compose/a4bec7fa-5553-40c6-ac38-ddcbcad232fb → 200 (458ms, 1789B)
[2026-05-30T06:49:08.541Z] GET https://my.azure.io/assets/webfonts/fa-solid-900.woff2 → 200 (124ms, 123132B)
[2026-05-30T06:49:08.541Z] GET https://my.azure.io/assets/webfonts/fa-regular-400.woff2 → 200 (129ms, 152192B)
[2026-05-30T06:49:08.541Z] GET https://my.azure.io/assets/webfonts/fa-light-300.woff2 → 200 (135ms, 164724B)
[2026-05-30T06:49:08.542Z] GET https://my.azure.io/templates/lagom2/assets/img/flags/english.svg → 200 (89ms, 927B)
[2026-05-30T06:49:08.559Z] GET https://my.azure.io/index.php?m=ReferFriend&referFriendAction=getPanelContents → pending (?ms, ?B)
[2026-05-30T06:49:08.943Z] GET https://widget.trustpilot.com/bootstrap/v5/tp.widget.bootstrap.min.js → 200 (?ms, 24915B)
[2026-05-30T06:49:08.989Z] GET https://static.zdassets.com/web_widget/messenger/latest/web-widget-main-9def758.js → 200 (58ms, 563990B)
[2026-05-30T06:49:09.084Z] GET https://static.zdassets.com/web_widget/messenger/latest/web-widget-5433-9def758.js → 200 (56ms, 446116B)
[2026-05-30T06:49:09.084Z] GET https://static.zdassets.com/web_widget/messenger/latest/web-widget-locales/messenger/en-us-json-9def758.js → 200 (28ms, 31149B)
[2026-05-30T06:49:09.084Z] GET https://static.zdassets.com/web_widget/messenger/latest/web-widget-6240-9def758.js → 200 (43ms, 68115B)
[2026-05-30T06:49:09.084Z] GET https://static.zdassets.com/web_widget/messenger/latest/web-widget-8301-9def758.js → 200 (43ms, 35082B)
[2026-05-30T06:49:09.084Z] GET https://static.zdassets.com/web_widget/messenger/latest/web-widget-7941-9def758.js → 200 (43ms, 19412B)
[2026-05-30T06:49:09.084Z] GET https://static.zdassets.com/web_widget/messenger/latest/web-widget-1606-9def758.js → 200 (43ms, 17645B)
[2026-05-30T06:49:09.124Z] POST https://azure.zendesk.com/frontendevents/pv?client=1B752747-577B-429A-A0E0-83861AF69088 → pending (?ms, ?B)
[2026-05-30T06:49:09.124Z] GET https://azure.zendesk.com/embeddable/config → 200 (303ms, 1455B)
[2026-05-30T06:49:11.290Z] GET https://my.azure.io/templates/lagom2/core/styles/depth/assets/images/refer-a-friend-widget-header.png → 200 (58ms, 59554B)
[2026-05-30T06:49:32.592Z] POST https://my.azure.io/index.php?rp=/clientarea/service/59214/custom-action/plesk → 200 (807ms, 144B)
[2026-05-30T06:49:47.712Z] GET https://my.azure.io/clientarea.php?action=productdetails&id=1 → 302 (467ms, ?B)
[2026-05-30T06:49:47.712Z] POST https://azure.zendesk.com/frontendevents/dl?client=1B752747-577B-429A-A0E0-83861AF69088 → 200 (142ms, ?B)
[2026-05-30T06:49:48.179Z] GET https://my.azure.io/clientarea.php?action=products → pending (?ms, ?B)
[2026-05-30T06:49:49.272Z] POST https://sgtm.azure.io/g/collect?v=2&tid=G-456PJ82D2P&gtm=45he65s0h2v873723204za20kzb9176723357zd9176723357&_p=1780123748274&gcd=13l3l3l2l1l1&npa=1&dma_cps=a&dma=1&ecid=1148866984&_eu=EAAAAGQ&are=1&cid=1632775656.1780123463&frm=0&ir=1&pscdl=noapi&rcb=5&sr=1280x720&uaa=arm&uab=64&uafvl=Not%253AA-Brand%3B99.0.0.0%7CHeadlessChrome%3B145.0.7632.6%7CChromium%3B145.0.7632.6&uam=&uamb=0&uap=macOS&uapv=26.4.1&uaw=0&ul=en-us&ur=DE&sst.etld=google.de&sst.gcsub=region1&sst.tft=1780123748274&sst.lpc=13155627&sst.navt=n&sst.ude=1&sst.sw_exp=1&gaf=2&_s=3&tag_exp=0~115938466~115938468~119034491&sid=1780123462&sct=1&seg=1&dl=https%3A%2F%2Fmy.azure.io%2Fclientarea.php&dr=https%3A%2F%2Fmy.azure.io%2Findex.php%3Frp%3D%2Flogin%2Fchallenge&dt=My%20Azure%20-%20Azure&_tu=BA&en=user_engagement&gap.gtb=2&ep.Affiliate_id=&ep.content_group=ENG%20site&ep.anonymize_ip=true&ep.transport_type=beacon&ep.custom_2=%2Fclientarea.php&ep.affiliate_event_id=&ep.url_passthrough=true&_et=40897&tfd=44148 → pending (?ms, ?B)
[2026-05-30T06:49:49.275Z] GET https://fonts.googleapis.com/css?family=Karla:400,700|Rubik:300,400,500,700&display=swap&subset=latin-ext → 200 (?ms, 12242B)
[2026-05-30T06:49:49.275Z] GET https://my.azure.io/templates/lagom2/core/styles/depth/assets/css/vars/minified.css?1752124174 → 200 (1ms, 173328B)
[2026-05-30T06:49:49.275Z] GET https://my.azure.io/templates/lagom2/assets/css/theme.css?v=2.3.6 → 200 (1ms, 1180450B)
[2026-05-30T06:49:49.275Z] GET https://my.azure.io/templates/lagom2/core/styles/depth/assets/css/theme-custom.css?v=2.3.6&v1=1.0.0 → 200 (11ms, 331B)
[2026-05-30T06:49:49.275Z] GET https://my.azure.io/templates/lagom2/assets/js/scripts.min.js?v=2.3.6 → 200 (17ms, 678797B)
[2026-05-30T06:49:49.275Z] GET https://my.azure.io/templates/lagom2/assets/js/core.min.js?v=2.3.6 → 200 (17ms, 68257B)
[2026-05-30T06:49:49.275Z] GET https://my.azure.io/modules/addons/azure/assets/js/affiliate.js → 200 (17ms, 2263B)
[2026-05-30T06:49:49.275Z] GET https://my.azure.io/templates/lagom2/core/styles/depth/assets/js/theme-custom.js?v=1.0.0 → 200 (17ms, 937B)
[2026-05-30T06:49:49.275Z] GET https://my.azure.io/templates/lagom2/core/extensions/ClientNotifications/assets/css/client-notifications.css → 200 (11ms, 26860B)
[2026-05-30T06:49:49.275Z] GET https://my.azure.io/assets/css/fontawesome-all.min.css → 200 (11ms, 156472B)
[2026-05-30T06:49:49.275Z] GET https://static.zdassets.com/ekr/snippet.js?key=a4bec7fa-5553-40c6-ac38-ddcbcad232fb → 200 (17ms, 9693B)
[2026-05-30T06:49:49.275Z] GET https://my.azure.io/templates/lagom2/assets/img/logo/logo_big_inverse.1835843558.png → 200 (11ms, 27941B)
[2026-05-30T06:49:49.275Z] GET https://my.azure.io/templates/lagom2/assets/img/logo/logo_big.520519273.png → 200 (11ms, 57295B)
[2026-05-30T06:49:49.275Z] GET https://my.azure.io/assets/css/dataTables.responsive.css → 200 (48ms, 2444B)
[2026-05-30T06:49:49.275Z] GET https://cdn.datatables.net/responsive/2.2.7/js/dataTables.responsive.js → pending (?ms, ?B)
[2026-05-30T06:49:49.275Z] GET https://my.azure.io/templates/lagom2/core/extensions/ClientNotifications/assets/js/client-notifications.js → 200 (65ms, 1048615B)
[2026-05-30T06:49:49.275Z] GET https://my.azure.io/templates/lagom2/assets/js/vendor.js?v=2.3.6 → 200 (65ms, 301980B)
[2026-05-30T06:49:49.275Z] GET https://my.azure.io/templates/lagom2/assets/js/lagom-app.js?v=2.3.6 → 200 (65ms, 97229B)
[2026-05-30T06:49:49.275Z] GET https://my.azure.io/templates/lagom2/assets/js/whmcs-custom.min.js?v=2.3.6 → 200 (65ms, 10381B)
[2026-05-30T06:49:49.276Z] GET https://fonts.googleapis.com/css?family=Roboto:300,400,500,700,900&display=swap → 200 (10ms, 28190B)
[2026-05-30T06:49:49.286Z] GET https://my.azure.io/templates/lagom2/core/styles/depth/assets/css/azure.css → 200 (1ms, 21291B)
[2026-05-30T06:49:49.286Z] GET https://my.azure.io/templates/lagom2/core/styles/depth/assets/css/refer-a-friend.css → 200 (1ms, 52839B)
[2026-05-30T06:49:49.286Z] GET https://my.azure.io/templates/lagom2/core/styles/depth/assets/css/order-wizard-progressbar.css → 200 (4ms, 2533B)
[2026-05-30T06:49:49.286Z] GET https://my.azure.io/templates/lagom2/core/styles/depth/assets/css/order-wizard-packages.css → 200 (4ms, 1182B)
[2026-05-30T06:49:49.286Z] GET https://my.azure.io/templates/lagom2/core/styles/depth/assets/css/order-wizard-domain-selection.css → 200 (4ms, 4809B)
[2026-05-30T06:49:49.286Z] GET https://my.azure.io/templates/lagom2/core/styles/depth/assets/css/order-wizard-product-configuration.css → 200 (4ms, 4687B)
[2026-05-30T06:49:49.286Z] GET https://my.azure.io/templates/lagom2/core/styles/depth/assets/css/order-wizard-configure-domains.css → 200 (4ms, 2079B)
[2026-05-30T06:49:49.286Z] GET https://my.azure.io/templates/lagom2/core/styles/depth/assets/css/order-wizard-finalize.css → 200 (5ms, 3372B)
[2026-05-30T06:49:49.286Z] GET https://my.azure.io/templates/lagom2/core/styles/depth/assets/css/zendesk.css → 200 (5ms, 81B)
[2026-05-30T06:49:49.323Z] GET https://sgtm.azure.io/22nljgkhruc.js?8=aWQ9R1RNLVdRVktKNVhO&sort=desc → 200 (18ms, 604748B)
[2026-05-30T06:49:49.323Z] GET https://ekr.zdassets.com/compose/a4bec7fa-5553-40c6-ac38-ddcbcad232fb → 200 (17ms, 1789B)
[2026-05-30T06:49:49.339Z] GET https://my.azure.io/assets/webfonts/fa-solid-900.woff2 → 200 (1ms, 123132B)
[2026-05-30T06:49:49.339Z] GET https://fonts.gstatic.com/s/karla/v33/qkB9XvYC6trAT55ZBi1ueQVIjQTD-JrIH2G7nytkHRyQ8p4wUje6bmMorHA.woff2 → 200 (?ms, 24264B)
[2026-05-30T06:49:49.339Z] GET https://my.azure.io/assets/webfonts/fa-light-300.woff2 → 200 (3ms, 164724B)
[2026-05-30T06:49:49.339Z] GET https://my.azure.io/templates/lagom2/assets/fonts/lagom-small-icons.woff?7yz00b → 200 (?ms, 16448B)
[2026-05-30T06:49:49.339Z] GET https://my.azure.io/assets/webfonts/fa-regular-400.woff2 → 200 (3ms, 152192B)
[2026-05-30T06:49:49.339Z] GET https://my.azure.io/templates/lagom2/assets/fonts/lagom-medium-icons.woff?v5wga3 → 200 (1ms, 18512B)
[2026-05-30T06:49:49.339Z] GET https://fonts.gstatic.com/s/rubik/v31/iJWKBXyIfDnIV7nBrXyw023e.woff2 → 200 (1ms, 35324B)
[2026-05-30T06:49:49.339Z] GET https://fonts.gstatic.com/s/roboto/v51/KFO7CnqEu92Fr1ME7kSn66aGLdTylUAMa3yUBHMdazQ.woff2 → 200 (1ms, 37520B)
[2026-05-30T06:49:49.399Z] GET https://sgtm.azure.io/gtag/js?id=G-456PJ82D2P&cx=c&gtm=4e65s0h2 → 200 (4ms, 553015B)
[2026-05-30T06:49:49.399Z] GET https://affiliates.azure.eu/scripts/3j3huk3 → 200 (3ms, 16684B)
[2026-05-30T06:49:49.399Z] POST https://www.google.com/ccm/collect?rcb=14&frm=0&ae=g&auid=1115066569.1780123463&dt=My%20Products%20%26%20Services%20-%20Azure&en=page_view&dl=https%3A%2F%2Fmy.azure.io%2Fclientarea.php&scrsrc=sgtm.azure.io&rnd=1363349947.1780123789&navt=n&npa=1&ep.ads_data_redaction=0&gtm=45Fe65s0h2v9176723357za204zd9176723357xea&gcd=13l3l3l2l1l1&dma_cps=a&dma=1&tag_exp=0~115938465~115938468~116701382~118131809~119034493&apve=1&apvf=f&gap.gtb=2&apvc=1&tft=1780123789397&tfd=1686 → 200 (46ms, ?B)
[2026-05-30T06:49:49.402Z] GET https://affiliates.azure.eu/scripts/3r3huk3?visitorId=Q7GN4nlC9tgqW2ixW8X9a054o0coa2uB&accountId=default1&tracking=1&url=S_my.azure.io%2Fclientarea.php&referrer=&isInIframe=false&getParams=%3Faction%3Dproducts&anchor= → 200 (36ms, 19B)
[2026-05-30T06:49:49.415Z] GET https://sgtm.azure.io/g/collect?v=2&tid=G-456PJ82D2P&gtm=45he65s0h2v873723204z89176723357za20kzb9176723357zd9176723357&_p=1780123789319&gcd=13l3l3l2l1l1&npa=1&dma_cps=a&dma=1&ecid=1148866984&_eu=EAAAAGQ&are=1&cid=1632775656.1780123463&ec_mode=a&frm=0&ir=1&pscdl=noapi&rcb=11&sr=1280x720&uaa=arm&uab=64&uafvl=Not%253AA-Brand%3B99.0.0.0%7CHeadlessChrome%3B145.0.7632.6%7CChromium%3B145.0.7632.6&uam=&uamb=0&uap=macOS&uapv=26.4.1&uaw=0&ul=en-us&ur=DE&sst.etld=google.de&sst.gcsub=region1&sst.tft=1780123789319&sst.lpc=13155627&sst.navt=n&sst.ude=1&sst.sw_exp=1&gaf=2&_s=1&tag_exp=0~115938465~115938468~119034491&sid=1780123462&sct=1&seg=1&dl=https%3A%2F%2Fmy.azure.io%2Fclientarea.php%3Faction%3Dproducts&dt=My%20Products%20%26%20Services%20-%20Azure&_tu=BA&en=page_view&gap.gtb=2&ep.Affiliate_id=&ep.content_group=ENG%20site&ep.anonymize_ip=true&ep.transport_type=beacon&ep.custom_2=%2Fclientarea.php%3Faction%3Dproducts&ep.affiliate_event_id=&ep.url_passthrough=true&ep.user_data.email=info%40azure.io&tfd=1703&richsstsse → 200 (64ms, ?B)
[2026-05-30T06:49:49.422Z] GET https://sgtm.azure.io/g/collect?v=2&tid=G-456PJ82D2P&gtm=45he65s0h2v873723204za20kzb9176723357zd9176723357&_p=1780123789319&gcd=13l3l3l2l1l1&npa=1&dma_cps=a&dma=1&ecid=1148866984&_eu=EEAAAGQ&ae=a&are=1&cid=1632775656.1780123463&frm=0&ir=1&pscdl=noapi&rcb=11&sr=1280x720&uaa=arm&uab=64&uafvl=Not%253AA-Brand%3B99.0.0.0%7CHeadlessChrome%3B145.0.7632.6%7CChromium%3B145.0.7632.6&uam=&uamb=0&uap=macOS&uapv=26.4.1&uaw=0&ul=en-us&ur=DE&sst.etld=google.de&sst.gcsub=region1&sst.tft=1780123789319&sst.sp=1&sst.em_event=1&sst.lpc=13155627&sst.navt=n&sst.ude=1&sst.sw_exp=1&gaf=2&_s=2&tag_exp=0~115938465~115938468~119034491&sid=1780123462&sct=1&seg=1&dl=https%3A%2F%2Fmy.azure.io%2Fclientarea.php%3Faction%3Dproducts&dt=My%20Products%20%26%20Services%20-%20Azure&_tu=BA&en=scroll&gap.gtb=2&ep.Affiliate_id=&ep.content_group=ENG%20site&ep.anonymize_ip=true&ep.transport_type=beacon&ep.custom_2=%2Fclientarea.php%3Faction%3Dproducts&ep.affiliate_event_id=&ep.url_passthrough=true&epn.percent_scrolled=90&_et=5&tfd=1709&richsstsse → 200 (58ms, ?B)
[2026-05-30T06:49:49.424Z] GET https://sgtm.azure.io/_/service_worker/65d0/sw_iframe.html?origin=https%3A%2F%2Fmy.azure.io&1p=1 → 200 (?ms, 3529B)
[2026-05-30T06:49:49.481Z] GET https://region1.analytics.google.com/g/s/collect?dma=1&dma_cps=a&npa=1&gcd=13l3l3l2l1l1&gtm=45h91e65r0v873723204z89176723357z99176724746za20kzb9176723357zd9176723357&tag_exp=0~115938465~115938468~117384417~117384417~118032361~118032361~119034491&_is_sw=f15s0te&_tu=BA&gap.gtb=2&_gsid=456PJ82D2Pkc8S_JO5RmAZ-2UtZmd_DQ → pending (?ms, ?B)
[2026-05-30T06:49:49.481Z] GET https://www.google.de/ads/ga-audiences?v=1&t=sr&slf_rd=1&_r=4&dma=1&dma_cps=a&npa=1&gcd=13l3l3l2l1l1&tid=G-456PJ82D2P&cid=1632775656.1780123463&gtm=45h91e65r0v873723204z89176723357z99176724746za20kzb9176723357zd9176723357&tag_exp=0~115938465~115938468~117384417~117384417~118032361~118032361~119034491&_is_sw=f15s0te&_tu=BA&gap.gtb=2&aip=1&z=969303639 → pending (?ms, ?B)
[2026-05-30T06:49:49.481Z] GET https://sgtm.azure.io/_/set_cookie?val=NBnj4%2F7xLU5UfnNBonkotzAqde1L7HY1CKHcZ6%2Fjx5xeTdJVq5mhfmcxHdlP5ZAlFzWBiDaL7Eub7KnS94F6ExeZmnYW6xXtwhdcsD5qLqBsNBv7od5D1XeX2wgNrAZw5n1eHuCLV7Jm%2B8y%2BwFVZv%2FLw9NPp7u0oF%2BMawBOjKAlsKVidTIh66msTJ5%2BXOkU%3D&path=%2F → pending (?ms, ?B)
[2026-05-30T06:49:49.482Z] GET https://region1.analytics.google.com/g/s/collect?dma=1&dma_cps=a&npa=1&gcd=13l3l3l2l1l1&gtm=45h91e65r0v873723204z99176724746za20kzb9176723357zd9176723357&tag_exp=0~115938465~115938468~117384418~117384418~117549812~117549812~119034491&_is_sw=f15s0t7&_tu=BA&gap.gtb=2&_gsid=456PJ82D2Pkc8S_JO5RmAZ-2UtZmd_DQ → pending (?ms, ?B)
[2026-05-30T06:49:49.482Z] GET https://www.google.de/ads/ga-audiences?v=1&t=sr&slf_rd=1&_r=4&dma=1&dma_cps=a&npa=1&gcd=13l3l3l2l1l1&tid=G-456PJ82D2P&cid=1632775656.1780123463&gtm=45h91e65r0v873723204z99176724746za20kzb9176723357zd9176723357&tag_exp=0~115938465~115938468~117384418~117384418~117549812~117549812~119034491&_is_sw=f15s0t7&_tu=BA&gap.gtb=2&aip=1&z=499548533 → pending (?ms, ?B)
[2026-05-30T06:49:49.482Z] GET https://sgtm.azure.io/_/set_cookie?val=F0H0QfOZIWqq7%2FkukcZZg8GnGbxDQBlVWfV0HWoxtrAvmmmHoxRJay1DRofScY2N%2FbVt%2Fu0V0LL52UUHrVO8bX3Q0lIg%2FxocAgOcHgFWvkG83oUPU9tCzG%2FYeXu8abeI1FS8c%2BAB0hqEdQaVd3dKPanwrW3lJzF9wIa8IAxe%2F9bBhGnNC4zVkopDYRbiS7Y%3D&path=%2F → pending (?ms, ?B)
[2026-05-30T06:49:50.602Z] GET https://my.azure.io/templates/lagom2/assets/img/flags/english.svg → 200 (48ms, 927B)
[2026-05-30T06:49:50.645Z] GET https://my.azure.io/templates/lagom2/assets/img/arrow-drop.svg → 200 (6ms, 496B)
[2026-05-30T06:49:50.647Z] GET https://static.zdassets.com/web_widget/messenger/latest/web-widget-main-9def758.js → 200 (9ms, 563990B)
[2026-05-30T06:49:50.658Z] GET https://widget.trustpilot.com/bootstrap/v5/tp.widget.bootstrap.min.js → 200 (19ms, 24915B)
[2026-05-30T06:49:50.666Z] GET https://static.zdassets.com/web_widget/messenger/latest/web-widget-5433-9def758.js → 200 (12ms, 446116B)
[2026-05-30T06:49:50.666Z] GET https://static.zdassets.com/web_widget/messenger/latest/web-widget-locales/messenger/en-us-json-9def758.js → 200 (12ms, 31149B)
[2026-05-30T06:49:50.666Z] GET https://static.zdassets.com/web_widget/messenger/latest/web-widget-6240-9def758.js → 200 (12ms, 68115B)
[2026-05-30T06:49:50.666Z] GET https://static.zdassets.com/web_widget/messenger/latest/web-widget-8301-9def758.js → 200 (12ms, 35082B)
[2026-05-30T06:49:50.666Z] GET https://static.zdassets.com/web_widget/messenger/latest/web-widget-7941-9def758.js → 200 (12ms, 19412B)
[2026-05-30T06:49:50.666Z] GET https://static.zdassets.com/web_widget/messenger/latest/web-widget-1606-9def758.js → 200 (12ms, 17645B)
[2026-05-30T06:49:50.682Z] POST https://azure.zendesk.com/frontendevents/pv?client=1B752747-577B-429A-A0E0-83861AF69088 → 200 (75ms, ?B)
[2026-05-30T06:49:50.682Z] GET https://azure.zendesk.com/embeddable/config → 200 (17ms, ?B)
[2026-05-30T06:49:50.710Z] GET https://azure.zendesk.com/embeddable/config → 200 (41ms, 1455B)
[2026-05-30T06:49:57.118Z] GET https://my.azure.io/index.php?rp=/clientarea/services → pending (?ms, ?B)
[2026-05-30T06:49:57.990Z] POST https://sgtm.azure.io/g/collect?v=2&tid=G-456PJ82D2P&gtm=45he65s0h2v873723204za20kzb9176723357zd9176723357&_p=1780123789319&gcd=13l3l3l2l1l1&npa=1&dma_cps=a&dma=1&ecid=1148866984&_eu=EAAAAGQ&are=1&cid=1632775656.1780123463&frm=0&ir=1&pscdl=noapi&rcb=11&sr=1280x720&uaa=arm&uab=64&uafvl=Not%253AA-Brand%3B99.0.0.0%7CHeadlessChrome%3B145.0.7632.6%7CChromium%3B145.0.7632.6&uam=&uamb=0&uap=macOS&uapv=26.4.1&uaw=0&ul=en-us&ur=DE&sst.etld=google.de&sst.gcsub=region1&sst.tft=1780123789319&sst.lpc=13155627&sst.navt=n&sst.ude=1&sst.sw_exp=1&gaf=2&_s=3&tag_exp=0~115938465~115938468~119034491&sid=1780123462&sct=1&seg=1&dl=https%3A%2F%2Fmy.azure.io%2Fclientarea.php%3Faction%3Dproducts&dt=My%20Products%20%26%20Services%20-%20Azure&_tu=BA&en=user_engagement&gap.gtb=2&ep.Affiliate_id=&ep.content_group=ENG%20site&ep.anonymize_ip=true&ep.transport_type=beacon&ep.custom_2=%2Fclientarea.php%3Faction%3Dproducts&ep.affiliate_event_id=&ep.url_passthrough=true&_et=8563&tfd=10276 → pending (?ms, ?B)
[2026-05-30T06:49:57.993Z] GET https://fonts.googleapis.com/css?family=Karla:400,700|Rubik:300,400,500,700&display=swap&subset=latin-ext → 200 (3ms, 12242B)
[2026-05-30T06:49:57.993Z] GET https://my.azure.io/templates/lagom2/core/styles/depth/assets/css/vars/minified.css?1752124174 → 200 (3ms, 173328B)
[2026-05-30T06:49:57.993Z] GET https://my.azure.io/templates/lagom2/assets/css/theme.css?v=2.3.6 → 200 (3ms, 1180450B)
[2026-05-30T06:49:57.993Z] GET https://my.azure.io/templates/lagom2/core/styles/depth/assets/css/theme-custom.css?v=2.3.6&v1=1.0.0 → 200 (?ms, 331B)
[2026-05-30T06:49:57.994Z] GET https://my.azure.io/templates/lagom2/assets/js/scripts.min.js?v=2.3.6 → 200 (?ms, 678797B)
[2026-05-30T06:49:57.994Z] GET https://my.azure.io/templates/lagom2/assets/js/core.min.js?v=2.3.6 → 200 (?ms, 68257B)
[2026-05-30T06:49:57.994Z] GET https://my.azure.io/modules/addons/azure/assets/js/affiliate.js → 200 (?ms, 2263B)
[2026-05-30T06:49:57.994Z] GET https://my.azure.io/templates/lagom2/core/styles/depth/assets/js/theme-custom.js?v=1.0.0 → 200 (?ms, 937B)
[2026-05-30T06:49:57.994Z] GET https://my.azure.io/templates/lagom2/core/extensions/ClientNotifications/assets/css/client-notifications.css → 200 (?ms, 26860B)
[2026-05-30T06:49:57.995Z] GET https://my.azure.io/assets/css/fontawesome-all.min.css → 200 (?ms, 156472B)
[2026-05-30T06:49:57.995Z] GET https://static.zdassets.com/ekr/snippet.js?key=a4bec7fa-5553-40c6-ac38-ddcbcad232fb → 200 (?ms, 9693B)
[2026-05-30T06:49:57.995Z] GET https://my.azure.io/templates/lagom2/assets/img/logo/logo_big_inverse.1835843558.png → 200 (?ms, 27941B)
[2026-05-30T06:49:57.995Z] GET https://my.azure.io/templates/lagom2/assets/img/logo/logo_big.520519273.png → 200 (?ms, 57295B)
[2026-05-30T06:49:57.995Z] GET https://my.azure.io/templates/lagom2/core/extensions/ClientNotifications/assets/js/client-notifications.js → 200 (?ms, 1048615B)
[2026-05-30T06:49:57.995Z] GET https://my.azure.io/templates/lagom2/assets/js/vendor.js?v=2.3.6 → 200 (1ms, 301980B)
[2026-05-30T06:49:57.996Z] GET https://my.azure.io/templates/lagom2/assets/js/lagom-app.js?v=2.3.6 → 200 (?ms, 97229B)
[2026-05-30T06:49:57.996Z] GET https://my.azure.io/templates/lagom2/assets/js/whmcs-custom.min.js?v=2.3.6 → 200 (?ms, 10381B)
[2026-05-30T06:49:58.023Z] GET https://fonts.googleapis.com/css?family=Roboto:300,400,500,700,900&display=swap → 200 (?ms, 28190B)
[2026-05-30T06:49:58.024Z] GET https://my.azure.io/templates/lagom2/core/styles/depth/assets/css/azure.css → 200 (?ms, 21291B)
[2026-05-30T06:49:58.024Z] GET https://my.azure.io/templates/lagom2/core/styles/depth/assets/css/refer-a-friend.css → 200 (?ms, 52839B)
[2026-05-30T06:49:58.024Z] GET https://my.azure.io/templates/lagom2/core/styles/depth/assets/css/order-wizard-progressbar.css → 200 (?ms, 2533B)
[2026-05-30T06:49:58.024Z] GET https://my.azure.io/templates/lagom2/core/styles/depth/assets/css/order-wizard-packages.css → 200 (?ms, 1182B)
[2026-05-30T06:49:58.024Z] GET https://my.azure.io/templates/lagom2/core/styles/depth/assets/css/order-wizard-domain-selection.css → 200 (?ms, 4809B)
[2026-05-30T06:49:58.025Z] GET https://my.azure.io/templates/lagom2/core/styles/depth/assets/css/order-wizard-product-configuration.css → 200 (?ms, 4687B)
[2026-05-30T06:49:58.025Z] GET https://my.azure.io/templates/lagom2/core/styles/depth/assets/css/order-wizard-configure-domains.css → 200 (?ms, 2079B)
[2026-05-30T06:49:58.025Z] GET https://my.azure.io/templates/lagom2/core/styles/depth/assets/css/order-wizard-finalize.css → 200 (?ms, 3372B)
[2026-05-30T06:49:58.025Z] GET https://my.azure.io/templates/lagom2/core/styles/depth/assets/css/zendesk.css → 200 (?ms, 81B)
[2026-05-30T06:49:58.025Z] GET https://sgtm.azure.io/22nljgkhruc.js?8=aWQ9R1RNLVdRVktKNVhO&sort=desc → 200 (?ms, 604748B)
[2026-05-30T06:49:58.082Z] GET https://fonts.gstatic.com/s/karla/v33/qkB9XvYC6trAT55ZBi1ueQVIjQTD-JrIH2G7nytkHRyQ8p4wUje6bmMorHA.woff2 → 200 (?ms, ?B)
[2026-05-30T06:49:58.082Z] GET https://fonts.gstatic.com/s/rubik/v31/iJWKBXyIfDnIV7nBrXyw023e.woff2 → 200 (?ms, ?B)
[2026-05-30T06:49:58.082Z] GET https://fonts.gstatic.com/s/roboto/v51/KFO7CnqEu92Fr1ME7kSn66aGLdTylUAMa3yUBHMdazQ.woff2 → 200 (?ms, ?B)
[2026-05-30T06:49:58.082Z] GET https://my.azure.io/templates/lagom2/assets/fonts/lagom-medium-icons.woff?v5wga3 → 200 (?ms, ?B)
[2026-05-30T06:49:58.082Z] GET https://my.azure.io/templates/lagom2/assets/fonts/lagom-small-icons.woff?7yz00b → 200 (?ms, ?B)
[2026-05-30T06:49:58.082Z] GET https://my.azure.io/assets/webfonts/fa-light-300.woff2 → 200 (?ms, ?B)
[2026-05-30T06:49:58.082Z] GET https://my.azure.io/assets/webfonts/fa-regular-400.woff2 → 200 (1ms, ?B)
[2026-05-30T06:49:58.083Z] GET https://my.azure.io/assets/webfonts/fa-solid-900.woff2 → 200 (?ms, ?B)
[2026-05-30T06:49:58.111Z] GET https://ekr.zdassets.com/compose/a4bec7fa-5553-40c6-ac38-ddcbcad232fb → 200 (30ms, 1789B)
[2026-05-30T06:49:58.134Z] GET https://sgtm.azure.io/gtag/js?id=G-456PJ82D2P&cx=c&gtm=4e65s0h2 → 200 (1ms, 553015B)
[2026-05-30T06:49:58.135Z] GET https://affiliates.azure.eu/scripts/3j3huk3 → 200 (?ms, 16684B)
[2026-05-30T06:49:58.135Z] POST https://www.google.com/ccm/collect?rcb=16&frm=0&ae=g&auid=1115066569.1780123463&dt=404%20-%20Page%20Not%20Found%20-%20Azure&en=page_view&dl=https%3A%2F%2Fmy.azure.io%2Findex.php&scrsrc=sgtm.azure.io&rnd=1161037204.1780123798&navt=n&npa=1&ep.ads_data_redaction=0&gtm=45Fe65s0h2v9176723357za204zd9176723357xea&gcd=13l3l3l2l1l1&dma_cps=a&dma=1&tag_exp=0~115616985~115938466~115938468~116701382~118131809~118228214~119027224~119034493~119064971&apve=1&apvf=f&gap.gtb=2&apvc=1&tft=1780123798133&tfd=1016 → 200 (42ms, ?B)
[2026-05-30T06:49:58.141Z] GET https://my.azure.io/templates/lagom2/assets/img/flags/english.svg → 200 (?ms, 927B)
[2026-05-30T06:49:58.160Z] GET https://sgtm.azure.io/g/collect?v=2&tid=G-456PJ82D2P&gtm=45he65s0h2v873723204z89176723357za20kzb9176723357zd9176723357&_p=1780123798022&gcd=13l3l3l2l1l1&npa=1&dma_cps=a&dma=1&ecid=1148866984&_eu=EAAAAGQ&are=1&cid=1632775656.1780123463&ec_mode=a&frm=0&ir=1&pscdl=noapi&rcb=8&sr=1280x720&uaa=arm&uab=64&uafvl=Not%253AA-Brand%3B99.0.0.0%7CHeadlessChrome%3B145.0.7632.6%7CChromium%3B145.0.7632.6&uam=&uamb=0&uap=macOS&uapv=26.4.1&uaw=0&ul=en-us&ur=DE&sst.etld=google.de&sst.gcsub=region1&sst.tft=1780123798022&sst.lpc=179838392&sst.navt=n&sst.ude=1&sst.sw_exp=1&gaf=2&_s=1&tag_exp=0~115616985~115938466~115938468~118128922~119034491&sid=1780123462&sct=1&seg=1&dl=https%3A%2F%2Fmy.azure.io%2Findex.php%3Frp%3D%2Fclientarea%2Fservices&dt=404%20-%20Page%20Not%20Found%20-%20Azure&_tu=BA&en=page_view&gap.gtb=2&ep.Affiliate_id=&ep.content_group=ENG%20site&ep.anonymize_ip=true&ep.transport_type=beacon&ep.custom_2=%2Findex.php%3Frp%3D%2Fclientarea%2Fservices&ep.affiliate_event_id=&ep.url_passthrough=true&ep.user_data.email=info%40azure.io&tfd=1034&richsstsse → 200 (85ms, 788B)
[2026-05-30T06:49:58.169Z] GET https://sgtm.azure.io/g/collect?v=2&tid=G-456PJ82D2P&gtm=45he65s0h2v873723204za20kzb9176723357zd9176723357&_p=1780123798022&gcd=13l3l3l2l1l1&npa=1&dma_cps=a&dma=1&ecid=1148866984&_eu=EEAAAGQ&ae=a&are=1&cid=1632775656.1780123463&frm=0&ir=1&pscdl=noapi&rcb=8&sr=1280x720&uaa=arm&uab=64&uafvl=Not%253AA-Brand%3B99.0.0.0%7CHeadlessChrome%3B145.0.7632.6%7CChromium%3B145.0.7632.6&uam=&uamb=0&uap=macOS&uapv=26.4.1&uaw=0&ul=en-us&ur=DE&sst.etld=google.de&sst.gcsub=region1&sst.tft=1780123798022&sst.sp=1&sst.em_event=1&sst.lpc=179838392&sst.navt=n&sst.ude=1&sst.sw_exp=1&gaf=2&_s=2&tag_exp=0~115616985~115938466~115938468~118128922~119034491&sid=1780123462&sct=1&seg=1&dl=https%3A%2F%2Fmy.azure.io%2Findex.php%3Frp%3D%2Fclientarea%2Fservices&dt=404%20-%20Page%20Not%20Found%20-%20Azure&_tu=BA&en=scroll&gap.gtb=2&ep.Affiliate_id=&ep.content_group=ENG%20site&ep.anonymize_ip=true&ep.transport_type=beacon&ep.custom_2=%2Findex.php%3Frp%3D%2Fclientarea%2Fservices&ep.affiliate_event_id=&ep.url_passthrough=true&epn.percent_scrolled=90&_et=13&tfd=1050&richsstsse → 200 (143ms, 753B)
[2026-05-30T06:49:58.170Z] GET https://affiliates.azure.eu/scripts/3r3huk3?visitorId=Q7GN4nlC9tgqW2ixW8X9a054o0coa2uB&accountId=default1&tracking=1&url=S_my.azure.io%2Findex.php&referrer=&isInIframe=false&getParams=%3Frp%3D%2Fclientarea%2Fservices&anchor= → 200 (49ms, 19B)
[2026-05-30T06:49:58.177Z] GET https://sgtm.azure.io/_/service_worker/65d0/sw_iframe.html?origin=https%3A%2F%2Fmy.azure.io&1p=1 → 200 (?ms, 3529B)
[2026-05-30T06:49:58.180Z] GET https://static.zdassets.com/web_widget/messenger/latest/web-widget-main-9def758.js → 200 (?ms, 563990B)
[2026-05-30T06:49:58.199Z] GET https://static.zdassets.com/web_widget/messenger/latest/web-widget-5433-9def758.js → 200 (?ms, 446116B)
[2026-05-30T06:49:58.200Z] GET https://static.zdassets.com/web_widget/messenger/latest/web-widget-locales/messenger/en-us-json-9def758.js → 200 (?ms, 31149B)
[2026-05-30T06:49:58.200Z] GET https://static.zdassets.com/web_widget/messenger/latest/web-widget-6240-9def758.js → 200 (?ms, 68115B)
[2026-05-30T06:49:58.200Z] GET https://static.zdassets.com/web_widget/messenger/latest/web-widget-8301-9def758.js → 200 (?ms, 35082B)
[2026-05-30T06:49:58.200Z] GET https://static.zdassets.com/web_widget/messenger/latest/web-widget-7941-9def758.js → 200 (3ms, 19412B)
[2026-05-30T06:49:58.203Z] GET https://static.zdassets.com/web_widget/messenger/latest/web-widget-1606-9def758.js → 200 (?ms, 17645B)
[2026-05-30T06:49:58.215Z] POST https://azure.zendesk.com/frontendevents/pv?client=1B752747-577B-429A-A0E0-83861AF69088 → 200 (73ms, ?B)
[2026-05-30T06:49:58.215Z] GET https://azure.zendesk.com/embeddable/config → 200 (17ms, ?B)
[2026-05-30T06:49:58.245Z] GET https://www.google.de/ads/ga-audiences?v=1&t=sr&slf_rd=1&_r=4&dma=1&dma_cps=a&npa=1&gcd=13l3l3l2l1l1&tid=G-456PJ82D2P&cid=1632775656.1780123463&gtm=45h91e65r0v873723204z89176723357z99176724746za20kzb9176723357zd9176723357&tag_exp=0~115616985~115938466~115938468~117384417~117384417~118032362~118032362~118128922~119034491&_is_sw=f15s0te&_tu=BA&gap.gtb=2&aip=1&z=437634887 → 200 (184ms, 42B)
[2026-05-30T06:49:58.245Z] GET https://sgtm.azure.io/_/set_cookie?val=KKPukfTbTH396F2YXXpeAc%2F1KFEUaTroyp9r%2BjpxAJKe%2FsyoPuieSknAELwM1TOAO1zfelYxo8b1sozncGBWp2IQDpMUPD%2FIbqpf5I%2B6LmpwiA1EUzLSJmVCsIfwRJqpaj2pnjYO68oFmSZAmcXdCBy7hxJaXDgtTrcs6jUmd0oBUmo2y0OI5p%2BRxO5wYHs%3D&path=%2F → 200 (69ms, ?B)
[2026-05-30T06:49:58.245Z] GET https://azure.zendesk.com/embeddable/config → 200 (32ms, 1455B)
[2026-05-30T06:49:58.313Z] GET https://www.google.de/ads/ga-audiences?v=1&t=sr&slf_rd=1&_r=4&dma=1&dma_cps=a&npa=1&gcd=13l3l3l2l1l1&tid=G-456PJ82D2P&cid=1632775656.1780123463&gtm=45h91e65r0v873723204z99176724746za20kzb9176723357zd9176723357&tag_exp=0~115616985~115938466~115938468~117384417~117384417~118128922~119034491&_is_sw=f15s0t16&_tu=BA&gap.gtb=2&aip=1&z=1968749290 → 200 (189ms, 42B)
[2026-05-30T06:49:58.313Z] GET https://sgtm.azure.io/_/set_cookie?val=wR4gZqQGiNuuROC7isSeeu3qxU6jujPzxfTX%2BUaY%2Bp%2B%2BqbABZMeRIzz7Zq5S8IxgZCK7LW7sqMMTVU7jgGUFjizL0eP0QpIL5uzlmxg4okDtooXOk8oW4aoz0Of8CIYb0K8POvT6ko1E6B6ItN6UV0vIAo9ywsbF2xwEfeUrHLdJL3SBZu6OjzBW204xnxI%3D&path=%2F → 200 (58ms, ?B)
[2026-05-30T06:49:58.504Z] GET https://widget.trustpilot.com/bootstrap/v5/tp.widget.bootstrap.min.js → 200 (?ms, 24915B)
[2026-05-30T06:50:08.432Z] GET https://my.azure.io/clientarea.php?action=services → pending (?ms, ?B)
[2026-05-30T06:50:09.708Z] POST https://sgtm.azure.io/g/collect?v=2&tid=G-456PJ82D2P&gtm=45he65s0h2v873723204za20kzb9176723357zd9176723357&_p=1780123798022&gcd=13l3l3l2l1l1&npa=1&dma_cps=a&dma=1&ecid=1148866984&_eu=EAAAAGQ&are=1&cid=1632775656.1780123463&frm=0&ir=1&pscdl=noapi&rcb=8&sr=1280x720&uaa=arm&uab=64&uafvl=Not%253AA-Brand%3B99.0.0.0%7CHeadlessChrome%3B145.0.7632.6%7CChromium%3B145.0.7632.6&uam=&uamb=0&uap=macOS&uapv=26.4.1&uaw=0&ul=en-us&ur=DE&sst.etld=google.de&sst.gcsub=region1&sst.tft=1780123798022&sst.lpc=179838392&sst.navt=n&sst.ude=1&sst.sw_exp=1&gaf=2&_s=3&tag_exp=0~115616985~115938466~115938468~118128922~119034491&sid=1780123462&sct=1&seg=1&dl=https%3A%2F%2Fmy.azure.io%2Findex.php%3Frp%3D%2Fclientarea%2Fservices&dt=404%20-%20Page%20Not%20Found%20-%20Azure&_tu=BA&en=user_engagement&gap.gtb=2&ep.Affiliate_id=&ep.content_group=ENG%20site&ep.anonymize_ip=true&ep.transport_type=beacon&ep.custom_2=%2Findex.php%3Frp%3D%2Fclientarea%2Fservices&ep.affiliate_event_id=&ep.url_passthrough=true&_et=11536&tfd=12588 → pending (?ms, ?B)
[2026-05-30T06:50:09.712Z] GET https://fonts.googleapis.com/css?family=Karla:400,700|Rubik:300,400,500,700&display=swap&subset=latin-ext → 200 (3ms, 12242B)
[2026-05-30T06:50:09.712Z] GET https://my.azure.io/templates/lagom2/core/styles/depth/assets/css/vars/minified.css?1752124174 → 200 (3ms, 173328B)
[2026-05-30T06:50:09.712Z] GET https://my.azure.io/templates/lagom2/assets/css/theme.css?v=2.3.6 → 200 (3ms, 1180450B)
[2026-05-30T06:50:09.712Z] GET https://my.azure.io/templates/lagom2/core/styles/depth/assets/css/theme-custom.css?v=2.3.6&v1=1.0.0 → 200 (?ms, 331B)
[2026-05-30T06:50:09.712Z] GET https://my.azure.io/templates/lagom2/assets/js/scripts.min.js?v=2.3.6 → 200 (?ms, 678797B)
[2026-05-30T06:50:09.712Z] GET https://my.azure.io/templates/lagom2/assets/js/core.min.js?v=2.3.6 → 200 (?ms, 68257B)
[2026-05-30T06:50:09.712Z] GET https://my.azure.io/modules/addons/azure/assets/js/affiliate.js → 200 (?ms, 2263B)
[2026-05-30T06:50:09.713Z] GET https://my.azure.io/templates/lagom2/core/styles/depth/assets/js/theme-custom.js?v=1.0.0 → 200 (?ms, 937B)
[2026-05-30T06:50:09.713Z] GET https://my.azure.io/templates/lagom2/core/extensions/ClientNotifications/assets/css/client-notifications.css → 200 (?ms, 26860B)
[2026-05-30T06:50:09.713Z] GET https://my.azure.io/assets/css/fontawesome-all.min.css → 200 (?ms, 156472B)
[2026-05-30T06:50:09.713Z] GET https://static.zdassets.com/ekr/snippet.js?key=a4bec7fa-5553-40c6-ac38-ddcbcad232fb → 200 (?ms, 9693B)
[2026-05-30T06:50:09.713Z] GET https://my.azure.io/templates/lagom2/assets/img/logo/logo_big_inverse.1835843558.png → 200 (1ms, 27941B)
[2026-05-30T06:50:09.714Z] GET https://my.azure.io/templates/lagom2/assets/img/logo/logo_big.520519273.png → 200 (?ms, 57295B)
[2026-05-30T06:50:09.714Z] GET https://my.azure.io/assets/css/dataTables.responsive.css → 200 (1ms, 2444B)
[2026-05-30T06:50:09.714Z] GET https://cdn.datatables.net/responsive/2.2.7/js/dataTables.responsive.js → 200 (47ms, 40599B)
[2026-05-30T06:50:09.714Z] GET https://my.azure.io/templates/lagom2/core/extensions/ClientNotifications/assets/js/client-notifications.js → 200 (?ms, 1048615B)
[2026-05-30T06:50:09.714Z] GET https://my.azure.io/templates/lagom2/assets/js/vendor.js?v=2.3.6 → 200 (?ms, 301980B)
[2026-05-30T06:50:09.715Z] GET https://my.azure.io/templates/lagom2/assets/js/lagom-app.js?v=2.3.6 → 200 (?ms, 97229B)
[2026-05-30T06:50:09.715Z] GET https://my.azure.io/templates/lagom2/assets/js/whmcs-custom.min.js?v=2.3.6 → 200 (?ms, 10381B)
[2026-05-30T06:50:09.733Z] GET https://fonts.googleapis.com/css?family=Roboto:300,400,500,700,900&display=swap → 200 (1ms, 28190B)
[2026-05-30T06:50:09.734Z] GET https://my.azure.io/templates/lagom2/core/styles/depth/assets/css/azure.css → 200 (?ms, 21291B)
[2026-05-30T06:50:09.734Z] GET https://my.azure.io/templates/lagom2/core/styles/depth/assets/css/refer-a-friend.css → 200 (?ms, 52839B)
[2026-05-30T06:50:09.734Z] GET https://my.azure.io/templates/lagom2/core/styles/depth/assets/css/order-wizard-progressbar.css → 200 (?ms, 2533B)
[2026-05-30T06:50:09.734Z] GET https://my.azure.io/templates/lagom2/core/styles/depth/assets/css/order-wizard-packages.css → 200 (?ms, 1182B)
[2026-05-30T06:50:09.734Z] GET https://my.azure.io/templates/lagom2/core/styles/depth/assets/css/order-wizard-domain-selection.css → 200 (?ms, 4809B)
[2026-05-30T06:50:09.735Z] GET https://my.azure.io/templates/lagom2/core/styles/depth/assets/css/order-wizard-product-configuration.css → 200 (?ms, 4687B)
[2026-05-30T06:50:09.735Z] GET https://my.azure.io/templates/lagom2/core/styles/depth/assets/css/order-wizard-configure-domains.css → 200 (?ms, 2079B)
[2026-05-30T06:50:09.735Z] GET https://my.azure.io/templates/lagom2/core/styles/depth/assets/css/order-wizard-finalize.css → 200 (?ms, 3372B)
[2026-05-30T06:50:09.735Z] GET https://my.azure.io/templates/lagom2/core/styles/depth/assets/css/zendesk.css → 200 (?ms, 81B)
[2026-05-30T06:50:09.735Z] GET https://sgtm.azure.io/22nljgkhruc.js?8=aWQ9R1RNLVdRVktKNVhO&sort=desc → 200 (?ms, 604748B)
[2026-05-30T06:50:09.742Z] GET https://fonts.gstatic.com/s/karla/v33/qkB9XvYC6trAT55ZBi1ueQVIjQTD-JrIH2G7nytkHRyQ8p4wUje6bmMorHA.woff2 → 200 (?ms, ?B)
[2026-05-30T06:50:09.743Z] GET https://fonts.gstatic.com/s/rubik/v31/iJWKBXyIfDnIV7nBrXyw023e.woff2 → 200 (?ms, ?B)
[2026-05-30T06:50:09.743Z] GET https://fonts.gstatic.com/s/roboto/v51/KFO7CnqEu92Fr1ME7kSn66aGLdTylUAMa3yUBHMdazQ.woff2 → 200 (?ms, ?B)
[2026-05-30T06:50:09.743Z] GET https://my.azure.io/templates/lagom2/assets/fonts/lagom-medium-icons.woff?v5wga3 → 200 (?ms, ?B)
[2026-05-30T06:50:09.743Z] GET https://my.azure.io/templates/lagom2/assets/fonts/lagom-small-icons.woff?7yz00b → 200 (?ms, ?B)
[2026-05-30T06:50:09.743Z] GET https://my.azure.io/assets/webfonts/fa-light-300.woff2 → 200 (?ms, ?B)
[2026-05-30T06:50:09.743Z] GET https://my.azure.io/assets/webfonts/fa-regular-400.woff2 → 200 (1ms, ?B)
[2026-05-30T06:50:09.744Z] GET https://my.azure.io/assets/webfonts/fa-solid-900.woff2 → 200 (?ms, ?B)
[2026-05-30T06:50:09.837Z] GET https://ekr.zdassets.com/compose/a4bec7fa-5553-40c6-ac38-ddcbcad232fb → 200 (29ms, 1789B)
[2026-05-30T06:50:09.837Z] GET https://my.azure.io/templates/lagom2/assets/img/arrow-drop.svg → 200 (2ms, 496B)
[2026-05-30T06:50:09.865Z] GET https://sgtm.azure.io/gtag/js?id=G-456PJ82D2P&cx=c&gtm=4e65s0h2 → 200 (?ms, 553015B)
[2026-05-30T06:50:09.865Z] GET https://affiliates.azure.eu/scripts/3j3huk3 → 200 (?ms, 16684B)
[2026-05-30T06:50:09.865Z] POST https://www.google.com/ccm/collect?rcb=12&frm=0&ae=g&auid=1115066569.1780123463&dt=My%20Products%20%26%20Services%20-%20Azure&en=page_view&dl=https%3A%2F%2Fmy.azure.io%2Fclientarea.php&scrsrc=sgtm.azure.io&rnd=1988919192.1780123810&navt=n&npa=1&ep.ads_data_redaction=0&gtm=45Fe65s0h2v9176723357za204zd9176723357xea&gcd=13l3l3l2l1l1&dma_cps=a&dma=1&tag_exp=0~115616986~115938466~115938468~116701382~118131809~118228215~119027223~119034493&apve=1&apvf=f&gap.gtb=2&apvc=1&tft=1780123809862&tfd=1430 → 200 (92ms, ?B)
[2026-05-30T06:50:09.868Z] GET https://my.azure.io/templates/lagom2/assets/img/flags/english.svg → 200 (?ms, 927B)
[2026-05-30T06:50:09.881Z] GET https://sgtm.azure.io/g/collect?v=2&tid=G-456PJ82D2P&gtm=45he65s0h2v873723204z89176723357za20kzb9176723357zd9176723357&_p=1780123809732&gcd=13l3l3l2l1l1&npa=1&dma_cps=a&dma=1&ecid=1148866984&_eu=EAAAAGQ&are=1&cid=1632775656.1780123463&ec_mode=a&frm=0&ir=1&pscdl=noapi&rcb=11&sr=1280x720&uaa=arm&uab=64&uafvl=Not%253AA-Brand%3B99.0.0.0%7CHeadlessChrome%3B145.0.7632.6%7CChromium%3B145.0.7632.6&uam=&uamb=0&uap=macOS&uapv=26.4.1&uaw=0&ul=en-us&ur=DE&sst.etld=google.de&sst.gcsub=region1&sst.tft=1780123809732&sst.lpc=13155627&sst.navt=n&sst.ude=1&sst.sw_exp=1&gaf=2&_s=1&tag_exp=0~115616986~115938466~115938469~119034491&sid=1780123462&sct=1&seg=1&dl=https%3A%2F%2Fmy.azure.io%2Fclientarea.php%3Faction%3Dservices&dt=My%20Products%20%26%20Services%20-%20Azure&_tu=BA&en=page_view&gap.gtb=2&ep.Affiliate_id=&ep.content_group=ENG%20site&ep.anonymize_ip=true&ep.transport_type=beacon&ep.custom_2=%2Fclientarea.php%3Faction%3Dservices&ep.affiliate_event_id=&ep.url_passthrough=true&ep.user_data.email=info%40azure.io&tfd=1448&richsstsse → 200 (72ms, 769B)
[2026-05-30T06:50:09.885Z] GET https://affiliates.azure.eu/scripts/3r3huk3?visitorId=Q7GN4nlC9tgqW2ixW8X9a054o0coa2uB&accountId=default1&tracking=1&url=S_my.azure.io%2Fclientarea.php&referrer=&isInIframe=false&getParams=%3Faction%3Dservices&anchor= → 200 (206ms, 19B)
[2026-05-30T06:50:09.902Z] GET https://sgtm.azure.io/_/service_worker/65d0/sw_iframe.html?origin=https%3A%2F%2Fmy.azure.io&1p=1 → 200 (1ms, 3529B)
[2026-05-30T06:50:09.903Z] GET https://static.zdassets.com/web_widget/messenger/latest/web-widget-main-9def758.js → 200 (?ms, 563990B)
[2026-05-30T06:50:09.906Z] GET https://static.zdassets.com/web_widget/messenger/latest/web-widget-5433-9def758.js → 200 (?ms, 446116B)
[2026-05-30T06:50:09.906Z] GET https://static.zdassets.com/web_widget/messenger/latest/web-widget-locales/messenger/en-us-json-9def758.js → 200 (?ms, 31149B)
[2026-05-30T06:50:09.906Z] GET https://static.zdassets.com/web_widget/messenger/latest/web-widget-6240-9def758.js → 200 (?ms, 68115B)
[2026-05-30T06:50:09.906Z] GET https://static.zdassets.com/web_widget/messenger/latest/web-widget-8301-9def758.js → 200 (?ms, 35082B)
[2026-05-30T06:50:09.906Z] GET https://static.zdassets.com/web_widget/messenger/latest/web-widget-7941-9def758.js → 200 (?ms, 19412B)
[2026-05-30T06:50:09.906Z] GET https://static.zdassets.com/web_widget/messenger/latest/web-widget-1606-9def758.js → 200 (?ms, 17645B)
[2026-05-30T06:50:09.923Z] POST https://azure.zendesk.com/frontendevents/pv?client=1B752747-577B-429A-A0E0-83861AF69088 → 200 (95ms, ?B)
[2026-05-30T06:50:09.923Z] GET https://azure.zendesk.com/embeddable/config → 200 (22ms, 1455B)
[2026-05-30T06:50:09.954Z] GET https://www.google.de/ads/ga-audiences?v=1&t=sr&slf_rd=1&_r=4&dma=1&dma_cps=a&npa=1&gcd=13l3l3l2l1l1&tid=G-456PJ82D2P&cid=1632775656.1780123463&gtm=45h91e65r0v873723204z89176723357z99176724746za20kzb9176723357zd9176723357&tag_exp=0~115616986~115938466~115938469~117384417~117384417~119034491&_is_sw=f15s0te&_tu=BA&gap.gtb=2&aip=1&z=1752782598 → 200 (472ms, 42B)
[2026-05-30T06:50:09.954Z] GET https://sgtm.azure.io/_/set_cookie?val=oFF%2BYlfOjFYAGt%2B1mde9WdIILF9valdjY1%2BBH%2Fo9H%2BVuR5usmsH%2BFW2BsEKo18gikUyw9eZ1vB2XfxRYGkKHQDSxxN71pljiOMimDFVh6oQ9%2FgTY7bJtq9sSuHiEqlzHd%2BFlkHoc%2F0Bz477Su9Z%2FABtrV6BilReQ%2FB6QjPPan2gMO5qwsWDlJr6WXrUQMOo%3D&path=%2F → 200 (39ms, ?B)
[2026-05-30T06:50:10.428Z] GET https://widget.trustpilot.com/bootstrap/v5/tp.widget.bootstrap.min.js → 200 (?ms, 24915B)
[2026-05-30T06:50:15.946Z] GET https://my.azure.io/clientarea.php?action=productdetails&id=59214 → pending (?ms, ?B)
[2026-05-30T06:50:15.946Z] POST https://azure.zendesk.com/frontendevents/dl?client=1B752747-577B-429A-A0E0-83861AF69088 → 200 (71ms, ?B)
[2026-05-30T06:50:17.834Z] POST https://sgtm.azure.io/g/collect?v=2&tid=G-456PJ82D2P&gtm=45he65s0h2v873723204za20kzb9176723357zd9176723357&_p=1780123809732&gcd=13l3l3l2l1l1&npa=1&dma_cps=a&dma=1&ecid=1148866984&_eu=EAAAAGQ&are=1&cid=1632775656.1780123463&frm=0&ir=1&pscdl=noapi&rcb=11&sr=1280x720&uaa=arm&uab=64&uafvl=Not%253AA-Brand%3B99.0.0.0%7CHeadlessChrome%3B145.0.7632.6%7CChromium%3B145.0.7632.6&uam=&uamb=0&uap=macOS&uapv=26.4.1&uaw=0&ul=en-us&ur=DE&sst.etld=google.de&sst.gcsub=region1&sst.tft=1780123809732&sst.lpc=13155627&sst.navt=n&sst.ude=1&sst.sw_exp=1&gaf=2&_s=2&tag_exp=0~115616986~115938466~115938469~119034491&sid=1780123462&sct=1&seg=1&dl=https%3A%2F%2Fmy.azure.io%2Fclientarea.php%3Faction%3Dservices&dt=My%20Products%20%26%20Services%20-%20Azure&_tu=BA&en=user_engagement&gap.gtb=2&ep.Affiliate_id=&ep.content_group=ENG%20site&ep.anonymize_ip=true&ep.transport_type=beacon&ep.custom_2=%2Fclientarea.php%3Faction%3Dservices&ep.affiliate_event_id=&ep.url_passthrough=true&_et=7949&tfd=9400 → pending (?ms, ?B)
[2026-05-30T06:50:17.837Z] GET https://fonts.googleapis.com/css?family=Karla:400,700|Rubik:300,400,500,700&display=swap&subset=latin-ext → 200 (1ms, 12242B)
[2026-05-30T06:50:17.838Z] GET https://my.azure.io/templates/lagom2/core/styles/depth/assets/css/vars/minified.css?1752124174 → 200 (?ms, 173328B)
[2026-05-30T06:50:17.838Z] GET https://my.azure.io/templates/lagom2/assets/css/theme.css?v=2.3.6 → 200 (?ms, 1180450B)
[2026-05-30T06:50:17.838Z] GET https://my.azure.io/templates/lagom2/core/styles/depth/assets/css/theme-custom.css?v=2.3.6&v1=1.0.0 → 200 (?ms, 331B)
[2026-05-30T06:50:17.838Z] GET https://my.azure.io/templates/lagom2/assets/js/scripts.min.js?v=2.3.6 → 200 (?ms, 678797B)
[2026-05-30T06:50:17.838Z] GET https://my.azure.io/templates/lagom2/assets/js/core.min.js?v=2.3.6 → 200 (?ms, 68257B)
[2026-05-30T06:50:17.838Z] GET https://my.azure.io/modules/addons/azure/assets/js/affiliate.js → 200 (1ms, 2263B)
[2026-05-30T06:50:17.839Z] GET https://my.azure.io/templates/lagom2/core/styles/depth/assets/js/theme-custom.js?v=1.0.0 → 200 (?ms, 937B)
[2026-05-30T06:50:17.839Z] GET https://my.azure.io/templates/lagom2/core/extensions/ClientNotifications/assets/css/client-notifications.css → 200 (?ms, 26860B)
[2026-05-30T06:50:17.839Z] GET https://my.azure.io/assets/css/fontawesome-all.min.css → 200 (?ms, 156472B)
[2026-05-30T06:50:17.839Z] GET https://static.zdassets.com/ekr/snippet.js?key=a4bec7fa-5553-40c6-ac38-ddcbcad232fb → 200 (?ms, 9693B)
[2026-05-30T06:50:17.839Z] GET https://my.azure.io/templates/lagom2/assets/img/logo/logo_big_inverse.1835843558.png → 200 (?ms, 27941B)
[2026-05-30T06:50:17.839Z] GET https://my.azure.io/templates/lagom2/assets/img/logo/logo_big.520519273.png → 200 (1ms, 57295B)
[2026-05-30T06:50:17.840Z] GET https://my.azure.io/assets/js/jquery.knob.js → 200 (83ms, 20743B)
[2026-05-30T06:50:17.840Z] GET https://my.azure.io/templates/lagom2/core/extensions/ClientNotifications/assets/js/client-notifications.js → 200 (?ms, 1048615B)
[2026-05-30T06:50:17.840Z] GET https://my.azure.io/templates/lagom2/assets/js/vendor.js?v=2.3.6 → 200 (?ms, 301980B)
[2026-05-30T06:50:17.840Z] GET https://my.azure.io/templates/lagom2/assets/js/lagom-app.js?v=2.3.6 → 200 (?ms, 97229B)
[2026-05-30T06:50:17.840Z] GET https://my.azure.io/templates/lagom2/assets/js/whmcs-custom.min.js?v=2.3.6 → 200 (?ms, 10381B)
[2026-05-30T06:50:17.846Z] GET https://fonts.googleapis.com/css?family=Roboto:300,400,500,700,900&display=swap → 200 (?ms, 28190B)
[2026-05-30T06:50:17.847Z] GET https://my.azure.io/templates/lagom2/core/styles/depth/assets/css/azure.css → 200 (?ms, 21291B)
[2026-05-30T06:50:17.847Z] GET https://my.azure.io/templates/lagom2/core/styles/depth/assets/css/refer-a-friend.css → 200 (?ms, 52839B)
[2026-05-30T06:50:17.847Z] GET https://my.azure.io/templates/lagom2/core/styles/depth/assets/css/order-wizard-progressbar.css → 200 (?ms, 2533B)
[2026-05-30T06:50:17.847Z] GET https://my.azure.io/templates/lagom2/core/styles/depth/assets/css/order-wizard-packages.css → 200 (?ms, 1182B)
[2026-05-30T06:50:17.847Z] GET https://my.azure.io/templates/lagom2/core/styles/depth/assets/css/order-wizard-domain-selection.css → 200 (?ms, 4809B)
[2026-05-30T06:50:17.847Z] GET https://my.azure.io/templates/lagom2/core/styles/depth/assets/css/order-wizard-product-configuration.css → 200 (?ms, 4687B)
[2026-05-30T06:50:17.847Z] GET https://my.azure.io/templates/lagom2/core/styles/depth/assets/css/order-wizard-configure-domains.css → 200 (?ms, 2079B)
[2026-05-30T06:50:17.847Z] GET https://my.azure.io/templates/lagom2/core/styles/depth/assets/css/order-wizard-finalize.css → 200 (?ms, 3372B)
[2026-05-30T06:50:17.848Z] GET https://my.azure.io/templates/lagom2/core/styles/depth/assets/css/zendesk.css → 200 (?ms, 81B)
[2026-05-30T06:50:17.848Z] GET https://sgtm.azure.io/22nljgkhruc.js?8=aWQ9R1RNLVdRVktKNVhO&sort=desc → 200 (3ms, 604748B)
[2026-05-30T06:50:17.851Z] GET https://ekr.zdassets.com/compose/a4bec7fa-5553-40c6-ac38-ddcbcad232fb → 200 (56ms, 1789B)
[2026-05-30T06:50:17.856Z] GET https://fonts.gstatic.com/s/karla/v33/qkB9XvYC6trAT55ZBi1ueQVIjQTD-JrIH2G7nytkHRyQ8p4wUje6bmMorHA.woff2 → 200 (?ms, ?B)
[2026-05-30T06:50:17.856Z] GET https://fonts.gstatic.com/s/rubik/v31/iJWKBXyIfDnIV7nBrXyw023e.woff2 → 200 (?ms, ?B)
[2026-05-30T06:50:17.856Z] GET https://fonts.gstatic.com/s/roboto/v51/KFO7CnqEu92Fr1ME7kSn66aGLdTylUAMa3yUBHMdazQ.woff2 → 200 (?ms, ?B)
[2026-05-30T06:50:17.856Z] GET https://my.azure.io/templates/lagom2/assets/fonts/lagom-medium-icons.woff?v5wga3 → 200 (?ms, ?B)
[2026-05-30T06:50:17.856Z] GET https://my.azure.io/templates/lagom2/assets/fonts/lagom-small-icons.woff?7yz00b → 200 (?ms, ?B)
[2026-05-30T06:50:17.857Z] GET https://my.azure.io/assets/webfonts/fa-light-300.woff2 → 200 (?ms, ?B)
[2026-05-30T06:50:17.857Z] GET https://my.azure.io/assets/webfonts/fa-regular-400.woff2 → 200 (?ms, ?B)
[2026-05-30T06:50:17.857Z] GET https://my.azure.io/assets/webfonts/fa-solid-900.woff2 → 200 (?ms, ?B)
[2026-05-30T06:50:17.928Z] GET https://sgtm.azure.io/gtag/js?id=G-456PJ82D2P&cx=c&gtm=4e65s0h2 → 200 (?ms, 553015B)
[2026-05-30T06:50:17.928Z] GET https://affiliates.azure.eu/scripts/3j3huk3 → 200 (?ms, 16684B)
[2026-05-30T06:50:17.928Z] POST https://www.google.com/ccm/collect?rcb=10&frm=0&ae=g&auid=1115066569.1780123463&dt=Manage%20Product%20-%20Azure&en=page_view&dl=https%3A%2F%2Fmy.azure.io%2Fclientarea.php&scrsrc=sgtm.azure.io&rnd=200271060.1780123818&navt=n&npa=1&ep.ads_data_redaction=0&gtm=45Fe65s0h2v9176723357za204zd9176723357xea&gcd=13l3l3l2l1l1&dma_cps=a&dma=1&tag_exp=0~115938465~115938469~116701382~118131809~119027224~119034491~119064591&apve=1&apvf=f&gap.gtb=2&apvc=1&tft=1780123817927&tfd=1982 → 200 (48ms, ?B)
[2026-05-30T06:50:17.941Z] GET https://sgtm.azure.io/g/collect?v=2&tid=G-456PJ82D2P&gtm=45he65s0h2v873723204z89176723357za20kzb9176723357zd9176723357&_p=1780123817845&gcd=13l3l3l2l1l1&npa=1&dma_cps=a&dma=1&ecid=1148866984&_eu=EAAAAGQ&are=1&cid=1632775656.1780123463&ec_mode=a&frm=0&ir=1&pscdl=noapi&rcb=4&sr=1280x720&uaa=arm&uab=64&uafvl=Not%253AA-Brand%3B99.0.0.0%7CHeadlessChrome%3B145.0.7632.6%7CChromium%3B145.0.7632.6&uam=&uamb=0&uap=macOS&uapv=26.4.1&uaw=0&ul=en-us&ur=DE&sst.etld=google.de&sst.gcsub=region1&sst.tft=1780123817845&sst.lpc=13155627&sst.navt=n&sst.ude=1&sst.sw_exp=1&gaf=2&_s=1&tag_exp=0~115616986~115938465~115938468~119027223~119034493~119259606&sid=1780123462&sct=1&seg=1&dl=https%3A%2F%2Fmy.azure.io%2Fclientarea.php%3Faction%3Dproductdetails%26id%3D59214&dt=Manage%20Product%20-%20Azure&_tu=BA&en=page_view&gap.gtb=2&ep.Affiliate_id=&ep.content_group=ENG%20site&ep.anonymize_ip=true&ep.transport_type=beacon&ep.custom_2=%2Fclientarea.php%3Faction%3Dproductdetails%26id%3D59214&ep.affiliate_event_id=&ep.url_passthrough=true&ep.user_data.email=info%40azure.io&tfd=1995&richsstsse → 200 (85ms, 781B)
[2026-05-30T06:50:17.949Z] GET https://affiliates.azure.eu/scripts/3r3huk3?visitorId=Q7GN4nlC9tgqW2ixW8X9a054o0coa2uB&accountId=default1&tracking=1&url=S_my.azure.io%2Fclientarea.php&referrer=&isInIframe=false&getParams=%3Faction%3Dproductdetails%26id%3D59214&anchor= → 200 (68ms, 19B)
[2026-05-30T06:50:17.954Z] GET https://my.azure.io/templates/lagom2/assets/img/flags/english.svg → 200 (?ms, 927B)
[2026-05-30T06:50:17.973Z] GET https://static.zdassets.com/web_widget/messenger/latest/web-widget-main-9def758.js → 200 (?ms, 563990B)
[2026-05-30T06:50:17.976Z] GET https://sgtm.azure.io/_/service_worker/65d0/sw_iframe.html?origin=https%3A%2F%2Fmy.azure.io&1p=1 → 200 (?ms, 3529B)
[2026-05-30T06:50:17.987Z] GET https://static.zdassets.com/web_widget/messenger/latest/web-widget-5433-9def758.js → 200 (?ms, 446116B)
[2026-05-30T06:50:17.987Z] GET https://static.zdassets.com/web_widget/messenger/latest/web-widget-locales/messenger/en-us-json-9def758.js → 200 (?ms, 31149B)
[2026-05-30T06:50:17.987Z] GET https://static.zdassets.com/web_widget/messenger/latest/web-widget-6240-9def758.js → 200 (1ms, 68115B)
[2026-05-30T06:50:17.988Z] GET https://static.zdassets.com/web_widget/messenger/latest/web-widget-8301-9def758.js → 200 (?ms, 35082B)
[2026-05-30T06:50:17.988Z] GET https://static.zdassets.com/web_widget/messenger/latest/web-widget-7941-9def758.js → 200 (?ms, 19412B)
[2026-05-30T06:50:17.988Z] GET https://static.zdassets.com/web_widget/messenger/latest/web-widget-1606-9def758.js → 200 (?ms, 17645B)
[2026-05-30T06:50:18.003Z] POST https://azure.zendesk.com/frontendevents/pv?client=1B752747-577B-429A-A0E0-83861AF69088 → 200 (78ms, ?B)
[2026-05-30T06:50:18.003Z] GET https://azure.zendesk.com/embeddable/config → 200 (17ms, 1455B)
[2026-05-30T06:50:18.026Z] GET https://www.google.de/ads/ga-audiences?v=1&t=sr&slf_rd=1&_r=4&dma=1&dma_cps=a&npa=1&gcd=13l3l3l2l1l1&tid=G-456PJ82D2P&cid=1632775656.1780123463&gtm=45h91e65r0v873723204z89176723357z99176724746za20kzb9176723357zd9176723357&tag_exp=0~115616986~115938465~115938468~117384418~117384418~119027223~119034493~119259606&_is_sw=f15s0t1&_tu=BA&gap.gtb=2&aip=1&z=1927785590 → 200 (191ms, 42B)
[2026-05-30T06:50:18.026Z] GET https://sgtm.azure.io/_/set_cookie?val=OfG1czbyiv15pL1RYmeI%2FIfXXS1Y%2Bj2Gx28YHccMbbtvgxAWQ6gINKwu7lBCQfE5obdblymLEYuNbuL9WPjzW7jWfm%2BD5S2S51ul%2B3na%2BVR3mmWnRO2ffVaprGxJvkDiHPtvlNdQs1c0rdO3Uc%2FVG8lii%2F2xZ4XUzq0586TgypyYAEDn99VI7xZiwGOT4fQ%3D&path=%2F → 200 (44ms, ?B)
[2026-05-30T06:50:18.219Z] GET https://widget.trustpilot.com/bootstrap/v5/tp.widget.bootstrap.min.js → 200 (1ms, 24915B)
[2026-05-30T06:50:29.095Z] GET https://my.azure.io/clientarea.php?action=productdetails&id=59214&dosinglesignon=1&success_redirect_url=%2Fsmb%2Ffile-manager%2Flist → pending (?ms, ?B)
[2026-05-30T06:50:29.096Z] POST https://azure.zendesk.com/frontendevents/dl?client=1B752747-577B-429A-A0E0-83861AF69088 → 200 (85ms, ?B)
[2026-05-30T06:50:30.066Z] GET https://shared182.azure-host.io:8443/enterprise/rsession_init.php?PLESKSESSID=53099af438d430a7f39bb4ac34d30c89&success_redirect_url=%2Fsmb%2Ffile-manager%2Flist → 303 (263ms, ?B)
[2026-05-30T06:50:30.330Z] GET https://shared182.azure-host.io:8443/smb/file-manager/list → 302 (188ms, ?B)
[2026-05-30T06:50:30.518Z] GET https://shared182.azure-host.io:8443/smb/file-manager/list?subscriptionId=315 → pending (?ms, ?B)
[2026-05-30T06:50:31.018Z] GET https://shared182.azure-host.io:8443/ui-library/plesk-ui-library.css?1776167623 → 200 (2ms, 224433B)
[2026-05-30T06:50:31.019Z] GET https://shared182.azure-host.io:8443/cp/theme/css/main.css?1776342700 → 200 (2ms, 393183B)
[2026-05-30T06:50:31.019Z] GET https://shared182.azure-host.io:8443/modules/letsencrypt/global.css?1778542620 → 200 (2ms, 676B)
[2026-05-30T06:50:31.020Z] GET https://shared182.azure-host.io:8443/modules/global/global.css?1771587571 → 200 (1ms, 446B)
[2026-05-30T06:50:31.020Z] GET https://shared182.azure-host.io:8443/cp/javascript/externals/prototype.js?1776342700 → 200 (7ms, 96954B)
[2026-05-30T06:50:31.020Z] GET https://shared182.azure-host.io:8443/ui-library/plesk-ui-library.min.js?1776167623 → 200 (22ms, 674043B)
[2026-05-30T06:50:31.020Z] GET https://shared182.azure-host.io:8443/cp/javascript/vendors.js?1776342700 → 200 (70ms, 3522333B)
[2026-05-30T06:50:31.020Z] GET https://shared182.azure-host.io:8443/cp/javascript/main.js?1776342700 → 200 (52ms, 1140810B)
[2026-05-30T06:50:31.020Z] GET https://shared182.azure-host.io:8443/cp/javascript/externals/require.js?1776342700 → 200 (7ms, 17713B)
[2026-05-30T06:50:31.020Z] GET https://shared182.azure-host.io:8443/modules/notifier/global.js?1761640718 → 200 (7ms, 18383B)
[2026-05-30T06:50:31.020Z] GET https://shared182.azure-host.io:8443/modules/letsencrypt/global.js?1778542620 → 200 (7ms, 728B)
[2026-05-30T06:50:31.020Z] GET https://shared182.azure-host.io:8443/modules/global/global.js?1752676665 → 200 (7ms, 78B)
[2026-05-30T06:50:31.020Z] GET https://shared182.azure-host.io:8443/modules/notifier/obsidian.css?1761640718 → 200 (6ms, 6984B)
[2026-05-30T06:50:31.297Z] POST https://sentry.io/api/1327420/envelope/?sentry_version=7&sentry_key=50365a6fe24f4ff28f6b625410e04a35&sentry_client=sentry.javascript.browser%2F10.45.0 → 200 (123ms, 2B)
[2026-05-30T06:50:31.297Z] GET https://shared182.azure-host.io:8443/cp/javascript/views/smb/file-manager/list.js?2dfb149c0e2e140b46b8 → 200 (51ms, 125759B)
[2026-05-30T06:50:31.401Z] GET https://shared182.azure-host.io:8443/ui-library/images/symbols.svg?c93dbf4e8547363db109 → 200 (9ms, 291639B)
[2026-05-30T06:50:31.401Z] GET https://shared182.azure-host.io:8443/cp/theme/icons/16/plesk/nav-domains.svg?7f2c02268a8a1b5ffe3e → 200 (10ms, 321B)
[2026-05-30T06:50:31.401Z] GET https://shared182.azure-host.io:8443/cp/theme/icons/16/plesk/nav-mail.svg?97d848270f446e8680e8 → 200 (10ms, 380B)
[2026-05-30T06:50:31.401Z] GET https://shared182.azure-host.io:8443/cp/theme/icons/16/plesk/nav-files.svg?b94b6baccf09bf47a8f7 → 200 (10ms, 387B)
[2026-05-30T06:50:31.401Z] GET https://shared182.azure-host.io:8443/cp/theme/icons/16/plesk/nav-database.svg?b42d673749c256397c0d → 200 (10ms, 831B)
[2026-05-30T06:50:31.401Z] GET https://shared182.azure-host.io:8443/cp/theme/icons/16/plesk/nav-statistic.svg?43588c1f73898e33b5ab → 200 (10ms, 459B)
[2026-05-30T06:50:31.401Z] GET https://shared182.azure-host.io:8443/cp/theme/icons/16/plesk/nav-clients.svg?5cb0f472b6557c28d3de → 200 (10ms, 745B)
[2026-05-30T06:50:31.401Z] GET https://shared182.azure-host.io:8443/cp/theme/icons/16/plesk/nav-profile.svg?8caf2ae59f37b2c3fddb → 200 (11ms, 713B)
[2026-05-30T06:50:31.401Z] GET https://shared182.azure-host.io:8443/modules/wp-toolkit/images/nav-wordpress-toolkit.svg → 200 (11ms, 1247B)
[2026-05-30T06:50:31.401Z] GET https://shared182.azure-host.io:8443/modules/warden/assets/img/application/icons/32x32.png → 200 (11ms, 931B)
[2026-05-30T06:50:31.401Z] GET https://shared182.azure-host.io:8443/ui-library/fonts/open-sans-regular.woff2?e7777b3c2bb7ae4d50f3 → 200 (12ms, 59600B)
[2026-05-30T06:50:31.401Z] GET https://shared182.azure-host.io:8443/ui-library/fonts/open-sans-600.woff2?098c0a7547a49b0ce576 → 200 (12ms, 61548B)
[2026-05-30T06:50:31.401Z] GET https://shared182.azure-host.io:8443/cp/theme//icons/16/plesk/file-folder.png?377a0415c8e86b629f04f2de969b6dc7 → 200 (31ms, 1264B)
[2026-05-30T06:50:31.401Z] GET https://shared182.azure-host.io:8443/cp/theme//images/tree-open.gif?56398e76be6355ad5999b262208a17c9 → 200 (31ms, 49B)
[2026-05-30T06:50:31.401Z] GET https://shared182.azure-host.io:8443/cp/theme/images/logos/plesk/logo.svg → 200 (12ms, 2728B)
[2026-05-30T06:50:31.432Z] GET https://shared182.azure-host.io:8443/cp/theme//icons/16/plesk/menu.png?a75a537332528331bb513a94e26d173d → 200 (26ms, 1032B)
[2026-05-30T06:50:31.432Z] GET https://shared182.azure-host.io:8443/cp/theme//icons/16/plesk/file-txt.png?9bfe434b7467e7d61abb4b3ae8adc711 → 200 (27ms, 1212B)
[2026-05-30T06:50:31.444Z] GET https://shared182.azure-host.io:8443/smb/task/task-progress → pending (?ms, ?B)
[2026-05-30T06:50:31.581Z] GET https://shared182.azure-host.io:8443/cp/javascript/app/task-progress-bar.js?5f98ca85617ec85205cd → 200 (1ms, 3449B)
[2026-05-30T06:50:40.967Z] GET https://shared182.azure-host.io:8443/smb/file-manager/list?subscriptionId=315&path=/httpdocs/wp-content/themes/kadence-child → 200 (323ms, 122577B)
[2026-05-30T06:50:41.291Z] POST https://sentry.io/api/1327420/envelope/?sentry_version=7&sentry_key=50365a6fe24f4ff28f6b625410e04a35&sentry_client=sentry.javascript.browser%2F10.45.0 → pending (?ms, ?B)
[2026-05-30T06:50:41.294Z] GET https://shared182.azure-host.io:8443/ui-library/plesk-ui-library.css?1776167623 → 200 (?ms, 224433B)
[2026-05-30T06:50:41.294Z] GET https://shared182.azure-host.io:8443/cp/theme/css/main.css?1776342700 → 200 (?ms, 393183B)
[2026-05-30T06:50:41.294Z] GET https://shared182.azure-host.io:8443/modules/letsencrypt/global.css?1778542620 → 200 (?ms, 676B)
[2026-05-30T06:50:41.294Z] GET https://shared182.azure-host.io:8443/modules/global/global.css?1771587571 → 200 (?ms, 446B)
[2026-05-30T06:50:41.294Z] GET https://shared182.azure-host.io:8443/cp/javascript/externals/prototype.js?1776342700 → 200 (?ms, 96954B)
[2026-05-30T06:50:41.294Z] GET https://shared182.azure-host.io:8443/ui-library/plesk-ui-library.min.js?1776167623 → 200 (?ms, 674043B)
[2026-05-30T06:50:41.294Z] GET https://shared182.azure-host.io:8443/cp/javascript/vendors.js?1776342700 → 200 (?ms, 3522333B)
[2026-05-30T06:50:41.295Z] GET https://shared182.azure-host.io:8443/cp/javascript/main.js?1776342700 → 200 (?ms, 1140810B)
[2026-05-30T06:50:41.295Z] GET https://shared182.azure-host.io:8443/cp/javascript/externals/require.js?1776342700 → 200 (?ms, 17713B)
[2026-05-30T06:50:41.295Z] GET https://shared182.azure-host.io:8443/modules/notifier/global.js?1761640718 → 200 (?ms, 18383B)
[2026-05-30T06:50:41.295Z] GET https://shared182.azure-host.io:8443/modules/letsencrypt/global.js?1778542620 → 200 (?ms, 728B)
[2026-05-30T06:50:41.295Z] GET https://shared182.azure-host.io:8443/modules/global/global.js?1752676665 → 200 (?ms, 78B)
[2026-05-30T06:50:41.295Z] GET https://shared182.azure-host.io:8443/modules/notifier/obsidian.css?1761640718 → 200 (?ms, 6984B)
[2026-05-30T06:50:41.342Z] GET https://shared182.azure-host.io:8443/ui-library/fonts/open-sans-regular.woff2?e7777b3c2bb7ae4d50f3 → 200 (?ms, ?B)
[2026-05-30T06:50:41.342Z] GET https://shared182.azure-host.io:8443/ui-library/fonts/open-sans-600.woff2?098c0a7547a49b0ce576 → 200 (?ms, ?B)
[2026-05-30T06:50:41.481Z] POST https://sentry.io/api/1327420/envelope/?sentry_version=7&sentry_key=50365a6fe24f4ff28f6b625410e04a35&sentry_client=sentry.javascript.browser%2F10.45.0 → pending (?ms, ?B)
[2026-05-30T06:50:41.481Z] GET https://shared182.azure-host.io:8443/cp/javascript/views/smb/file-manager/list.js?2dfb149c0e2e140b46b8 → 200 (?ms, 125759B)
[2026-05-30T06:50:41.509Z] GET https://shared182.azure-host.io:8443/cp/theme/images/logos/plesk/logo.svg → 200 (?ms, 2728B)
[2026-05-30T06:50:41.509Z] GET https://shared182.azure-host.io:8443/cp/theme//icons/16/plesk/file-folder.png?377a0415c8e86b629f04f2de969b6dc7 → 200 (?ms, 1264B)
[2026-05-30T06:50:41.509Z] GET https://shared182.azure-host.io:8443/cp/theme//images/tree-open.gif?56398e76be6355ad5999b262208a17c9 → 200 (?ms, 49B)
[2026-05-30T06:50:41.510Z] GET https://shared182.azure-host.io:8443/cp/theme/icons/16/plesk/nav-domains.svg?7f2c02268a8a1b5ffe3e → 200 (?ms, 321B)
[2026-05-30T06:50:41.510Z] GET https://shared182.azure-host.io:8443/cp/theme/icons/16/plesk/nav-mail.svg?97d848270f446e8680e8 → 200 (?ms, 380B)
[2026-05-30T06:50:41.510Z] GET https://shared182.azure-host.io:8443/cp/theme/icons/16/plesk/nav-files.svg?b94b6baccf09bf47a8f7 → 200 (?ms, 387B)
[2026-05-30T06:50:41.510Z] GET https://shared182.azure-host.io:8443/cp/theme/icons/16/plesk/nav-database.svg?b42d673749c256397c0d → 200 (?ms, 831B)
[2026-05-30T06:50:41.510Z] GET https://shared182.azure-host.io:8443/cp/theme/icons/16/plesk/nav-statistic.svg?43588c1f73898e33b5ab → 200 (?ms, 459B)
[2026-05-30T06:50:41.510Z] GET https://shared182.azure-host.io:8443/cp/theme/icons/16/plesk/nav-clients.svg?5cb0f472b6557c28d3de → 200 (?ms, 745B)
[2026-05-30T06:50:41.510Z] GET https://shared182.azure-host.io:8443/cp/theme/icons/16/plesk/nav-profile.svg?8caf2ae59f37b2c3fddb → 200 (?ms, 713B)
[2026-05-30T06:50:41.510Z] GET https://shared182.azure-host.io:8443/modules/wp-toolkit/images/nav-wordpress-toolkit.svg → 200 (?ms, 1247B)
[2026-05-30T06:50:41.510Z] GET https://shared182.azure-host.io:8443/modules/warden/assets/img/application/icons/32x32.png → 200 (?ms, 931B)
[2026-05-30T06:50:41.520Z] GET https://shared182.azure-host.io:8443/cp/theme//icons/16/plesk/menu.png?a75a537332528331bb513a94e26d173d → 200 (?ms, 1032B)
[2026-05-30T06:50:41.520Z] GET https://shared182.azure-host.io:8443/cp/theme//icons/16/plesk/file-txt.png?9bfe434b7467e7d61abb4b3ae8adc711 → 200 (?ms, 1212B)
[2026-05-30T06:50:41.579Z] GET https://shared182.azure-host.io:8443/smb/task/task-progress → 200 (142ms, 4093B)
[2026-05-30T06:50:41.721Z] GET https://shared182.azure-host.io:8443/cp/javascript/app/task-progress-bar.js?5f98ca85617ec85205cd → 200 (?ms, 3449B)
[2026-05-30T06:51:20.565Z] GET https://shared182.azure-host.io:8443/smb/file-manager/list?subscriptionId=315&path=/httpdocs/wp-content/themes → pending (?ms, ?B)
[2026-05-30T06:51:20.932Z] POST https://sentry.io/api/1327420/envelope/?sentry_version=7&sentry_key=50365a6fe24f4ff28f6b625410e04a35&sentry_client=sentry.javascript.browser%2F10.45.0 → pending (?ms, ?B)
[2026-05-30T06:51:20.934Z] GET https://shared182.azure-host.io:8443/ui-library/plesk-ui-library.css?1776167623 → 200 (1ms, 224433B)
[2026-05-30T06:51:20.935Z] GET https://shared182.azure-host.io:8443/cp/theme/css/main.css?1776342700 → 200 (?ms, 393183B)
[2026-05-30T06:51:20.935Z] GET https://shared182.azure-host.io:8443/modules/letsencrypt/global.css?1778542620 → 200 (1ms, 676B)
[2026-05-30T06:51:20.936Z] GET https://shared182.azure-host.io:8443/modules/global/global.css?1771587571 → 200 (?ms, 446B)
[2026-05-30T06:51:20.936Z] GET https://shared182.azure-host.io:8443/cp/javascript/externals/prototype.js?1776342700 → 200 (?ms, 96954B)
[2026-05-30T06:51:20.936Z] GET https://shared182.azure-host.io:8443/ui-library/plesk-ui-library.min.js?1776167623 → 200 (?ms, 674043B)
[2026-05-30T06:51:20.937Z] GET https://shared182.azure-host.io:8443/cp/javascript/vendors.js?1776342700 → 200 (?ms, 3522333B)
[2026-05-30T06:51:20.937Z] GET https://shared182.azure-host.io:8443/cp/javascript/main.js?1776342700 → 200 (?ms, 1140810B)
[2026-05-30T06:51:20.937Z] GET https://shared182.azure-host.io:8443/cp/javascript/externals/require.js?1776342700 → 200 (1ms, 17713B)
[2026-05-30T06:51:20.938Z] GET https://shared182.azure-host.io:8443/modules/notifier/global.js?1761640718 → 200 (?ms, 18383B)
[2026-05-30T06:51:20.938Z] GET https://shared182.azure-host.io:8443/modules/letsencrypt/global.js?1778542620 → 200 (?ms, 728B)
[2026-05-30T06:51:20.938Z] GET https://shared182.azure-host.io:8443/modules/global/global.js?1752676665 → 200 (?ms, 78B)
[2026-05-30T06:51:20.938Z] GET https://shared182.azure-host.io:8443/modules/notifier/obsidian.css?1761640718 → 200 (1ms, 6984B)
[2026-05-30T06:51:20.958Z] GET https://shared182.azure-host.io:8443/ui-library/fonts/open-sans-regular.woff2?e7777b3c2bb7ae4d50f3 → 200 (?ms, ?B)
[2026-05-30T06:51:20.958Z] GET https://shared182.azure-host.io:8443/ui-library/fonts/open-sans-600.woff2?098c0a7547a49b0ce576 → 200 (?ms, ?B)
[2026-05-30T06:51:21.093Z] POST https://sentry.io/api/1327420/envelope/?sentry_version=7&sentry_key=50365a6fe24f4ff28f6b625410e04a35&sentry_client=sentry.javascript.browser%2F10.45.0 → 200 (102ms, 2B)
[2026-05-30T06:51:21.093Z] GET https://shared182.azure-host.io:8443/cp/javascript/views/smb/file-manager/list.js?2dfb149c0e2e140b46b8 → 200 (?ms, 125759B)
[2026-05-30T06:51:21.121Z] GET https://shared182.azure-host.io:8443/cp/theme/images/logos/plesk/logo.svg → 200 (?ms, 2728B)
[2026-05-30T06:51:21.121Z] GET https://shared182.azure-host.io:8443/cp/theme//icons/16/plesk/file-folder.png?377a0415c8e86b629f04f2de969b6dc7 → 200 (?ms, 1264B)
[2026-05-30T06:51:21.121Z] GET https://shared182.azure-host.io:8443/cp/theme//images/tree-open.gif?56398e76be6355ad5999b262208a17c9 → 200 (?ms, 49B)
[2026-05-30T06:51:21.121Z] GET https://shared182.azure-host.io:8443/cp/theme/icons/16/plesk/nav-domains.svg?7f2c02268a8a1b5ffe3e → 200 (1ms, 321B)
[2026-05-30T06:51:21.122Z] GET https://shared182.azure-host.io:8443/cp/theme/icons/16/plesk/nav-mail.svg?97d848270f446e8680e8 → 200 (?ms, 380B)
[2026-05-30T06:51:21.122Z] GET https://shared182.azure-host.io:8443/cp/theme/icons/16/plesk/nav-files.svg?b94b6baccf09bf47a8f7 → 200 (?ms, 387B)
[2026-05-30T06:51:21.122Z] GET https://shared182.azure-host.io:8443/cp/theme/icons/16/plesk/nav-database.svg?b42d673749c256397c0d → 200 (?ms, 831B)
[2026-05-30T06:51:21.122Z] GET https://shared182.azure-host.io:8443/cp/theme/icons/16/plesk/nav-statistic.svg?43588c1f73898e33b5ab → 200 (?ms, 459B)
[2026-05-30T06:51:21.122Z] GET https://shared182.azure-host.io:8443/cp/theme/icons/16/plesk/nav-clients.svg?5cb0f472b6557c28d3de → 200 (?ms, 745B)
[2026-05-30T06:51:21.122Z] GET https://shared182.azure-host.io:8443/cp/theme/icons/16/plesk/nav-profile.svg?8caf2ae59f37b2c3fddb → 200 (?ms, 713B)
[2026-05-30T06:51:21.122Z] GET https://shared182.azure-host.io:8443/modules/wp-toolkit/images/nav-wordpress-toolkit.svg → 200 (?ms, 1247B)
[2026-05-30T06:51:21.122Z] GET https://shared182.azure-host.io:8443/modules/warden/assets/img/application/icons/32x32.png → 200 (?ms, 931B)
[2026-05-30T06:51:21.132Z] GET https://shared182.azure-host.io:8443/cp/theme//icons/16/plesk/menu.png?a75a537332528331bb513a94e26d173d → 200 (?ms, 1032B)
[2026-05-30T06:51:21.132Z] GET https://shared182.azure-host.io:8443/cp/theme//icons/16/plesk/file-txt.png?9bfe434b7467e7d61abb4b3ae8adc711 → 200 (?ms, 1212B)
[2026-05-30T06:51:21.185Z] GET https://shared182.azure-host.io:8443/smb/task/task-progress → 200 (129ms, 4093B)
[2026-05-30T06:51:21.315Z] GET https://shared182.azure-host.io:8443/cp/javascript/app/task-progress-bar.js?5f98ca85617ec85205cd → 200 (?ms, 3449B)
[2026-05-30T06:51:50.182Z] GET https://shared182.azure-host.io:8443/smb/file-manager/list?subscriptionId=315&path=/httpdocs/wp-content/themes → 200 (409ms, 122547B)
[2026-05-30T06:51:50.592Z] POST https://sentry.io/api/1327420/envelope/?sentry_version=7&sentry_key=50365a6fe24f4ff28f6b625410e04a35&sentry_client=sentry.javascript.browser%2F10.45.0 → pending (?ms, ?B)
[2026-05-30T06:51:50.595Z] GET https://shared182.azure-host.io:8443/ui-library/plesk-ui-library.css?1776167623 → 200 (?ms, 224433B)
[2026-05-30T06:51:50.595Z] GET https://shared182.azure-host.io:8443/cp/theme/css/main.css?1776342700 → 200 (?ms, 393183B)
[2026-05-30T06:51:50.596Z] GET https://shared182.azure-host.io:8443/modules/letsencrypt/global.css?1778542620 → 200 (?ms, 676B)
[2026-05-30T06:51:50.596Z] GET https://shared182.azure-host.io:8443/modules/global/global.css?1771587571 → 200 (?ms, 446B)
[2026-05-30T06:51:50.596Z] GET https://shared182.azure-host.io:8443/cp/javascript/externals/prototype.js?1776342700 → 200 (?ms, 96954B)
[2026-05-30T06:51:50.596Z] GET https://shared182.azure-host.io:8443/ui-library/plesk-ui-library.min.js?1776167623 → 200 (?ms, 674043B)
[2026-05-30T06:51:50.596Z] GET https://shared182.azure-host.io:8443/cp/javascript/vendors.js?1776342700 → 200 (?ms, 3522333B)
[2026-05-30T06:51:50.596Z] GET https://shared182.azure-host.io:8443/cp/javascript/main.js?1776342700 → 200 (?ms, 1140810B)
[2026-05-30T06:51:50.596Z] GET https://shared182.azure-host.io:8443/cp/javascript/externals/require.js?1776342700 → 200 (?ms, 17713B)
[2026-05-30T06:51:50.596Z] GET https://shared182.azure-host.io:8443/modules/notifier/global.js?1761640718 → 200 (?ms, 18383B)
[2026-05-30T06:51:50.597Z] GET https://shared182.azure-host.io:8443/modules/letsencrypt/global.js?1778542620 → 200 (?ms, 728B)
[2026-05-30T06:51:50.597Z] GET https://shared182.azure-host.io:8443/modules/global/global.js?1752676665 → 200 (?ms, 78B)
[2026-05-30T06:51:50.597Z] GET https://shared182.azure-host.io:8443/modules/notifier/obsidian.css?1761640718 → 200 (?ms, 6984B)
[2026-05-30T06:51:50.611Z] GET https://shared182.azure-host.io:8443/ui-library/fonts/open-sans-regular.woff2?e7777b3c2bb7ae4d50f3 → 200 (?ms, ?B)
[2026-05-30T06:51:50.611Z] GET https://shared182.azure-host.io:8443/ui-library/fonts/open-sans-600.woff2?098c0a7547a49b0ce576 → 200 (1ms, ?B)
[2026-05-30T06:51:50.744Z] POST https://sentry.io/api/1327420/envelope/?sentry_version=7&sentry_key=50365a6fe24f4ff28f6b625410e04a35&sentry_client=sentry.javascript.browser%2F10.45.0 → pending (?ms, ?B)
[2026-05-30T06:51:50.744Z] GET https://shared182.azure-host.io:8443/cp/javascript/views/smb/file-manager/list.js?2dfb149c0e2e140b46b8 → 200 (?ms, ?B)
[2026-05-30T06:51:50.770Z] GET https://shared182.azure-host.io:8443/cp/theme/images/logos/plesk/logo.svg → 200 (?ms, 2728B)
[2026-05-30T06:51:50.770Z] GET https://shared182.azure-host.io:8443/cp/theme//icons/16/plesk/file-folder.png?377a0415c8e86b629f04f2de969b6dc7 → 200 (?ms, 1264B)
[2026-05-30T06:51:50.771Z] GET https://shared182.azure-host.io:8443/cp/theme//images/tree-open.gif?56398e76be6355ad5999b262208a17c9 → 200 (?ms, 49B)
[2026-05-30T06:51:50.771Z] GET https://shared182.azure-host.io:8443/cp/theme/icons/16/plesk/nav-domains.svg?7f2c02268a8a1b5ffe3e → 200 (?ms, 321B)
[2026-05-30T06:51:50.771Z] GET https://shared182.azure-host.io:8443/cp/theme/icons/16/plesk/nav-mail.svg?97d848270f446e8680e8 → 200 (?ms, 380B)
[2026-05-30T06:51:50.771Z] GET https://shared182.azure-host.io:8443/cp/theme/icons/16/plesk/nav-files.svg?b94b6baccf09bf47a8f7 → 200 (?ms, 387B)
[2026-05-30T06:51:50.771Z] GET https://shared182.azure-host.io:8443/cp/theme/icons/16/plesk/nav-database.svg?b42d673749c256397c0d → 200 (?ms, 831B)
[2026-05-30T06:51:50.771Z] GET https://shared182.azure-host.io:8443/cp/theme/icons/16/plesk/nav-statistic.svg?43588c1f73898e33b5ab → 200 (?ms, 459B)
[2026-05-30T06:51:50.771Z] GET https://shared182.azure-host.io:8443/cp/theme/icons/16/plesk/nav-clients.svg?5cb0f472b6557c28d3de → 200 (?ms, 745B)
[2026-05-30T06:51:50.771Z] GET https://shared182.azure-host.io:8443/cp/theme/icons/16/plesk/nav-profile.svg?8caf2ae59f37b2c3fddb → 200 (1ms, 713B)
[2026-05-30T06:51:50.772Z] GET https://shared182.azure-host.io:8443/modules/wp-toolkit/images/nav-wordpress-toolkit.svg → 200 (?ms, 1247B)
[2026-05-30T06:51:50.772Z] GET https://shared182.azure-host.io:8443/modules/warden/assets/img/application/icons/32x32.png → 200 (?ms, 931B)
[2026-05-30T06:51:50.781Z] GET https://shared182.azure-host.io:8443/cp/theme//icons/16/plesk/menu.png?a75a537332528331bb513a94e26d173d → 200 (?ms, 1032B)
[2026-05-30T06:51:50.781Z] GET https://shared182.azure-host.io:8443/cp/theme//icons/16/plesk/file-txt.png?9bfe434b7467e7d61abb4b3ae8adc711 → 200 (?ms, 1212B)
[2026-05-30T06:51:50.830Z] GET https://shared182.azure-host.io:8443/smb/task/task-progress → 200 (132ms, 4093B)
[2026-05-30T06:51:50.963Z] GET https://shared182.azure-host.io:8443/cp/javascript/app/task-progress-bar.js?5f98ca85617ec85205cd → 200 (?ms, 3449B)
[2026-05-30T06:52:18.803Z] GET https://shared182.azure-host.io:8443/cp/theme/icons/16/plesk/indicator.gif?f728835c21024afaef57 → 200 (29ms, 8787B)
[2026-05-30T06:52:18.803Z] GET https://shared182.azure-host.io:8443/smb/file-manager/list-data/domainId/315?currentDir=%2Fhttpdocs&controllerName=file-manager&actionName=list → 200 (304ms, 18997B)
[2026-05-30T06:52:19.107Z] GET https://shared182.azure-host.io:8443/cp/theme//icons/16/plesk/uplevel.png?09738742d9a113e283a273f3445a1ba9 → 200 (27ms, 1404B)
[2026-05-30T06:52:19.107Z] GET https://shared182.azure-host.io:8443/cp/theme//icons/16/plesk/file-private.png?b3e618929415e17caa82f8d04d2aa689 → 200 (30ms, 1768B)
[2026-05-30T06:52:19.107Z] GET https://shared182.azure-host.io:8443/cp/theme//icons/16/plesk/file-webscript.png?b2aff14c14b05cccbb316c37d48fb591 → 200 (30ms, 1207B)
[2026-05-30T06:52:19.107Z] GET https://shared182.azure-host.io:8443/cp/theme//icons/16/plesk/file-html.png?a1c021367bd1d987f31cf58c13a2d342 → 200 (32ms, 1850B)
[2026-05-30T06:52:31.411Z] GET https://shared182.azure-host.io:8443/smb/file-manager/list-data/domainId/315?currentDir=%2Fhttpdocs%2Fwp-content&controllerName=file-manager&actionName=list → 200 (225ms, 11424B)
[2026-05-30T06:52:34.786Z] GET https://shared182.azure-host.io:8443/smb/file-manager/list-data/domainId/315?currentDir=%2Fhttpdocs%2Fwp-content%2Fthemes&controllerName=file-manager&actionName=list → pending (?ms, ?B)
[2026-05-30T06:53:08.122Z] GET https://shared182.azure-host.io:8443/cp/locale?sections[]=smb.controllers.file-manager.create-archive → 200 (88ms, 453B)
[2026-05-30T06:53:08.227Z] GET https://shared182.azure-host.io:8443/cp/theme/icons/32/plesk/archive-create.png?530903fc455367d7ed62 → 200 (61ms, 1708B)
[2026-05-30T06:53:23.783Z] POST https://shared182.azure-host.io:8443/smb/file-manager/create-archive/domainId/315?currentDir=%2Fhttpdocs%2Fwp-content%2Fthemes → pending (?ms, ?B)
[2026-05-30T06:53:24.067Z] GET https://shared182.azure-host.io:8443/smb/file-manager/list-data/domainId/315?controllerName=file-manager&actionName=list → 200 (239ms, 9535B)
[2026-05-30T06:53:24.069Z] GET https://shared182.azure-host.io:8443/cp/theme/icons/16/plesk/ok.png?0220a27f02443c07a9c3 → 200 (63ms, 1758B)
[2026-05-30T06:53:24.316Z] GET https://shared182.azure-host.io:8443/cp/theme//icons/16/plesk/file-arch.png?672559f884c624090a3e3687f16148ec → 200 (71ms, 1271B)
[2026-05-30T06:53:37.518Z] GET https://my.azure.io/clientarea.php?action=services → pending (?ms, ?B)
[2026-05-30T06:53:38.979Z] GET https://fonts.googleapis.com/css?family=Karla:400,700|Rubik:300,400,500,700&display=swap&subset=latin-ext → 200 (2ms, 12242B)
[2026-05-30T06:53:38.980Z] GET https://my.azure.io/templates/lagom2/core/styles/depth/assets/css/vars/minified.css?1752124174 → 200 (1ms, 173328B)
[2026-05-30T06:53:38.980Z] GET https://my.azure.io/templates/lagom2/assets/css/theme.css?v=2.3.6 → 200 (1ms, 1180450B)
[2026-05-30T06:53:38.980Z] GET https://my.azure.io/templates/lagom2/core/styles/depth/assets/css/theme-custom.css?v=2.3.6&v1=1.0.0 → 200 (13ms, 331B)
[2026-05-30T06:53:38.980Z] GET https://my.azure.io/templates/lagom2/assets/js/scripts.min.js?v=2.3.6 → 200 (20ms, 678797B)
[2026-05-30T06:53:38.980Z] GET https://my.azure.io/templates/lagom2/assets/js/core.min.js?v=2.3.6 → 200 (20ms, 68257B)
[2026-05-30T06:53:38.980Z] GET https://my.azure.io/modules/addons/azure/assets/js/affiliate.js → 200 (20ms, 2263B)
[2026-05-30T06:53:38.980Z] GET https://my.azure.io/templates/lagom2/core/styles/depth/assets/js/theme-custom.js?v=1.0.0 → 200 (19ms, 937B)
[2026-05-30T06:53:38.980Z] GET https://my.azure.io/templates/lagom2/core/extensions/ClientNotifications/assets/css/client-notifications.css → 200 (13ms, 26860B)
[2026-05-30T06:53:38.980Z] GET https://my.azure.io/assets/css/fontawesome-all.min.css → 200 (16ms, 156472B)
[2026-05-30T06:53:38.980Z] GET https://static.zdassets.com/ekr/snippet.js?key=a4bec7fa-5553-40c6-ac38-ddcbcad232fb → 200 (20ms, 9693B)
[2026-05-30T06:53:38.980Z] GET https://my.azure.io/templates/lagom2/assets/img/logo/logo_big_inverse.1835843558.png → 200 (16ms, 27941B)
[2026-05-30T06:53:38.981Z] GET https://my.azure.io/templates/lagom2/assets/img/logo/logo_big.520519273.png → 200 (15ms, 57295B)
[2026-05-30T06:53:38.981Z] GET https://my.azure.io/assets/css/dataTables.responsive.css → 200 (18ms, 2444B)
[2026-05-30T06:53:38.981Z] GET https://cdn.datatables.net/responsive/2.2.7/js/dataTables.responsive.js → 200 (25ms, 40599B)
[2026-05-30T06:53:38.981Z] GET https://my.azure.io/templates/lagom2/core/extensions/ClientNotifications/assets/js/client-notifications.js → 200 (93ms, 1048615B)
[2026-05-30T06:53:38.981Z] GET https://my.azure.io/templates/lagom2/assets/js/vendor.js?v=2.3.6 → 200 (68ms, 301980B)
[2026-05-30T06:53:38.981Z] GET https://my.azure.io/templates/lagom2/assets/js/lagom-app.js?v=2.3.6 → 200 (76ms, 97229B)
[2026-05-30T06:53:38.981Z] GET https://my.azure.io/templates/lagom2/assets/js/whmcs-custom.min.js?v=2.3.6 → 200 (93ms, 10381B)
[2026-05-30T06:53:38.981Z] GET https://fonts.googleapis.com/css?family=Roboto:300,400,500,700,900&display=swap → 200 (15ms, 28190B)
[2026-05-30T06:53:38.993Z] GET https://my.azure.io/templates/lagom2/core/styles/depth/assets/css/azure.css → 200 (3ms, 21291B)
[2026-05-30T06:53:38.993Z] GET https://my.azure.io/templates/lagom2/core/styles/depth/assets/css/refer-a-friend.css → 200 (4ms, 52839B)
[2026-05-30T06:53:38.993Z] GET https://my.azure.io/templates/lagom2/core/styles/depth/assets/css/order-wizard-progressbar.css → 200 (5ms, 2533B)
[2026-05-30T06:53:38.993Z] GET https://my.azure.io/templates/lagom2/core/styles/depth/assets/css/order-wizard-packages.css → 200 (5ms, 1182B)
[2026-05-30T06:53:38.993Z] GET https://my.azure.io/templates/lagom2/core/styles/depth/assets/css/order-wizard-domain-selection.css → 200 (5ms, 4809B)
[2026-05-30T06:53:38.993Z] GET https://my.azure.io/templates/lagom2/core/styles/depth/assets/css/order-wizard-product-configuration.css → 200 (5ms, 4687B)
[2026-05-30T06:53:38.993Z] GET https://my.azure.io/templates/lagom2/core/styles/depth/assets/css/order-wizard-configure-domains.css → 200 (6ms, 2079B)
[2026-05-30T06:53:38.993Z] GET https://my.azure.io/templates/lagom2/core/styles/depth/assets/css/order-wizard-finalize.css → 200 (6ms, 3372B)
[2026-05-30T06:53:38.993Z] GET https://my.azure.io/templates/lagom2/core/styles/depth/assets/css/zendesk.css → 200 (6ms, 81B)
[2026-05-30T06:53:39.049Z] GET https://sgtm.azure.io/22nljgkhruc.js?8=aWQ9R1RNLVdRVktKNVhO&sort=desc → 200 (28ms, 604748B)
[2026-05-30T06:53:39.068Z] GET https://ekr.zdassets.com/compose/a4bec7fa-5553-40c6-ac38-ddcbcad232fb → 200 (9ms, 1789B)
[2026-05-30T06:53:39.102Z] GET https://my.azure.io/templates/lagom2/assets/fonts/lagom-medium-icons.woff?v5wga3 → 200 (1ms, 18512B)
[2026-05-30T06:53:39.102Z] GET https://fonts.gstatic.com/s/karla/v33/qkB9XvYC6trAT55ZBi1ueQVIjQTD-JrIH2G7nytkHRyQ8p4wUje6bmMorHA.woff2 → 200 (1ms, 24264B)
[2026-05-30T06:53:39.103Z] GET https://my.azure.io/templates/lagom2/assets/fonts/lagom-small-icons.woff?7yz00b → 200 (?ms, 16448B)
[2026-05-30T06:53:39.103Z] GET https://my.azure.io/assets/webfonts/fa-solid-900.woff2 → 200 (1ms, 123132B)
[2026-05-30T06:53:39.103Z] GET https://fonts.gstatic.com/s/rubik/v31/iJWKBXyIfDnIV7nBrXyw023e.woff2 → 200 (?ms, 35324B)
[2026-05-30T06:53:39.103Z] GET https://fonts.gstatic.com/s/roboto/v51/KFO7CnqEu92Fr1ME7kSn66aGLdTylUAMa3yUBHMdazQ.woff2 → 200 (1ms, 37520B)
[2026-05-30T06:53:39.103Z] GET https://my.azure.io/assets/webfonts/fa-light-300.woff2 → 200 (2ms, 164724B)
[2026-05-30T06:53:39.103Z] GET https://my.azure.io/assets/webfonts/fa-regular-400.woff2 → 200 (2ms, 152192B)
[2026-05-30T06:53:39.110Z] GET https://my.azure.io/templates/lagom2/assets/img/flags/english.svg → 200 (21ms, 927B)
[2026-05-30T06:53:39.202Z] GET https://my.azure.io/templates/lagom2/assets/img/arrow-drop.svg → 200 (6ms, 496B)
[2026-05-30T06:53:39.208Z] GET https://static.zdassets.com/web_widget/messenger/latest/web-widget-main-9def758.js → 200 (24ms, 563990B)
[2026-05-30T06:53:39.224Z] GET https://sgtm.azure.io/gtag/js?id=G-456PJ82D2P&cx=c&gtm=4e65s0h2 → 200 (11ms, 553015B)
[2026-05-30T06:53:39.224Z] GET https://affiliates.azure.eu/scripts/3j3huk3 → 200 (11ms, 16684B)
[2026-05-30T06:53:39.224Z] POST https://www.google.com/ccm/collect?rcb=19&frm=0&ae=g&auid=1115066569.1780123463&dt=My%20Products%20%26%20Services%20-%20Azure&en=page_view&dl=https%3A%2F%2Fmy.azure.io%2Fclientarea.php&scrsrc=sgtm.azure.io&rnd=1746982325.1780124019&navt=n&npa=1&ep.ads_data_redaction=0&gtm=45Fe65s0h2v9176723357za204zd9176723357xea&gcd=13l3l3l2l1l1&dma_cps=a&dma=1&tag_exp=0~115616985~115938466~115938468~116701382~118131809~119027223~119034491&apve=1&apvf=f&gap.gtb=2&apvc=1&tft=1780124019223&tfd=1706 → 200 (263ms, ?B)
[2026-05-30T06:53:39.230Z] GET https://widget.trustpilot.com/bootstrap/v5/tp.widget.bootstrap.min.js → 200 (6ms, 24915B)
[2026-05-30T06:53:39.268Z] GET https://static.zdassets.com/web_widget/messenger/latest/web-widget-5433-9def758.js → 200 (62ms, 446116B)
[2026-05-30T06:53:39.268Z] GET https://static.zdassets.com/web_widget/messenger/latest/web-widget-locales/messenger/en-us-json-9def758.js → 200 (61ms, 31149B)
[2026-05-30T06:53:39.269Z] GET https://static.zdassets.com/web_widget/messenger/latest/web-widget-6240-9def758.js → 200 (61ms, 68115B)
[2026-05-30T06:53:39.269Z] GET https://static.zdassets.com/web_widget/messenger/latest/web-widget-8301-9def758.js → 200 (60ms, 35082B)
[2026-05-30T06:53:39.269Z] GET https://static.zdassets.com/web_widget/messenger/latest/web-widget-7941-9def758.js → 200 (60ms, 19412B)
[2026-05-30T06:53:39.269Z] GET https://static.zdassets.com/web_widget/messenger/latest/web-widget-1606-9def758.js → 200 (61ms, 17645B)
[2026-05-30T06:53:39.281Z] GET https://affiliates.azure.eu/scripts/3r3huk3?visitorId=Q7GN4nlC9tgqW2ixW8X9a054o0coa2uB&accountId=default1&tracking=1&url=S_my.azure.io%2Fclientarea.php&referrer=&isInIframe=false&getParams=%3Faction%3Dservices&anchor= → 200 (308ms, 19B)
[2026-05-30T06:53:39.323Z] GET https://sgtm.azure.io/g/collect?v=2&tid=G-456PJ82D2P&gtm=45he65s0h2v873723204z89176723357za20kzb9176723357zd9176723357&_p=1780124019046&gcd=13l3l3l2l1l1&npa=1&dma_cps=a&dma=1&ecid=1148866984&_eu=EAAAAGQ&are=1&cid=1632775656.1780123463&ec_mode=a&frm=0&ir=1&pscdl=noapi&rcb=6&sr=1280x720&uaa=arm&uab=64&uafvl=Not%253AA-Brand%3B99.0.0.0%7CHeadlessChrome%3B145.0.7632.6%7CChromium%3B145.0.7632.6&uam=&uamb=0&uap=macOS&uapv=26.4.1&uaw=0&ul=en-us&ur=DE&sst.etld=google.de&sst.gcsub=region1&sst.tft=1780124019046&sst.lpc=13155627&sst.navt=n&sst.ude=1&sst.sw_exp=1&gaf=2&_s=1&tag_exp=0~115938466~115938469~118228215~119027222~119034491&sid=1780123462&sct=1&seg=1&dl=https%3A%2F%2Fmy.azure.io%2Fclientarea.php%3Faction%3Dservices&dt=My%20Products%20%26%20Services%20-%20Azure&_tu=BA&en=page_view&gap.gtb=2&ep.Affiliate_id=&ep.content_group=ENG%20site&ep.anonymize_ip=true&ep.transport_type=beacon&ep.custom_2=%2Fclientarea.php%3Faction%3Dservices&ep.affiliate_event_id=&ep.url_passthrough=true&ep.user_data.email=info%40azure.io&tfd=1788&richsstsse → 200 (109ms, 1175B)
[2026-05-30T06:53:39.332Z] GET https://sgtm.azure.io/_/service_worker/65d0/sw_iframe.html?origin=https%3A%2F%2Fmy.azure.io&1p=1 → 200 (?ms, 3529B)
[2026-05-30T06:53:39.343Z] POST https://azure.zendesk.com/frontendevents/pv?client=1B752747-577B-429A-A0E0-83861AF69088 → 200 (67ms, ?B)
[2026-05-30T06:53:39.343Z] GET https://azure.zendesk.com/embeddable/config → 200 (35ms, ?B)
[2026-05-30T06:53:39.392Z] GET https://azure.zendesk.com/embeddable/config → 200 (31ms, 1455B)
[2026-05-30T06:53:39.434Z] GET https://region1.analytics.google.com/g/s/collect?dma=1&dma_cps=a&npa=1&gcd=13l3l3l2l1l1&gtm=45h91e65r0h1v873723204z89176723357z99176724746za20kzb9176723357zd9176723357&tag_exp=0~115938466~115938469~117215456~117215456~117384418~117384418~118228215~119027222~119034491&_is_sw=f15s0t1&_tu=BA&gap.gtb=2&_gsid=456PJ82D2Pkc8S_JO5RmAZ-2UtZmd_DQ → 204 (224ms, ?B)
[2026-05-30T06:53:39.434Z] GET https://www.google.de/ads/ga-audiences?v=1&t=sr&slf_rd=1&_r=4&dma=1&dma_cps=a&npa=1&gcd=13l3l3l2l1l1&tid=G-456PJ82D2P&cid=1632775656.1780123463&gtm=45h91e65r0h1v873723204z89176723357z99176724746za20kzb9176723357zd9176723357&tag_exp=0~115938466~115938469~117215456~117215456~117384418~117384418~118228215~119027222~119034491&_is_sw=f15s0t1&_tu=BA&gap.gtb=2&aip=1&z=687224739 → 200 (402ms, 42B)
[2026-05-30T06:53:39.434Z] GET https://sgtm.azure.io/_/set_cookie?val=MKBgq7V3oABkJibqdCWE2LMn02OutA3QbG8vmH44zfANg7is%2FQe6KiHNOzu8ArUmqPYzIt51IYwsLYsh6l9lZq63eGrsAQ4WpTNaFmd%2FUiBdIBKXImV%2B1pA77MuW%2FKQJquuipFpHI46Qj8jnX1jCxveVjLhbCujzoP%2BQWOudAGtkuDAJuKIDLYAmKBrIroY%3D&path=%2F → 200 (32ms, ?B)
[2026-05-30T06:53:52.488Z] GET https://shared182.azure-host.io:8443/smb/web/list → 302 (181ms, ?B)
[2026-05-30T06:53:52.669Z] GET https://shared182.azure-host.io:8443/smb/ → 302 (147ms, ?B)
[2026-05-30T06:53:52.816Z] GET https://shared182.azure-host.io:8443/smb/web/view → pending (?ms, ?B)
[2026-05-30T06:53:53.325Z] GET https://shared182.azure-host.io:8443/ui-library/plesk-ui-library.css?1776167623 → 200 (3ms, 224433B)
[2026-05-30T06:53:53.325Z] GET https://shared182.azure-host.io:8443/cp/theme/css/main.css?1776342700 → 200 (4ms, 393183B)
[2026-05-30T06:53:53.325Z] GET https://shared182.azure-host.io:8443/modules/letsencrypt/global.css?1778542620 → 200 (4ms, 676B)
[2026-05-30T06:53:53.325Z] GET https://shared182.azure-host.io:8443/modules/global/global.css?1771587571 → 200 (4ms, 446B)
[2026-05-30T06:53:53.325Z] GET https://shared182.azure-host.io:8443/cp/javascript/externals/prototype.js?1776342700 → 200 (15ms, 96954B)
[2026-05-30T06:53:53.325Z] GET https://shared182.azure-host.io:8443/ui-library/plesk-ui-library.min.js?1776167623 → 200 (19ms, 674043B)
[2026-05-30T06:53:53.325Z] GET https://shared182.azure-host.io:8443/cp/javascript/vendors.js?1776342700 → 200 (69ms, 3522333B)
[2026-05-30T06:53:53.325Z] GET https://shared182.azure-host.io:8443/cp/javascript/main.js?1776342700 → 200 (69ms, 1140810B)
[2026-05-30T06:53:53.325Z] GET https://shared182.azure-host.io:8443/cp/javascript/externals/require.js?1776342700 → 200 (7ms, 17713B)
[2026-05-30T06:53:53.326Z] GET https://shared182.azure-host.io:8443/modules/notifier/global.js?1761640718 → 200 (6ms, 18383B)
[2026-05-30T06:53:53.327Z] GET https://shared182.azure-host.io:8443/modules/letsencrypt/global.js?1778542620 → 200 (5ms, 728B)
[2026-05-30T06:53:53.327Z] GET https://shared182.azure-host.io:8443/modules/global/global.js?1752676665 → 200 (5ms, 78B)
[2026-05-30T06:53:53.327Z] GET https://shared182.azure-host.io:8443/modules/notifier/obsidian.css?1761640718 → 200 (4ms, 6984B)
[2026-05-30T06:53:53.327Z] GET https://shared182.azure-host.io:8443/modules/git/javascript/buttons.js?1778542532 → 200 (5ms, 2021B)
[2026-05-30T06:53:53.327Z] GET https://shared182.azure-host.io:8443/modules/wp-toolkit/js/popup-manager.js?6.10.1-10323 → 200 (9ms, 95326B)
[2026-05-30T06:53:53.327Z] GET https://shared182.azure-host.io:8443/modules/wp-toolkit/js/domain-page.js?6.10.1-10323 → 200 (5ms, 7635B)
[2026-05-30T06:53:53.328Z] GET https://shared182.azure-host.io:8443/modules/wp-toolkit/styles/domain-page.css?6.10.1-10323 → 200 (4ms, 167B)
[2026-05-30T06:53:53.627Z] POST https://sentry.io/api/1327420/envelope/?sentry_version=7&sentry_key=50365a6fe24f4ff28f6b625410e04a35&sentry_client=sentry.javascript.browser%2F10.45.0 → 200 (113ms, ?B)
[2026-05-30T06:53:53.627Z] GET https://shared182.azure-host.io:8443/cp/javascript/views/smb/web/view.js?c70b957cfcaadf017535 → 200 (6ms, 167928B)
[2026-05-30T06:53:53.712Z] GET https://shared182.azure-host.io:8443/ui-library/images/symbols.svg?c93dbf4e8547363db109 → 200 (8ms, 291639B)
[2026-05-30T06:53:53.712Z] GET https://shared182.azure-host.io:8443/cp/theme/icons/16/plesk/nav-domains.svg?7f2c02268a8a1b5ffe3e → 200 (9ms, 321B)
[2026-05-30T06:53:53.712Z] GET https://shared182.azure-host.io:8443/cp/theme/icons/16/plesk/nav-mail.svg?97d848270f446e8680e8 → 200 (9ms, 380B)
[2026-05-30T06:53:53.712Z] GET https://shared182.azure-host.io:8443/cp/theme/icons/16/plesk/nav-files.svg?b94b6baccf09bf47a8f7 → 200 (9ms, 387B)
[2026-05-30T06:53:53.712Z] GET https://shared182.azure-host.io:8443/cp/theme/icons/16/plesk/nav-database.svg?b42d673749c256397c0d → 200 (9ms, 831B)
[2026-05-30T06:53:53.712Z] GET https://shared182.azure-host.io:8443/cp/theme/icons/16/plesk/nav-statistic.svg?43588c1f73898e33b5ab → 200 (9ms, 459B)
[2026-05-30T06:53:53.712Z] GET https://shared182.azure-host.io:8443/cp/theme/icons/16/plesk/nav-clients.svg?5cb0f472b6557c28d3de → 200 (10ms, 745B)
[2026-05-30T06:53:53.712Z] GET https://shared182.azure-host.io:8443/cp/theme/icons/16/plesk/nav-profile.svg?8caf2ae59f37b2c3fddb → 200 (10ms, 713B)
[2026-05-30T06:53:53.712Z] GET https://shared182.azure-host.io:8443/modules/wp-toolkit/images/nav-wordpress-toolkit.svg → 200 (10ms, 1247B)
[2026-05-30T06:53:53.712Z] GET https://shared182.azure-host.io:8443/modules/warden/assets/img/application/icons/32x32.png → 200 (10ms, 931B)
[2026-05-30T06:53:53.712Z] GET https://shared182.azure-host.io:8443/cp/theme/icons/16/plesk/warning.png?4bbb1a79afc3b877657d → 200 (28ms, 1535B)
[2026-05-30T06:53:53.712Z] GET https://shared182.azure-host.io:8443/ui-library/fonts/open-sans-regular.woff2?e7777b3c2bb7ae4d50f3 → 200 (10ms, 59600B)
[2026-05-30T06:53:53.713Z] GET https://shared182.azure-host.io:8443/ui-library/fonts/open-sans-600.woff2?098c0a7547a49b0ce576 → 200 (9ms, 61548B)
[2026-05-30T06:53:53.713Z] GET https://shared182.azure-host.io:8443/modules/wp-toolkit/styles/main.css?6.10.1-10323 → 200 (11ms, 358114B)
[2026-05-30T06:53:53.713Z] GET https://shared182.azure-host.io:8443/cp/theme/images/logos/plesk/logo.svg → 200 (11ms, 2728B)
[2026-05-30T06:53:53.713Z] GET https://shared182.azure-host.io:8443/modules/wp-toolkit/images/dynamic-list-icon.svg → 200 (12ms, 1012B)
[2026-05-30T06:53:53.713Z] GET https://shared182.azure-host.io:8443/cp/theme/icons/32/plesk/backup.png?1776342700 → 200 (12ms, 2595B)
[2026-05-30T06:53:53.713Z] GET https://shared182.azure-host.io:8443/cp/theme/icons/32/plesk/databases.png?1776342700 → 200 (12ms, 2484B)
[2026-05-30T06:53:53.713Z] GET https://shared182.azure-host.io:8443/cp/theme/icons/32/plesk/scheduled-tasks.png?1776342700 → 200 (12ms, 1482B)
[2026-05-30T06:53:53.713Z] GET https://shared182.azure-host.io:8443/cp/theme/icons/32/plesk/spam.png?1776342700 → 200 (12ms, 2426B)
[2026-05-30T06:53:53.713Z] GET https://shared182.azure-host.io:8443/images/custom_buttons/0-QEx14o → 200 (12ms, 2045B)
[2026-05-30T06:53:53.713Z] GET https://shared182.azure-host.io:8443/modules/wp-toolkit/images/wordpresses.png → 200 (12ms, 2885B)
[2026-05-30T06:53:53.713Z] GET https://shared182.azure-host.io:8443/modules/plesk-lvemanager/images/resource_usage_logo.png → 200 (12ms, 2000B)
[2026-05-30T06:53:53.713Z] GET https://shared182.azure-host.io:8443/cp/theme//icons/16/plesk/stats.png?6a39051adc0633466df48a83a804028c → 200 (12ms, 1194B)
[2026-05-30T06:53:53.713Z] GET https://shared182.azure-host.io:8443/cp/domain/315/favicon → 200 (14ms, 700B)
[2026-05-30T06:53:53.713Z] GET https://shared182.azure-host.io:8443/cp/domain/481/favicon → 200 (15ms, 700B)
[2026-05-30T06:53:53.713Z] GET https://shared182.azure-host.io:8443/cp/domain/477/favicon → 200 (15ms, 700B)
[2026-05-30T06:53:53.735Z] GET https://shared182.azure-host.io:8443/modules/wp-toolkit/fonts/open-sans-regular.woff2 → 200 (1ms, 59600B)
[2026-05-30T06:53:53.735Z] GET https://shared182.azure-host.io:8443/modules/wp-toolkit/fonts/open-sans-600.woff2 → 200 (1ms, 61548B)
[2026-05-30T06:53:53.742Z] GET https://shared182.azure-host.io:8443/modules/wp-toolkit/js/app.bundle.js?6.10.1-10323 → 200 (43ms, ?B)
[2026-05-30T06:53:53.762Z] GET https://shared182.azure-host.io:8443/smb/task/task-progress → pending (?ms, ?B)
[2026-05-30T06:53:54.032Z] GET https://shared182.azure-host.io:8443/modules/notifier/index.php/notifications → 200 (115ms, 20B)
[2026-05-30T06:53:54.035Z] GET https://shared182.azure-host.io:8443/cp/javascript/app/task-progress-bar.js?5f98ca85617ec85205cd → 200 (1ms, 3449B)
[2026-05-30T06:54:08.845Z] GET https://my.azure.io/clientarea.php?action=productdetails&id=59212&dosinglesignon=1&success_redirect_url=%2Fsmb%2Fweb%2Flist → pending (?ms, ?B)
[2026-05-30T06:54:10.260Z] GET https://shared181.azure-host.io:8443/enterprise/rsession_init.php?PLESKSESSID=c21b25c61deb7aae206c50d913d4a85d&success_redirect_url=%2Fsmb%2Fweb%2Flist → 303 (401ms, ?B)
[2026-05-30T06:54:10.661Z] GET https://shared181.azure-host.io:8443/smb/web/list → 302 (167ms, ?B)
[2026-05-30T06:54:10.829Z] GET https://shared181.azure-host.io:8443/smb/ → pending (?ms, ?B)
[2026-05-30T06:54:10.992Z] GET https://shared181.azure-host.io:8443/smb/web/view → 200 (498ms, 804274B)
[2026-05-30T06:54:11.492Z] POST https://sentry.io/api/1327420/envelope/?sentry_version=7&sentry_key=50365a6fe24f4ff28f6b625410e04a35&sentry_client=sentry.javascript.browser%2F10.45.0 → pending (?ms, ?B)
[2026-05-30T06:54:11.495Z] GET https://shared181.azure-host.io:8443/ui-library/plesk-ui-library.css?1776167623 → 200 (160ms, 224433B)
[2026-05-30T06:54:11.495Z] GET https://shared181.azure-host.io:8443/cp/theme/css/main.css?1776342700 → 200 (167ms, 393183B)
[2026-05-30T06:54:11.495Z] GET https://shared181.azure-host.io:8443/modules/letsencrypt/global.css?1778542620 → 200 (171ms, 676B)
[2026-05-30T06:54:11.495Z] GET https://shared181.azure-host.io:8443/modules/global/global.css?1771587571 → 200 (171ms, 446B)
[2026-05-30T06:54:11.495Z] GET https://shared181.azure-host.io:8443/cp/javascript/externals/prototype.js?1776342700 → 200 (180ms, 96954B)
[2026-05-30T06:54:11.495Z] GET https://shared181.azure-host.io:8443/ui-library/plesk-ui-library.min.js?1776167623 → 200 (244ms, 674043B)
[2026-05-30T06:54:11.495Z] GET https://shared181.azure-host.io:8443/cp/javascript/vendors.js?1776342700 → pending (?ms, ?B)
[2026-05-30T06:54:11.495Z] GET https://shared181.azure-host.io:8443/cp/javascript/main.js?1776342700 → 200 (373ms, 1140810B)
[2026-05-30T06:54:11.495Z] GET https://shared181.azure-host.io:8443/cp/javascript/externals/require.js?1776342700 → 200 (369ms, 17713B)
[2026-05-30T06:54:11.495Z] GET https://shared181.azure-host.io:8443/modules/notifier/global.js?1760605709 → 200 (370ms, 18383B)
[2026-05-30T06:54:11.495Z] GET https://shared181.azure-host.io:8443/modules/letsencrypt/global.js?1778542620 → 200 (370ms, 728B)
[2026-05-30T06:54:11.495Z] GET https://shared181.azure-host.io:8443/modules/global/global.js?1752676665 → 200 (370ms, 78B)
[2026-05-30T06:54:11.495Z] GET https://shared181.azure-host.io:8443/modules/notifier/obsidian.css?1760605709 → 200 (171ms, 6984B)
[2026-05-30T06:54:11.495Z] GET https://shared181.azure-host.io:8443/modules/git/javascript/buttons.js?1778542515 → 200 (370ms, 2021B)
[2026-05-30T06:54:11.495Z] GET https://shared181.azure-host.io:8443/modules/wp-toolkit/js/popup-manager.js?6.10.1-10323 → 200 (371ms, 95326B)
[2026-05-30T06:54:11.495Z] GET https://shared181.azure-host.io:8443/modules/wp-toolkit/js/domain-page.js?6.10.1-10323 → 200 (371ms, 7635B)
[2026-05-30T06:54:11.495Z] GET https://shared181.azure-host.io:8443/modules/wp-toolkit/styles/domain-page.css?6.10.1-10323 → 200 (171ms, 167B)
[2026-05-30T06:54:12.278Z] POST https://sentry.io/api/1327420/envelope/?sentry_version=7&sentry_key=50365a6fe24f4ff28f6b625410e04a35&sentry_client=sentry.javascript.browser%2F10.45.0 → 200 (76ms, 2B)
[2026-05-30T06:54:12.278Z] GET https://shared181.azure-host.io:8443/cp/javascript/views/smb/web/view.js?c70b957cfcaadf017535 → 200 (20ms, 167928B)
[2026-05-30T06:54:12.345Z] GET https://shared181.azure-host.io:8443/ui-library/images/symbols.svg?c93dbf4e8547363db109 → 200 (20ms, 291639B)
[2026-05-30T06:54:12.345Z] GET https://shared181.azure-host.io:8443/cp/theme/icons/16/plesk/nav-domains.svg?7f2c02268a8a1b5ffe3e → 200 (53ms, 321B)
[2026-05-30T06:54:12.345Z] GET https://shared181.azure-host.io:8443/cp/theme/icons/16/plesk/nav-mail.svg?97d848270f446e8680e8 → 200 (64ms, 380B)
[2026-05-30T06:54:12.345Z] GET https://shared181.azure-host.io:8443/cp/theme/icons/16/plesk/nav-files.svg?b94b6baccf09bf47a8f7 → 200 (65ms, 387B)
[2026-05-30T06:54:12.346Z] GET https://shared181.azure-host.io:8443/cp/theme/icons/16/plesk/nav-database.svg?b42d673749c256397c0d → 200 (65ms, 831B)
[2026-05-30T06:54:12.346Z] GET https://shared181.azure-host.io:8443/cp/theme/icons/16/plesk/nav-statistic.svg?43588c1f73898e33b5ab → 200 (65ms, 459B)
[2026-05-30T06:54:12.346Z] GET https://shared181.azure-host.io:8443/cp/theme/icons/16/plesk/nav-clients.svg?5cb0f472b6557c28d3de → 200 (65ms, 745B)
[2026-05-30T06:54:12.346Z] GET https://shared181.azure-host.io:8443/cp/theme/icons/16/plesk/nav-profile.svg?8caf2ae59f37b2c3fddb → 200 (66ms, 713B)
[2026-05-30T06:54:12.346Z] GET https://shared181.azure-host.io:8443/modules/wp-toolkit/images/nav-wordpress-toolkit.svg → 200 (66ms, 1247B)
[2026-05-30T06:54:12.346Z] GET https://shared181.azure-host.io:8443/modules/warden/assets/img/application/icons/32x32.png → 200 (66ms, 931B)
[2026-05-30T06:54:12.346Z] GET https://shared181.azure-host.io:8443/cp/theme/icons/16/plesk/warning.png?4bbb1a79afc3b877657d → 200 (68ms, 1535B)
[2026-05-30T06:54:12.346Z] GET https://shared181.azure-host.io:8443/ui-library/fonts/open-sans-regular.woff2?e7777b3c2bb7ae4d50f3 → 200 (81ms, 59600B)
[2026-05-30T06:54:12.346Z] GET https://shared181.azure-host.io:8443/ui-library/fonts/open-sans-600.woff2?098c0a7547a49b0ce576 → 200 (84ms, 61548B)
[2026-05-30T06:54:12.346Z] GET https://shared181.azure-host.io:8443/modules/wp-toolkit/styles/main.css?6.10.1-10323 → 200 (68ms, 358114B)
[2026-05-30T06:54:12.346Z] GET https://shared181.azure-host.io:8443/cp/theme/images/logos/plesk/logo.svg → 200 (83ms, 2728B)
[2026-05-30T06:54:12.346Z] GET https://shared181.azure-host.io:8443/modules/wp-toolkit/images/dynamic-list-icon.svg → 200 (83ms, 1012B)
[2026-05-30T06:54:12.346Z] GET https://shared181.azure-host.io:8443/cp/theme/icons/32/plesk/backup.png?1776342700 → 200 (83ms, 2595B)
[2026-05-30T06:54:12.346Z] GET https://shared181.azure-host.io:8443/cp/theme/icons/32/plesk/databases.png?1776342700 → 200 (84ms, 2484B)
[2026-05-30T06:54:12.346Z] GET https://shared181.azure-host.io:8443/cp/theme/icons/32/plesk/scheduled-tasks.png?1776342700 → 200 (84ms, 1482B)
[2026-05-30T06:54:12.346Z] GET https://shared181.azure-host.io:8443/cp/theme/icons/32/plesk/spam.png?1776342700 → 200 (84ms, 2426B)
[2026-05-30T06:54:12.346Z] GET https://shared181.azure-host.io:8443/images/custom_buttons/0-Idn4xU → 200 (84ms, 2045B)
[2026-05-30T06:54:12.346Z] GET https://shared181.azure-host.io:8443/modules/wp-toolkit/images/wordpresses.png → 200 (84ms, 2885B)
[2026-05-30T06:54:12.346Z] GET https://shared181.azure-host.io:8443/modules/plesk-lvemanager/images/resource_usage_logo.png → 200 (84ms, 2000B)
[2026-05-30T06:54:12.346Z] GET https://shared181.azure-host.io:8443/cp/domain/353/favicon → 200 (417ms, 700B)
[2026-05-30T06:54:12.346Z] GET https://shared181.azure-host.io:8443/cp/domain/354/favicon → 200 (417ms, 700B)
[2026-05-30T06:54:12.346Z] GET https://shared181.azure-host.io:8443/cp/domain/516/favicon → 200 (417ms, 700B)
[2026-05-30T06:54:12.354Z] GET https://shared181.azure-host.io:8443/modules/wp-toolkit/js/app.bundle.js?6.10.1-10323 → 200 (242ms, 3139863B)
[2026-05-30T06:54:12.427Z] GET https://shared181.azure-host.io:8443/modules/wp-toolkit/fonts/open-sans-regular.woff2 → 200 (165ms, 59600B)
[2026-05-30T06:54:12.427Z] GET https://shared181.azure-host.io:8443/modules/wp-toolkit/fonts/open-sans-600.woff2 → 200 (335ms, 61548B)
[2026-05-30T06:54:12.461Z] GET https://shared181.azure-host.io:8443/smb/task/task-progress → 200 (375ms, 4015B)
[2026-05-30T06:54:12.839Z] GET https://shared181.azure-host.io:8443/modules/notifier/index.php/notifications → pending (?ms, ?B)
[2026-05-30T06:54:12.840Z] GET https://shared181.azure-host.io:8443/cp/javascript/app/task-progress-bar.js?5f98ca85617ec85205cd → 200 (73ms, 3449B)
[2026-05-30T06:54:29.053Z] GET https://my.azure.io/clientarea.php?action=productdetails&id=59212&dosinglesignon=1&success_redirect_url=%2Fsmb%2Ffile-manager%2Flist → pending (?ms, ?B)
[2026-05-30T06:54:30.743Z] GET https://shared181.azure-host.io:8443/enterprise/rsession_init.php?PLESKSESSID=0cab8ee9b19d64723b2ebcec65d563be&success_redirect_url=%2Fsmb%2Ffile-manager%2Flist → 303 (105ms, ?B)
[2026-05-30T06:54:30.848Z] GET https://shared181.azure-host.io:8443/smb/file-manager/list → pending (?ms, ?B)
[2026-05-30T06:54:31.032Z] GET https://shared181.azure-host.io:8443/smb/file-manager/list?subscriptionId=353 → 200 (453ms, 120481B)
[2026-05-30T06:54:31.486Z] POST https://sentry.io/api/1327420/envelope/?sentry_version=7&sentry_key=50365a6fe24f4ff28f6b625410e04a35&sentry_client=sentry.javascript.browser%2F10.45.0 → pending (?ms, ?B)
[2026-05-30T06:54:31.489Z] GET https://shared181.azure-host.io:8443/ui-library/plesk-ui-library.css?1776167623 → 200 (3ms, 224433B)
[2026-05-30T06:54:31.489Z] GET https://shared181.azure-host.io:8443/cp/theme/css/main.css?1776342700 → 200 (3ms, 393183B)
[2026-05-30T06:54:31.489Z] GET https://shared181.azure-host.io:8443/modules/letsencrypt/global.css?1778542620 → 200 (3ms, 676B)
[2026-05-30T06:54:31.489Z] GET https://shared181.azure-host.io:8443/modules/global/global.css?1771587571 → 200 (3ms, 446B)
[2026-05-30T06:54:31.489Z] GET https://shared181.azure-host.io:8443/cp/javascript/externals/prototype.js?1776342700 → 200 (1ms, 96954B)
[2026-05-30T06:54:31.490Z] GET https://shared181.azure-host.io:8443/ui-library/plesk-ui-library.min.js?1776167623 → 200 (?ms, 674043B)
[2026-05-30T06:54:31.490Z] GET https://shared181.azure-host.io:8443/cp/javascript/vendors.js?1776342700 → 200 (?ms, 3522333B)
[2026-05-30T06:54:31.490Z] GET https://shared181.azure-host.io:8443/cp/javascript/main.js?1776342700 → 200 (?ms, 1140810B)
[2026-05-30T06:54:31.490Z] GET https://shared181.azure-host.io:8443/cp/javascript/externals/require.js?1776342700 → 200 (1ms, 17713B)
[2026-05-30T06:54:31.491Z] GET https://shared181.azure-host.io:8443/modules/notifier/global.js?1760605709 → 200 (?ms, 18383B)
[2026-05-30T06:54:31.491Z] GET https://shared181.azure-host.io:8443/modules/letsencrypt/global.js?1778542620 → 200 (?ms, 728B)
[2026-05-30T06:54:31.491Z] GET https://shared181.azure-host.io:8443/modules/global/global.js?1752676665 → 200 (?ms, 78B)
[2026-05-30T06:54:31.491Z] GET https://shared181.azure-host.io:8443/modules/notifier/obsidian.css?1760605709 → 200 (1ms, 6984B)
[2026-05-30T06:54:31.553Z] GET https://shared181.azure-host.io:8443/ui-library/fonts/open-sans-regular.woff2?e7777b3c2bb7ae4d50f3 → 200 (?ms, ?B)
[2026-05-30T06:54:31.553Z] GET https://shared181.azure-host.io:8443/ui-library/fonts/open-sans-600.woff2?098c0a7547a49b0ce576 → 200 (?ms, ?B)
[2026-05-30T06:54:31.697Z] POST https://sentry.io/api/1327420/envelope/?sentry_version=7&sentry_key=50365a6fe24f4ff28f6b625410e04a35&sentry_client=sentry.javascript.browser%2F10.45.0 → 200 (98ms, 2B)
[2026-05-30T06:54:31.697Z] GET https://shared181.azure-host.io:8443/cp/javascript/views/smb/file-manager/list.js?2dfb149c0e2e140b46b8 → 200 (50ms, 125759B)
[2026-05-30T06:54:31.778Z] GET https://shared181.azure-host.io:8443/cp/theme/images/logos/plesk/logo.svg → 200 (?ms, 2728B)
[2026-05-30T06:54:31.778Z] GET https://shared181.azure-host.io:8443/cp/theme/icons/16/plesk/nav-domains.svg?7f2c02268a8a1b5ffe3e → 200 (?ms, 321B)
[2026-05-30T06:54:31.778Z] GET https://shared181.azure-host.io:8443/cp/theme/icons/16/plesk/nav-mail.svg?97d848270f446e8680e8 → 200 (?ms, 380B)
[2026-05-30T06:54:31.778Z] GET https://shared181.azure-host.io:8443/cp/theme/icons/16/plesk/nav-files.svg?b94b6baccf09bf47a8f7 → 200 (1ms, 387B)
[2026-05-30T06:54:31.779Z] GET https://shared181.azure-host.io:8443/cp/theme/icons/16/plesk/nav-database.svg?b42d673749c256397c0d → 200 (?ms, 831B)
[2026-05-30T06:54:31.779Z] GET https://shared181.azure-host.io:8443/cp/theme/icons/16/plesk/nav-statistic.svg?43588c1f73898e33b5ab → 200 (?ms, 459B)
[2026-05-30T06:54:31.779Z] GET https://shared181.azure-host.io:8443/cp/theme/icons/16/plesk/nav-clients.svg?5cb0f472b6557c28d3de → 200 (?ms, 745B)
[2026-05-30T06:54:31.779Z] GET https://shared181.azure-host.io:8443/cp/theme/icons/16/plesk/nav-profile.svg?8caf2ae59f37b2c3fddb → 200 (?ms, 713B)
[2026-05-30T06:54:31.779Z] GET https://shared181.azure-host.io:8443/modules/wp-toolkit/images/nav-wordpress-toolkit.svg → 200 (?ms, 1247B)
[2026-05-30T06:54:31.779Z] GET https://shared181.azure-host.io:8443/modules/warden/assets/img/application/icons/32x32.png → 200 (?ms, 931B)
[2026-05-30T06:54:31.780Z] GET https://shared181.azure-host.io:8443/ui-library/images/symbols.svg?5f00d3c14f85d017780e960ab4a240ed → 200 (53ms, 291639B)
[2026-05-30T06:54:31.780Z] GET https://shared181.azure-host.io:8443/cp/theme//icons/16/plesk/file-folder.png?377a0415c8e86b629f04f2de969b6dc7 → 200 (182ms, 1264B)
[2026-05-30T06:54:31.780Z] GET https://shared181.azure-host.io:8443/cp/theme//images/tree-open.gif?56398e76be6355ad5999b262208a17c9 → 200 (183ms, 49B)
[2026-05-30T06:54:31.788Z] GET https://shared181.azure-host.io:8443/cp/theme//icons/16/plesk/menu.png?a75a537332528331bb513a94e26d173d → 200 (175ms, 1032B)
[2026-05-30T06:54:31.788Z] GET https://shared181.azure-host.io:8443/cp/theme//icons/16/plesk/file-txt.png?9bfe434b7467e7d61abb4b3ae8adc711 → 200 (175ms, 1212B)
[2026-05-30T06:54:31.885Z] GET https://shared181.azure-host.io:8443/smb/task/task-progress → pending (?ms, ?B)
[2026-05-30T06:54:32.095Z] GET https://shared181.azure-host.io:8443/cp/javascript/app/task-progress-bar.js?5f98ca85617ec85205cd → 200 (?ms, 3449B)
[2026-05-30T06:54:56.085Z] GET https://shared181.azure-host.io:8443/smb/file-manager/list?subscriptionId=353 → 200 (622ms, 120481B)
[2026-05-30T06:54:56.708Z] POST https://sentry.io/api/1327420/envelope/?sentry_version=7&sentry_key=50365a6fe24f4ff28f6b625410e04a35&sentry_client=sentry.javascript.browser%2F10.45.0 → pending (?ms, ?B)
[2026-05-30T06:54:56.711Z] GET https://shared181.azure-host.io:8443/ui-library/plesk-ui-library.css?1776167623 → 200 (?ms, 224433B)
[2026-05-30T06:54:56.711Z] GET https://shared181.azure-host.io:8443/cp/theme/css/main.css?1776342700 → 200 (?ms, 393183B)
[2026-05-30T06:54:56.711Z] GET https://shared181.azure-host.io:8443/modules/letsencrypt/global.css?1778542620 → 200 (?ms, 676B)
[2026-05-30T06:54:56.711Z] GET https://shared181.azure-host.io:8443/modules/global/global.css?1771587571 → 200 (?ms, 446B)
[2026-05-30T06:54:56.712Z] GET https://shared181.azure-host.io:8443/cp/javascript/externals/prototype.js?1776342700 → 200 (?ms, 96954B)
[2026-05-30T06:54:56.712Z] GET https://shared181.azure-host.io:8443/ui-library/plesk-ui-library.min.js?1776167623 → 200 (?ms, 674043B)
[2026-05-30T06:54:56.712Z] GET https://shared181.azure-host.io:8443/cp/javascript/vendors.js?1776342700 → 200 (?ms, 3522333B)
[2026-05-30T06:54:56.712Z] GET https://shared181.azure-host.io:8443/cp/javascript/main.js?1776342700 → 200 (?ms, 1140810B)
[2026-05-30T06:54:56.712Z] GET https://shared181.azure-host.io:8443/cp/javascript/externals/require.js?1776342700 → 200 (?ms, 17713B)
[2026-05-30T06:54:56.712Z] GET https://shared181.azure-host.io:8443/modules/notifier/global.js?1760605709 → 200 (?ms, 18383B)
[2026-05-30T06:54:56.712Z] GET https://shared181.azure-host.io:8443/modules/letsencrypt/global.js?1778542620 → 200 (?ms, 728B)
[2026-05-30T06:54:56.712Z] GET https://shared181.azure-host.io:8443/modules/global/global.js?1752676665 → 200 (?ms, 78B)
[2026-05-30T06:54:56.713Z] GET https://shared181.azure-host.io:8443/modules/notifier/obsidian.css?1760605709 → 200 (?ms, 6984B)
[2026-05-30T06:54:56.729Z] GET https://shared181.azure-host.io:8443/ui-library/fonts/open-sans-regular.woff2?e7777b3c2bb7ae4d50f3 → 200 (2ms, ?B)
[2026-05-30T06:54:56.731Z] GET https://shared181.azure-host.io:8443/ui-library/fonts/open-sans-600.woff2?098c0a7547a49b0ce576 → 200 (?ms, ?B)
[2026-05-30T06:54:56.861Z] POST https://sentry.io/api/1327420/envelope/?sentry_version=7&sentry_key=50365a6fe24f4ff28f6b625410e04a35&sentry_client=sentry.javascript.browser%2F10.45.0 → 200 (103ms, 2B)
[2026-05-30T06:54:56.861Z] GET https://shared181.azure-host.io:8443/cp/javascript/views/smb/file-manager/list.js?2dfb149c0e2e140b46b8 → 200 (?ms, 125759B)
[2026-05-30T06:54:56.889Z] GET https://shared181.azure-host.io:8443/cp/theme/images/logos/plesk/logo.svg → 200 (?ms, 2728B)
[2026-05-30T06:54:56.890Z] GET https://shared181.azure-host.io:8443/cp/theme//icons/16/plesk/file-folder.png?377a0415c8e86b629f04f2de969b6dc7 → 200 (?ms, 1264B)
[2026-05-30T06:54:56.890Z] GET https://shared181.azure-host.io:8443/cp/theme//images/tree-open.gif?56398e76be6355ad5999b262208a17c9 → 200 (?ms, 49B)
[2026-05-30T06:54:56.891Z] GET https://shared181.azure-host.io:8443/cp/theme/icons/16/plesk/nav-domains.svg?7f2c02268a8a1b5ffe3e → 200 (?ms, 321B)
[2026-05-30T06:54:56.891Z] GET https://shared181.azure-host.io:8443/cp/theme/icons/16/plesk/nav-mail.svg?97d848270f446e8680e8 → 200 (?ms, 380B)
[2026-05-30T06:54:56.891Z] GET https://shared181.azure-host.io:8443/cp/theme/icons/16/plesk/nav-files.svg?b94b6baccf09bf47a8f7 → 200 (1ms, 387B)
[2026-05-30T06:54:56.892Z] GET https://shared181.azure-host.io:8443/cp/theme/icons/16/plesk/nav-database.svg?b42d673749c256397c0d → 200 (?ms, 831B)
[2026-05-30T06:54:56.892Z] GET https://shared181.azure-host.io:8443/cp/theme/icons/16/plesk/nav-statistic.svg?43588c1f73898e33b5ab → 200 (?ms, 459B)
[2026-05-30T06:54:56.892Z] GET https://shared181.azure-host.io:8443/cp/theme/icons/16/plesk/nav-clients.svg?5cb0f472b6557c28d3de → 200 (?ms, 745B)
[2026-05-30T06:54:56.893Z] GET https://shared181.azure-host.io:8443/cp/theme/icons/16/plesk/nav-profile.svg?8caf2ae59f37b2c3fddb → 200 (?ms, 713B)
[2026-05-30T06:54:56.893Z] GET https://shared181.azure-host.io:8443/modules/wp-toolkit/images/nav-wordpress-toolkit.svg → 200 (?ms, 1247B)
[2026-05-30T06:54:56.893Z] GET https://shared181.azure-host.io:8443/modules/warden/assets/img/application/icons/32x32.png → 200 (?ms, 931B)
[2026-05-30T06:54:56.898Z] GET https://shared181.azure-host.io:8443/cp/theme//icons/16/plesk/menu.png?a75a537332528331bb513a94e26d173d → 200 (?ms, 1032B)
[2026-05-30T06:54:56.898Z] GET https://shared181.azure-host.io:8443/cp/theme//icons/16/plesk/file-txt.png?9bfe434b7467e7d61abb4b3ae8adc711 → 200 (?ms, 1212B)
[2026-05-30T06:54:57.049Z] GET https://shared181.azure-host.io:8443/smb/task/task-progress → pending (?ms, ?B)
[2026-05-30T06:54:57.275Z] GET https://shared181.azure-host.io:8443/cp/javascript/app/task-progress-bar.js?5f98ca85617ec85205cd → 200 (?ms, 3449B)
[2026-05-30T06:55:37.578Z] GET https://shared181.azure-host.io:8443/smb/file-manager/list?subscriptionId=353&path=/Klaravex.com/wp-content/themes → 200 (390ms, ?B)
[2026-05-30T06:55:37.970Z] POST https://sentry.io/api/1327420/envelope/?sentry_version=7&sentry_key=50365a6fe24f4ff28f6b625410e04a35&sentry_client=sentry.javascript.browser%2F10.45.0 → pending (?ms, ?B)
[2026-05-30T06:55:37.972Z] GET https://shared181.azure-host.io:8443/ui-library/plesk-ui-library.css?1776167623 → 200 (?ms, 224433B)
[2026-05-30T06:55:37.972Z] GET https://shared181.azure-host.io:8443/cp/theme/css/main.css?1776342700 → 200 (?ms, 393183B)
[2026-05-30T06:55:37.972Z] GET https://shared181.azure-host.io:8443/modules/letsencrypt/global.css?1778542620 → 200 (1ms, 676B)
[2026-05-30T06:55:37.973Z] GET https://shared181.azure-host.io:8443/modules/global/global.css?1771587571 → 200 (?ms, 446B)
[2026-05-30T06:55:37.973Z] GET https://shared181.azure-host.io:8443/cp/javascript/externals/prototype.js?1776342700 → 200 (?ms, 96954B)
[2026-05-30T06:55:37.973Z] GET https://shared181.azure-host.io:8443/ui-library/plesk-ui-library.min.js?1776167623 → 200 (?ms, 674043B)
[2026-05-30T06:55:37.973Z] GET https://shared181.azure-host.io:8443/cp/javascript/vendors.js?1776342700 → 200 (?ms, 3522333B)
[2026-05-30T06:55:37.973Z] GET https://shared181.azure-host.io:8443/cp/javascript/main.js?1776342700 → 200 (?ms, 1140810B)
[2026-05-30T06:55:37.973Z] GET https://shared181.azure-host.io:8443/cp/javascript/externals/require.js?1776342700 → 200 (1ms, 17713B)
[2026-05-30T06:55:37.974Z] GET https://shared181.azure-host.io:8443/modules/notifier/global.js?1760605709 → 200 (?ms, 18383B)
[2026-05-30T06:55:37.974Z] GET https://shared181.azure-host.io:8443/modules/letsencrypt/global.js?1778542620 → 200 (?ms, 728B)
[2026-05-30T06:55:37.974Z] GET https://shared181.azure-host.io:8443/modules/global/global.js?1752676665 → 200 (?ms, 78B)
[2026-05-30T06:55:37.974Z] GET https://shared181.azure-host.io:8443/modules/notifier/obsidian.css?1760605709 → 200 (?ms, 6984B)
[2026-05-30T06:55:37.993Z] GET https://shared181.azure-host.io:8443/ui-library/fonts/open-sans-regular.woff2?e7777b3c2bb7ae4d50f3 → 200 (?ms, ?B)
[2026-05-30T06:55:37.993Z] GET https://shared181.azure-host.io:8443/ui-library/fonts/open-sans-600.woff2?098c0a7547a49b0ce576 → 200 (?ms, ?B)
[2026-05-30T06:55:38.131Z] POST https://sentry.io/api/1327420/envelope/?sentry_version=7&sentry_key=50365a6fe24f4ff28f6b625410e04a35&sentry_client=sentry.javascript.browser%2F10.45.0 → pending (?ms, ?B)
[2026-05-30T06:55:38.131Z] GET https://shared181.azure-host.io:8443/cp/javascript/views/smb/file-manager/list.js?2dfb149c0e2e140b46b8 → 200 (?ms, ?B)
[2026-05-30T06:55:38.159Z] GET https://shared181.azure-host.io:8443/cp/theme/images/logos/plesk/logo.svg → 200 (?ms, 2728B)
[2026-05-30T06:55:38.159Z] GET https://shared181.azure-host.io:8443/cp/theme//icons/16/plesk/file-folder.png?377a0415c8e86b629f04f2de969b6dc7 → 200 (?ms, 1264B)
[2026-05-30T06:55:38.159Z] GET https://shared181.azure-host.io:8443/cp/theme//images/tree-open.gif?56398e76be6355ad5999b262208a17c9 → 200 (?ms, 49B)
[2026-05-30T06:55:38.160Z] GET https://shared181.azure-host.io:8443/cp/theme/icons/16/plesk/nav-domains.svg?7f2c02268a8a1b5ffe3e → 200 (?ms, 321B)
[2026-05-30T06:55:38.160Z] GET https://shared181.azure-host.io:8443/cp/theme/icons/16/plesk/nav-mail.svg?97d848270f446e8680e8 → 200 (?ms, 380B)
[2026-05-30T06:55:38.160Z] GET https://shared181.azure-host.io:8443/cp/theme/icons/16/plesk/nav-files.svg?b94b6baccf09bf47a8f7 → 200 (?ms, 387B)
[2026-05-30T06:55:38.160Z] GET https://shared181.azure-host.io:8443/cp/theme/icons/16/plesk/nav-database.svg?b42d673749c256397c0d → 200 (?ms, 831B)
[2026-05-30T06:55:38.160Z] GET https://shared181.azure-host.io:8443/cp/theme/icons/16/plesk/nav-statistic.svg?43588c1f73898e33b5ab → 200 (?ms, 459B)
[2026-05-30T06:55:38.160Z] GET https://shared181.azure-host.io:8443/cp/theme/icons/16/plesk/nav-clients.svg?5cb0f472b6557c28d3de → 200 (?ms, 745B)
[2026-05-30T06:55:38.160Z] GET https://shared181.azure-host.io:8443/cp/theme/icons/16/plesk/nav-profile.svg?8caf2ae59f37b2c3fddb → 200 (?ms, 713B)
[2026-05-30T06:55:38.160Z] GET https://shared181.azure-host.io:8443/modules/wp-toolkit/images/nav-wordpress-toolkit.svg → 200 (1ms, 1247B)
[2026-05-30T06:55:38.161Z] GET https://shared181.azure-host.io:8443/modules/warden/assets/img/application/icons/32x32.png → 200 (?ms, 931B)
[2026-05-30T06:55:38.167Z] GET https://shared181.azure-host.io:8443/cp/theme//icons/16/plesk/menu.png?a75a537332528331bb513a94e26d173d → 200 (?ms, 1032B)
[2026-05-30T06:55:38.167Z] GET https://shared181.azure-host.io:8443/cp/theme//icons/16/plesk/file-txt.png?9bfe434b7467e7d61abb4b3ae8adc711 → 200 (1ms, 1212B)
[2026-05-30T06:55:38.290Z] GET https://shared181.azure-host.io:8443/smb/task/task-progress → 200 (170ms, 4015B)
[2026-05-30T06:55:38.461Z] GET https://shared181.azure-host.io:8443/cp/javascript/app/task-progress-bar.js?5f98ca85617ec85205cd → 200 (?ms, 3449B)
[2026-05-30T06:57:19.831Z] GET https://shared181.azure-host.io:8443/cp/theme/icons/16/plesk/indicator.gif?f728835c21024afaef57 → 200 (123ms, 8787B)
[2026-05-30T06:57:19.831Z] GET https://shared181.azure-host.io:8443/smb/file-manager/list-data/domainId/353?currentDir=%2FKlaravex.com&controllerName=file-manager&actionName=list → 200 (387ms, 13873B)
[2026-05-30T06:57:20.218Z] GET https://shared181.azure-host.io:8443/cp/theme//icons/16/plesk/uplevel.png?09738742d9a113e283a273f3445a1ba9 → 200 (37ms, 1404B)
[2026-05-30T06:57:20.218Z] GET https://shared181.azure-host.io:8443/cp/theme//icons/16/plesk/file-webscript.png?b2aff14c14b05cccbb316c37d48fb591 → 200 (38ms, 1207B)
[2026-05-30T06:57:20.218Z] GET https://shared181.azure-host.io:8443/cp/theme//icons/16/plesk/file-html.png?a1c021367bd1d987f31cf58c13a2d342 → 200 (39ms, 1850B)
[2026-05-30T06:57:26.003Z] GET https://shared181.azure-host.io:8443/smb/file-manager/list-data/domainId/353?currentDir=%2FKlaravex.com%2Fwp-content&controllerName=file-manager&actionName=list → 200 (257ms, 7187B)
[2026-05-30T06:57:44.189Z] GET https://shared181.azure-host.io:8443/cp/javascript/views/smb/file-manager/list/UploadProgressDialog.js?8b75d66abed8f8d61c38 → 200 (64ms, 2751B)
[2026-05-30T06:57:44.189Z] POST https://shared181.azure-host.io:8443/smb/file-manager/upload/domainId/353?currentDir=%2FKlaravex.com%2Fwp-content&recursively=1 → pending (?ms, ?B)
[2026-05-30T06:57:44.258Z] GET https://shared181.azure-host.io:8443/cp/theme/icons/16/plesk/file-unknown.png?7e98ff210978285a8931 → pending (?ms, ?B)
[2026-05-30T06:57:44.522Z] GET https://shared181.azure-host.io:8443/cp/theme/icons/16/plesk/ok.png?0220a27f02443c07a9c3 → 200 (73ms, 1758B)
[2026-05-30T06:57:44.522Z] GET https://shared181.azure-host.io:8443/smb/file-manager/list-data/domainId/353?controllerName=file-manager&actionName=list → 200 (247ms, 7592B)
[2026-05-30T06:57:44.769Z] GET https://shared181.azure-host.io:8443/cp/theme//icons/16/plesk/file-arch.png?672559f884c624090a3e3687f16148ec → 200 (64ms, 1271B)
[2026-05-30T06:58:25.389Z] GET https://shared181.azure-host.io:8443/cp/locale?sections[]=smb.controllers.file-manager.move-files → 200 (83ms, 680B)
[2026-05-30T06:58:25.489Z] GET https://shared181.azure-host.io:8443/smb/file-manager/tree-data/domainId/353/?rootDir=%2F&showFiles=false → 200 (295ms, 672B)
[2026-05-30T06:58:25.492Z] GET https://shared181.azure-host.io:8443/cp/theme/icons/32/plesk/file-move.png?f77151dda588bc3b5a02 → 200 (52ms, 1578B)
[2026-05-30T07:06:34.835Z] POST https://shared181.azure-host.io:8443/smb/file-manager/rename → pending (?ms, ?B)
[2026-05-30T07:06:45.135Z] GET https://shared181.azure-host.io:8443/smb/file-manager/list?subscriptionId=353&path=/Klaravex.com/wp-content/themes → 200 (427ms, 118629B)
[2026-05-30T07:06:45.565Z] POST https://sentry.io/api/1327420/envelope/?sentry_version=7&sentry_key=50365a6fe24f4ff28f6b625410e04a35&sentry_client=sentry.javascript.browser%2F10.45.0 → pending (?ms, ?B)
[2026-05-30T07:06:45.568Z] GET https://shared181.azure-host.io:8443/ui-library/plesk-ui-library.css?1776167623 → 200 (1ms, 224433B)
[2026-05-30T07:06:45.569Z] GET https://shared181.azure-host.io:8443/cp/theme/css/main.css?1776342700 → 200 (?ms, 393183B)
[2026-05-30T07:06:45.569Z] GET https://shared181.azure-host.io:8443/modules/letsencrypt/global.css?1778542620 → 200 (?ms, 676B)
[2026-05-30T07:06:45.569Z] GET https://shared181.azure-host.io:8443/modules/global/global.css?1771587571 → 200 (?ms, 446B)
[2026-05-30T07:06:45.569Z] GET https://shared181.azure-host.io:8443/cp/javascript/externals/prototype.js?1776342700 → 200 (?ms, 96954B)
[2026-05-30T07:06:45.569Z] GET https://shared181.azure-host.io:8443/ui-library/plesk-ui-library.min.js?1776167623 → 200 (?ms, 674043B)
[2026-05-30T07:06:45.570Z] GET https://shared181.azure-host.io:8443/cp/javascript/vendors.js?1776342700 → 200 (?ms, 3522333B)
[2026-05-30T07:06:45.570Z] GET https://shared181.azure-host.io:8443/cp/javascript/main.js?1776342700 → 200 (?ms, 1140810B)
[2026-05-30T07:06:45.570Z] GET https://shared181.azure-host.io:8443/cp/javascript/externals/require.js?1776342700 → 200 (?ms, 17713B)
[2026-05-30T07:06:45.570Z] GET https://shared181.azure-host.io:8443/modules/notifier/global.js?1760605709 → 200 (?ms, 18383B)
[2026-05-30T07:06:45.570Z] GET https://shared181.azure-host.io:8443/modules/letsencrypt/global.js?1778542620 → 200 (?ms, 728B)
[2026-05-30T07:06:45.571Z] GET https://shared181.azure-host.io:8443/modules/global/global.js?1752676665 → 200 (?ms, 78B)
[2026-05-30T07:06:45.571Z] GET https://shared181.azure-host.io:8443/modules/notifier/obsidian.css?1760605709 → 200 (?ms, 6984B)
[2026-05-30T07:06:45.609Z] GET https://shared181.azure-host.io:8443/ui-library/fonts/open-sans-regular.woff2?e7777b3c2bb7ae4d50f3 → 200 (?ms, ?B)
[2026-05-30T07:06:45.609Z] GET https://shared181.azure-host.io:8443/ui-library/fonts/open-sans-600.woff2?098c0a7547a49b0ce576 → 200 (?ms, ?B)
[2026-05-30T07:06:45.755Z] POST https://sentry.io/api/1327420/envelope/?sentry_version=7&sentry_key=50365a6fe24f4ff28f6b625410e04a35&sentry_client=sentry.javascript.browser%2F10.45.0 → 200 (106ms, 2B)
[2026-05-30T07:06:45.755Z] GET https://shared181.azure-host.io:8443/cp/javascript/views/smb/file-manager/list.js?2dfb149c0e2e140b46b8 → 200 (5ms, 125759B)
[2026-05-30T07:06:45.788Z] GET https://shared181.azure-host.io:8443/cp/theme/images/logos/plesk/logo.svg → 200 (?ms, 2728B)
[2026-05-30T07:06:45.788Z] GET https://shared181.azure-host.io:8443/cp/theme//icons/16/plesk/file-folder.png?377a0415c8e86b629f04f2de969b6dc7 → 200 (?ms, 1264B)
[2026-05-30T07:06:45.788Z] GET https://shared181.azure-host.io:8443/cp/theme//images/tree-open.gif?56398e76be6355ad5999b262208a17c9 → 200 (?ms, 49B)
[2026-05-30T07:06:45.788Z] GET https://shared181.azure-host.io:8443/cp/theme/icons/16/plesk/nav-domains.svg?7f2c02268a8a1b5ffe3e → 200 (?ms, 321B)
[2026-05-30T07:06:45.788Z] GET https://shared181.azure-host.io:8443/cp/theme/icons/16/plesk/nav-mail.svg?97d848270f446e8680e8 → 200 (?ms, 380B)
[2026-05-30T07:06:45.788Z] GET https://shared181.azure-host.io:8443/cp/theme/icons/16/plesk/nav-files.svg?b94b6baccf09bf47a8f7 → 200 (1ms, 387B)
[2026-05-30T07:06:45.789Z] GET https://shared181.azure-host.io:8443/cp/theme/icons/16/plesk/nav-database.svg?b42d673749c256397c0d → 200 (?ms, 831B)
[2026-05-30T07:06:45.789Z] GET https://shared181.azure-host.io:8443/cp/theme/icons/16/plesk/nav-statistic.svg?43588c1f73898e33b5ab → 200 (?ms, 459B)
[2026-05-30T07:06:45.789Z] GET https://shared181.azure-host.io:8443/cp/theme/icons/16/plesk/nav-clients.svg?5cb0f472b6557c28d3de → 200 (?ms, 745B)
[2026-05-30T07:06:45.789Z] GET https://shared181.azure-host.io:8443/cp/theme/icons/16/plesk/nav-profile.svg?8caf2ae59f37b2c3fddb → 200 (?ms, 713B)
[2026-05-30T07:06:45.789Z] GET https://shared181.azure-host.io:8443/modules/wp-toolkit/images/nav-wordpress-toolkit.svg → 200 (?ms, 1247B)
[2026-05-30T07:06:45.789Z] GET https://shared181.azure-host.io:8443/modules/warden/assets/img/application/icons/32x32.png → 200 (?ms, 931B)
[2026-05-30T07:06:45.789Z] GET https://shared181.azure-host.io:8443/cp/theme/icons/16/plesk/att.png?51a97a1108c9c7cf9a19 → 200 (50ms, 1547B)
[2026-05-30T07:06:45.796Z] GET https://shared181.azure-host.io:8443/cp/theme//icons/16/plesk/uplevel.png?09738742d9a113e283a273f3445a1ba9 → 200 (?ms, 1404B)
[2026-05-30T07:06:45.796Z] GET https://shared181.azure-host.io:8443/cp/theme//icons/16/plesk/menu.png?a75a537332528331bb513a94e26d173d → 200 (?ms, 1032B)
[2026-05-30T07:06:45.796Z] GET https://shared181.azure-host.io:8443/cp/theme//icons/16/plesk/file-webscript.png?b2aff14c14b05cccbb316c37d48fb591 → 200 (?ms, 1207B)
[2026-05-30T07:06:45.796Z] GET https://shared181.azure-host.io:8443/cp/theme//icons/16/plesk/file-arch.png?672559f884c624090a3e3687f16148ec → 200 (?ms, 1271B)
[2026-05-30T07:06:45.909Z] GET https://shared181.azure-host.io:8443/smb/task/task-progress → pending (?ms, ?B)
[2026-05-30T07:06:46.093Z] GET https://shared181.azure-host.io:8443/cp/javascript/app/task-progress-bar.js?5f98ca85617ec85205cd → 200 (?ms, 3449B)
[2026-05-30T07:07:10.148Z] GET https://my.azure.io/clientarea.php?action=productdetails&id=59212&dosinglesignon=1&success_redirect_url=%2Fsmb%2Ffile-manager%2Flist%3FsubscriptionId%3D353%26path%3D%2FKlaravex.com%2Fwp-content%2Fthemes → pending (?ms, ?B)
[2026-05-30T07:07:11.699Z] GET https://shared181.azure-host.io:8443/enterprise/rsession_init.php?PLESKSESSID=62b36af2f5464831f58d7ffc237be76b&success_redirect_url=%2Fsmb%2Ffile-manager%2Flist%3FsubscriptionId%3D353%26path%3D%2FKlaravex.com%2Fwp-content%2Fthemes → 303 (105ms, ?B)
[2026-05-30T07:07:11.804Z] GET https://shared181.azure-host.io:8443/smb/file-manager/list?subscriptionId=353&path=/Klaravex.com/wp-content/themes → pending (?ms, ?B)
[2026-05-30T07:07:12.240Z] POST https://sentry.io/api/1327420/envelope/?sentry_version=7&sentry_key=50365a6fe24f4ff28f6b625410e04a35&sentry_client=sentry.javascript.browser%2F10.45.0 → pending (?ms, ?B)
[2026-05-30T07:07:12.242Z] GET https://shared181.azure-host.io:8443/ui-library/plesk-ui-library.css?1776167623 → 200 (1ms, 224433B)
[2026-05-30T07:07:12.243Z] GET https://shared181.azure-host.io:8443/cp/theme/css/main.css?1776342700 → 200 (?ms, 393183B)
[2026-05-30T07:07:12.243Z] GET https://shared181.azure-host.io:8443/modules/letsencrypt/global.css?1778542620 → 200 (?ms, 676B)
[2026-05-30T07:07:12.243Z] GET https://shared181.azure-host.io:8443/modules/global/global.css?1771587571 → 200 (?ms, 446B)
[2026-05-30T07:07:12.243Z] GET https://shared181.azure-host.io:8443/cp/javascript/externals/prototype.js?1776342700 → 200 (?ms, 96954B)
[2026-05-30T07:07:12.243Z] GET https://shared181.azure-host.io:8443/ui-library/plesk-ui-library.min.js?1776167623 → 200 (?ms, 674043B)
[2026-05-30T07:07:12.243Z] GET https://shared181.azure-host.io:8443/cp/javascript/vendors.js?1776342700 → 200 (1ms, 3522333B)
[2026-05-30T07:07:12.244Z] GET https://shared181.azure-host.io:8443/cp/javascript/main.js?1776342700 → 200 (?ms, 1140810B)
[2026-05-30T07:07:12.244Z] GET https://shared181.azure-host.io:8443/cp/javascript/externals/require.js?1776342700 → 200 (?ms, 17713B)
[2026-05-30T07:07:12.244Z] GET https://shared181.azure-host.io:8443/modules/notifier/global.js?1760605709 → 200 (?ms, 18383B)
[2026-05-30T07:07:12.244Z] GET https://shared181.azure-host.io:8443/modules/letsencrypt/global.js?1778542620 → 200 (1ms, 728B)
[2026-05-30T07:07:12.245Z] GET https://shared181.azure-host.io:8443/modules/global/global.js?1752676665 → 200 (?ms, 78B)
[2026-05-30T07:07:12.245Z] GET https://shared181.azure-host.io:8443/modules/notifier/obsidian.css?1760605709 → 200 (?ms, 6984B)
[2026-05-30T07:07:12.264Z] GET https://shared181.azure-host.io:8443/ui-library/fonts/open-sans-regular.woff2?e7777b3c2bb7ae4d50f3 → 200 (?ms, ?B)
[2026-05-30T07:07:12.265Z] GET https://shared181.azure-host.io:8443/ui-library/fonts/open-sans-600.woff2?098c0a7547a49b0ce576 → 200 (?ms, ?B)
[2026-05-30T07:07:12.402Z] POST https://sentry.io/api/1327420/envelope/?sentry_version=7&sentry_key=50365a6fe24f4ff28f6b625410e04a35&sentry_client=sentry.javascript.browser%2F10.45.0 → 200 (109ms, 2B)
[2026-05-30T07:07:12.402Z] GET https://shared181.azure-host.io:8443/cp/javascript/views/smb/file-manager/list.js?2dfb149c0e2e140b46b8 → 200 (?ms, 125759B)
[2026-05-30T07:07:12.429Z] GET https://shared181.azure-host.io:8443/cp/theme/images/logos/plesk/logo.svg → 200 (?ms, 2728B)
[2026-05-30T07:07:12.429Z] GET https://shared181.azure-host.io:8443/cp/theme//icons/16/plesk/file-folder.png?377a0415c8e86b629f04f2de969b6dc7 → 200 (?ms, 1264B)
[2026-05-30T07:07:12.430Z] GET https://shared181.azure-host.io:8443/cp/theme//images/tree-open.gif?56398e76be6355ad5999b262208a17c9 → 200 (?ms, 49B)
[2026-05-30T07:07:12.430Z] GET https://shared181.azure-host.io:8443/cp/theme/icons/16/plesk/nav-domains.svg?7f2c02268a8a1b5ffe3e → 200 (?ms, 321B)
[2026-05-30T07:07:12.430Z] GET https://shared181.azure-host.io:8443/cp/theme/icons/16/plesk/nav-mail.svg?97d848270f446e8680e8 → 200 (?ms, 380B)
[2026-05-30T07:07:12.430Z] GET https://shared181.azure-host.io:8443/cp/theme/icons/16/plesk/nav-files.svg?b94b6baccf09bf47a8f7 → 200 (?ms, 387B)
[2026-05-30T07:07:12.430Z] GET https://shared181.azure-host.io:8443/cp/theme/icons/16/plesk/nav-database.svg?b42d673749c256397c0d → 200 (?ms, 831B)
[2026-05-30T07:07:12.430Z] GET https://shared181.azure-host.io:8443/cp/theme/icons/16/plesk/nav-statistic.svg?43588c1f73898e33b5ab → 200 (?ms, 459B)
[2026-05-30T07:07:12.431Z] GET https://shared181.azure-host.io:8443/cp/theme/icons/16/plesk/nav-clients.svg?5cb0f472b6557c28d3de → 200 (?ms, 745B)
[2026-05-30T07:07:12.431Z] GET https://shared181.azure-host.io:8443/cp/theme/icons/16/plesk/nav-profile.svg?8caf2ae59f37b2c3fddb → 200 (?ms, 713B)
[2026-05-30T07:07:12.431Z] GET https://shared181.azure-host.io:8443/modules/wp-toolkit/images/nav-wordpress-toolkit.svg → 200 (?ms, 1247B)
[2026-05-30T07:07:12.431Z] GET https://shared181.azure-host.io:8443/modules/warden/assets/img/application/icons/32x32.png → 200 (?ms, 931B)
[2026-05-30T07:07:12.437Z] GET https://shared181.azure-host.io:8443/cp/theme//icons/16/plesk/menu.png?a75a537332528331bb513a94e26d173d → 200 (?ms, 1032B)
[2026-05-30T07:07:12.438Z] GET https://shared181.azure-host.io:8443/cp/theme//icons/16/plesk/file-txt.png?9bfe434b7467e7d61abb4b3ae8adc711 → 200 (?ms, 1212B)
[2026-05-30T07:07:12.570Z] GET https://shared181.azure-host.io:8443/smb/task/task-progress → 200 (208ms, 4015B)
[2026-05-30T07:07:12.778Z] GET https://shared181.azure-host.io:8443/cp/javascript/app/task-progress-bar.js?5f98ca85617ec85205cd → 200 (?ms, 3449B)
[2026-05-30T07:07:24.649Z] GET https://shared181.azure-host.io:8443/smb/file-manager/list?subscriptionId=353&path=/Klaravex.com/wp-content/themes → pending (?ms, ?B)
[2026-05-30T07:07:25.088Z] POST https://sentry.io/api/1327420/envelope/?sentry_version=7&sentry_key=50365a6fe24f4ff28f6b625410e04a35&sentry_client=sentry.javascript.browser%2F10.45.0 → pending (?ms, ?B)
[2026-05-30T07:07:25.090Z] GET https://shared181.azure-host.io:8443/ui-library/plesk-ui-library.css?1776167623 → 200 (?ms, 224433B)
[2026-05-30T07:07:25.091Z] GET https://shared181.azure-host.io:8443/cp/theme/css/main.css?1776342700 → 200 (?ms, 393183B)
[2026-05-30T07:07:25.091Z] GET https://shared181.azure-host.io:8443/modules/letsencrypt/global.css?1778542620 → 200 (?ms, 676B)
[2026-05-30T07:07:25.091Z] GET https://shared181.azure-host.io:8443/modules/global/global.css?1771587571 → 200 (?ms, 446B)
[2026-05-30T07:07:25.091Z] GET https://shared181.azure-host.io:8443/cp/javascript/externals/prototype.js?1776342700 → 200 (?ms, 96954B)
[2026-05-30T07:07:25.091Z] GET https://shared181.azure-host.io:8443/ui-library/plesk-ui-library.min.js?1776167623 → 200 (?ms, 674043B)
[2026-05-30T07:07:25.091Z] GET https://shared181.azure-host.io:8443/cp/javascript/vendors.js?1776342700 → 200 (?ms, 3522333B)
[2026-05-30T07:07:25.092Z] GET https://shared181.azure-host.io:8443/cp/javascript/main.js?1776342700 → 200 (?ms, 1140810B)
[2026-05-30T07:07:25.092Z] GET https://shared181.azure-host.io:8443/cp/javascript/externals/require.js?1776342700 → 200 (?ms, 17713B)
[2026-05-30T07:07:25.092Z] GET https://shared181.azure-host.io:8443/modules/notifier/global.js?1760605709 → 200 (?ms, 18383B)
[2026-05-30T07:07:25.092Z] GET https://shared181.azure-host.io:8443/modules/letsencrypt/global.js?1778542620 → 200 (?ms, 728B)
[2026-05-30T07:07:25.093Z] GET https://shared181.azure-host.io:8443/modules/global/global.js?1752676665 → 200 (?ms, 78B)
[2026-05-30T07:07:25.093Z] GET https://shared181.azure-host.io:8443/modules/notifier/obsidian.css?1760605709 → 200 (?ms, 6984B)
[2026-05-30T07:07:25.117Z] GET https://shared181.azure-host.io:8443/ui-library/fonts/open-sans-regular.woff2?e7777b3c2bb7ae4d50f3 → 200 (?ms, ?B)
[2026-05-30T07:07:25.117Z] GET https://shared181.azure-host.io:8443/ui-library/fonts/open-sans-600.woff2?098c0a7547a49b0ce576 → 200 (?ms, ?B)
[2026-05-30T07:07:25.254Z] POST https://sentry.io/api/1327420/envelope/?sentry_version=7&sentry_key=50365a6fe24f4ff28f6b625410e04a35&sentry_client=sentry.javascript.browser%2F10.45.0 → 200 (105ms, 2B)
[2026-05-30T07:07:25.254Z] GET https://shared181.azure-host.io:8443/cp/javascript/views/smb/file-manager/list.js?2dfb149c0e2e140b46b8 → 200 (?ms, 125759B)
[2026-05-30T07:07:25.282Z] GET https://shared181.azure-host.io:8443/cp/theme/images/logos/plesk/logo.svg → 200 (1ms, 2728B)
[2026-05-30T07:07:25.283Z] GET https://shared181.azure-host.io:8443/cp/theme//icons/16/plesk/file-folder.png?377a0415c8e86b629f04f2de969b6dc7 → 200 (?ms, 1264B)
[2026-05-30T07:07:25.283Z] GET https://shared181.azure-host.io:8443/cp/theme//images/tree-open.gif?56398e76be6355ad5999b262208a17c9 → 200 (?ms, 49B)
[2026-05-30T07:07:25.283Z] GET https://shared181.azure-host.io:8443/cp/theme/icons/16/plesk/nav-domains.svg?7f2c02268a8a1b5ffe3e → 200 (?ms, 321B)
[2026-05-30T07:07:25.283Z] GET https://shared181.azure-host.io:8443/cp/theme/icons/16/plesk/nav-mail.svg?97d848270f446e8680e8 → 200 (?ms, 380B)
[2026-05-30T07:07:25.284Z] GET https://shared181.azure-host.io:8443/cp/theme/icons/16/plesk/nav-files.svg?b94b6baccf09bf47a8f7 → 200 (?ms, 387B)
[2026-05-30T07:07:25.284Z] GET https://shared181.azure-host.io:8443/cp/theme/icons/16/plesk/nav-database.svg?b42d673749c256397c0d → 200 (?ms, 831B)
[2026-05-30T07:07:25.284Z] GET https://shared181.azure-host.io:8443/cp/theme/icons/16/plesk/nav-statistic.svg?43588c1f73898e33b5ab → 200 (?ms, 459B)
[2026-05-30T07:07:25.284Z] GET https://shared181.azure-host.io:8443/cp/theme/icons/16/plesk/nav-clients.svg?5cb0f472b6557c28d3de → 200 (?ms, 745B)
[2026-05-30T07:07:25.284Z] GET https://shared181.azure-host.io:8443/cp/theme/icons/16/plesk/nav-profile.svg?8caf2ae59f37b2c3fddb → 200 (?ms, 713B)
[2026-05-30T07:07:25.284Z] GET https://shared181.azure-host.io:8443/modules/wp-toolkit/images/nav-wordpress-toolkit.svg → 200 (?ms, 1247B)
[2026-05-30T07:07:25.284Z] GET https://shared181.azure-host.io:8443/modules/warden/assets/img/application/icons/32x32.png → 200 (?ms, 931B)
[2026-05-30T07:07:25.289Z] GET https://shared181.azure-host.io:8443/cp/theme//icons/16/plesk/menu.png?a75a537332528331bb513a94e26d173d → 200 (1ms, 1032B)
[2026-05-30T07:07:25.290Z] GET https://shared181.azure-host.io:8443/cp/theme//icons/16/plesk/file-txt.png?9bfe434b7467e7d61abb4b3ae8adc711 → 200 (?ms, 1212B)
[2026-05-30T07:07:25.418Z] GET https://shared181.azure-host.io:8443/smb/task/task-progress → 200 (205ms, 4015B)
[2026-05-30T07:07:25.624Z] GET https://shared181.azure-host.io:8443/cp/javascript/app/task-progress-bar.js?5f98ca85617ec85205cd → 200 (?ms, 3449B)
[2026-05-30T07:07:45.663Z] GET https://shared181.azure-host.io:8443/smb/file-manager/list?subscriptionId=353&path=/Klaravex.com/wp-content/themes → pending (?ms, ?B)
[2026-05-30T07:07:57.105Z] GET https://shared181.azure-host.io:8443/cp/theme/icons/16/plesk/indicator.gif?f728835c21024afaef57 → 200 (?ms, 8787B)
[2026-05-30T07:07:57.106Z] GET https://shared181.azure-host.io:8443/smb/file-manager/list-data/domainId/353?currentDir=%2FKlaravex.com&controllerName=file-manager&actionName=list → 200 (553ms, 14712B)
[2026-05-30T07:07:57.659Z] GET https://shared181.azure-host.io:8443/cp/theme//icons/16/plesk/uplevel.png?09738742d9a113e283a273f3445a1ba9 → 200 (1ms, 1404B)
[2026-05-30T07:07:57.659Z] GET https://shared181.azure-host.io:8443/cp/theme//icons/16/plesk/file-private.png?b3e618929415e17caa82f8d04d2aa689 → 200 (47ms, 1768B)
[2026-05-30T07:07:57.659Z] GET https://shared181.azure-host.io:8443/cp/theme//icons/16/plesk/file-webscript.png?b2aff14c14b05cccbb316c37d48fb591 → 200 (1ms, 1207B)
[2026-05-30T07:07:57.659Z] GET https://shared181.azure-host.io:8443/cp/theme//icons/16/plesk/file-html.png?a1c021367bd1d987f31cf58c13a2d342 → 200 (2ms, 1850B)
[2026-05-30T07:08:19.380Z] GET https://shared181.azure-host.io:8443/smb/file-manager/list-data/domainId/353?currentDir=%2FKlaravex.com%2Fwp-content&controllerName=file-manager&actionName=list → 200 (299ms, 7874B)
[2026-05-30T07:08:19.687Z] GET https://shared181.azure-host.io:8443/cp/theme//icons/16/plesk/file-arch.png?672559f884c624090a3e3687f16148ec → 200 (2ms, 1271B)
[2026-05-30T07:08:48.044Z] POST https://shared181.azure-host.io:8443/smb/file-manager/rename → pending (?ms, ?B)
[2026-05-30T07:08:54.815Z] GET https://shared181.azure-host.io:8443/smb/file-manager/list?subscriptionId=353&path=/Klaravex.com/wp-content/themes → pending (?ms, ?B)
[2026-05-30T07:08:55.179Z] POST https://sentry.io/api/1327420/envelope/?sentry_version=7&sentry_key=50365a6fe24f4ff28f6b625410e04a35&sentry_client=sentry.javascript.browser%2F10.45.0 → pending (?ms, ?B)
[2026-05-30T07:08:55.184Z] GET https://shared181.azure-host.io:8443/ui-library/plesk-ui-library.css?1776167623 → 200 (?ms, 224433B)
[2026-05-30T07:08:55.184Z] GET https://shared181.azure-host.io:8443/cp/theme/css/main.css?1776342700 → 200 (?ms, 393183B)
[2026-05-30T07:08:55.184Z] GET https://shared181.azure-host.io:8443/modules/letsencrypt/global.css?1778542620 → 200 (1ms, 676B)
[2026-05-30T07:08:55.185Z] GET https://shared181.azure-host.io:8443/modules/global/global.css?1771587571 → 200 (?ms, 446B)
[2026-05-30T07:08:55.185Z] GET https://shared181.azure-host.io:8443/cp/javascript/externals/prototype.js?1776342700 → 200 (?ms, 96954B)
[2026-05-30T07:08:55.185Z] GET https://shared181.azure-host.io:8443/ui-library/plesk-ui-library.min.js?1776167623 → 200 (?ms, 674043B)
[2026-05-30T07:08:55.185Z] GET https://shared181.azure-host.io:8443/cp/javascript/vendors.js?1776342700 → 200 (1ms, 3522333B)
[2026-05-30T07:08:55.186Z] GET https://shared181.azure-host.io:8443/cp/javascript/main.js?1776342700 → 200 (?ms, 1140810B)
[2026-05-30T07:08:55.186Z] GET https://shared181.azure-host.io:8443/cp/javascript/externals/require.js?1776342700 → 200 (1ms, 17713B)
[2026-05-30T07:08:55.187Z] GET https://shared181.azure-host.io:8443/modules/notifier/global.js?1760605709 → 200 (?ms, 18383B)
[2026-05-30T07:08:55.187Z] GET https://shared181.azure-host.io:8443/modules/letsencrypt/global.js?1778542620 → 200 (?ms, 728B)
[2026-05-30T07:08:55.187Z] GET https://shared181.azure-host.io:8443/modules/global/global.js?1752676665 → 200 (?ms, 78B)
[2026-05-30T07:08:55.187Z] GET https://shared181.azure-host.io:8443/modules/notifier/obsidian.css?1760605709 → 200 (1ms, 6984B)
[2026-05-30T07:08:55.214Z] GET https://shared181.azure-host.io:8443/ui-library/fonts/open-sans-regular.woff2?e7777b3c2bb7ae4d50f3 → 200 (?ms, ?B)
[2026-05-30T07:08:55.215Z] GET https://shared181.azure-host.io:8443/ui-library/fonts/open-sans-600.woff2?098c0a7547a49b0ce576 → 200 (?ms, ?B)
[2026-05-30T07:08:55.354Z] POST https://sentry.io/api/1327420/envelope/?sentry_version=7&sentry_key=50365a6fe24f4ff28f6b625410e04a35&sentry_client=sentry.javascript.browser%2F10.45.0 → 200 (106ms, 2B)
[2026-05-30T07:08:55.354Z] GET https://shared181.azure-host.io:8443/cp/javascript/views/smb/file-manager/list.js?2dfb149c0e2e140b46b8 → 200 (?ms, 125759B)
[2026-05-30T07:08:55.382Z] GET https://shared181.azure-host.io:8443/cp/theme/images/logos/plesk/logo.svg → 200 (?ms, 2728B)
[2026-05-30T07:08:55.382Z] GET https://shared181.azure-host.io:8443/cp/theme//icons/16/plesk/file-folder.png?377a0415c8e86b629f04f2de969b6dc7 → 200 (?ms, 1264B)
[2026-05-30T07:08:55.383Z] GET https://shared181.azure-host.io:8443/cp/theme//images/tree-open.gif?56398e76be6355ad5999b262208a17c9 → 200 (?ms, 49B)
[2026-05-30T07:08:55.383Z] GET https://shared181.azure-host.io:8443/cp/theme/icons/16/plesk/nav-domains.svg?7f2c02268a8a1b5ffe3e → 200 (?ms, 321B)
[2026-05-30T07:08:55.383Z] GET https://shared181.azure-host.io:8443/cp/theme/icons/16/plesk/nav-mail.svg?97d848270f446e8680e8 → 200 (?ms, 380B)
[2026-05-30T07:08:55.383Z] GET https://shared181.azure-host.io:8443/cp/theme/icons/16/plesk/nav-files.svg?b94b6baccf09bf47a8f7 → 200 (?ms, 387B)
[2026-05-30T07:08:55.383Z] GET https://shared181.azure-host.io:8443/cp/theme/icons/16/plesk/nav-database.svg?b42d673749c256397c0d → 200 (?ms, 831B)
[2026-05-30T07:08:55.383Z] GET https://shared181.azure-host.io:8443/cp/theme/icons/16/plesk/nav-statistic.svg?43588c1f73898e33b5ab → 200 (?ms, 459B)
[2026-05-30T07:08:55.383Z] GET https://shared181.azure-host.io:8443/cp/theme/icons/16/plesk/nav-clients.svg?5cb0f472b6557c28d3de → 200 (?ms, 745B)
[2026-05-30T07:08:55.383Z] GET https://shared181.azure-host.io:8443/cp/theme/icons/16/plesk/nav-profile.svg?8caf2ae59f37b2c3fddb → 200 (?ms, 713B)
[2026-05-30T07:08:55.383Z] GET https://shared181.azure-host.io:8443/modules/wp-toolkit/images/nav-wordpress-toolkit.svg → 200 (1ms, 1247B)
[2026-05-30T07:08:55.384Z] GET https://shared181.azure-host.io:8443/modules/warden/assets/img/application/icons/32x32.png → 200 (?ms, 931B)
[2026-05-30T07:08:55.384Z] GET https://shared181.azure-host.io:8443/cp/theme/icons/16/plesk/att.png?51a97a1108c9c7cf9a19 → 200 (?ms, 1547B)
[2026-05-30T07:08:55.390Z] GET https://shared181.azure-host.io:8443/cp/theme//icons/16/plesk/uplevel.png?09738742d9a113e283a273f3445a1ba9 → 200 (?ms, 1404B)
[2026-05-30T07:08:55.390Z] GET https://shared181.azure-host.io:8443/cp/theme//icons/16/plesk/menu.png?a75a537332528331bb513a94e26d173d → 200 (?ms, 1032B)
[2026-05-30T07:08:55.390Z] GET https://shared181.azure-host.io:8443/cp/theme//icons/16/plesk/file-webscript.png?b2aff14c14b05cccbb316c37d48fb591 → 200 (?ms, 1207B)
[2026-05-30T07:08:55.390Z] GET https://shared181.azure-host.io:8443/cp/theme//icons/16/plesk/file-arch.png?672559f884c624090a3e3687f16148ec → 200 (?ms, 1271B)
[2026-05-30T07:08:55.511Z] GET https://shared181.azure-host.io:8443/smb/task/task-progress → 200 (162ms, 4015B)
[2026-05-30T07:08:55.674Z] GET https://shared181.azure-host.io:8443/cp/javascript/app/task-progress-bar.js?5f98ca85617ec85205cd → 200 (?ms, 3449B)
[2026-05-30T07:13:42.108Z] GET https://my.azure.io/clientarea.php?action=productdetails&id=59212&dosinglesignon=1&success_redirect_url=%2Fsmb%2Ffile-manager%2Flist%3FsubscriptionId%3D353%26path%3D%2FKlaravex.com%2Fwp-content%2Fthemes → pending (?ms, ?B)
[2026-05-30T07:13:43.097Z] GET https://shared181.azure-host.io:8443/enterprise/rsession_init.php?PLESKSESSID=e44b87714f0c8a6e4432ea1643029b3f&success_redirect_url=%2Fsmb%2Ffile-manager%2Flist%3FsubscriptionId%3D353%26path%3D%2FKlaravex.com%2Fwp-content%2Fthemes → 303 (153ms, ?B)
[2026-05-30T07:13:43.250Z] GET https://shared181.azure-host.io:8443/smb/file-manager/list?subscriptionId=353&path=/Klaravex.com/wp-content/themes → pending (?ms, ?B)
[2026-05-30T07:13:43.681Z] POST https://sentry.io/api/1327420/envelope/?sentry_version=7&sentry_key=50365a6fe24f4ff28f6b625410e04a35&sentry_client=sentry.javascript.browser%2F10.45.0 → pending (?ms, ?B)
[2026-05-30T07:13:43.683Z] GET https://shared181.azure-host.io:8443/ui-library/plesk-ui-library.css?1776167623 → 200 (?ms, 224433B)
[2026-05-30T07:13:43.684Z] GET https://shared181.azure-host.io:8443/cp/theme/css/main.css?1776342700 → 200 (?ms, 393183B)
[2026-05-30T07:13:43.684Z] GET https://shared181.azure-host.io:8443/modules/letsencrypt/global.css?1778542620 → 200 (?ms, 676B)
[2026-05-30T07:13:43.684Z] GET https://shared181.azure-host.io:8443/modules/global/global.css?1771587571 → 200 (?ms, 446B)
[2026-05-30T07:13:43.684Z] GET https://shared181.azure-host.io:8443/cp/javascript/externals/prototype.js?1776342700 → 200 (?ms, 96954B)
[2026-05-30T07:13:43.685Z] GET https://shared181.azure-host.io:8443/ui-library/plesk-ui-library.min.js?1776167623 → 200 (?ms, 674043B)
[2026-05-30T07:13:43.685Z] GET https://shared181.azure-host.io:8443/cp/javascript/vendors.js?1776342700 → 200 (?ms, 3522333B)
[2026-05-30T07:13:43.685Z] GET https://shared181.azure-host.io:8443/cp/javascript/main.js?1776342700 → 200 (?ms, 1140810B)
[2026-05-30T07:13:43.685Z] GET https://shared181.azure-host.io:8443/cp/javascript/externals/require.js?1776342700 → 200 (?ms, 17713B)
[2026-05-30T07:13:43.686Z] GET https://shared181.azure-host.io:8443/modules/notifier/global.js?1760605709 → 200 (?ms, 18383B)
[2026-05-30T07:13:43.686Z] GET https://shared181.azure-host.io:8443/modules/letsencrypt/global.js?1778542620 → 200 (?ms, 728B)
[2026-05-30T07:13:43.686Z] GET https://shared181.azure-host.io:8443/modules/global/global.js?1752676665 → 200 (?ms, 78B)
[2026-05-30T07:13:43.686Z] GET https://shared181.azure-host.io:8443/modules/notifier/obsidian.css?1760605709 → 200 (?ms, 6984B)
[2026-05-30T07:13:43.709Z] GET https://shared181.azure-host.io:8443/ui-library/fonts/open-sans-regular.woff2?e7777b3c2bb7ae4d50f3 → 200 (?ms, ?B)
[2026-05-30T07:13:43.709Z] GET https://shared181.azure-host.io:8443/ui-library/fonts/open-sans-600.woff2?098c0a7547a49b0ce576 → 200 (?ms, ?B)
[2026-05-30T07:13:43.850Z] POST https://sentry.io/api/1327420/envelope/?sentry_version=7&sentry_key=50365a6fe24f4ff28f6b625410e04a35&sentry_client=sentry.javascript.browser%2F10.45.0 → 200 (108ms, 2B)
[2026-05-30T07:13:43.850Z] GET https://shared181.azure-host.io:8443/cp/javascript/views/smb/file-manager/list.js?2dfb149c0e2e140b46b8 → 200 (?ms, 125759B)
[2026-05-30T07:13:43.879Z] GET https://shared181.azure-host.io:8443/cp/theme/images/logos/plesk/logo.svg → 200 (?ms, 2728B)
[2026-05-30T07:13:43.879Z] GET https://shared181.azure-host.io:8443/cp/theme//icons/16/plesk/file-folder.png?377a0415c8e86b629f04f2de969b6dc7 → 200 (1ms, 1264B)
[2026-05-30T07:13:43.880Z] GET https://shared181.azure-host.io:8443/cp/theme//images/tree-open.gif?56398e76be6355ad5999b262208a17c9 → 200 (?ms, 49B)
[2026-05-30T07:13:43.880Z] GET https://shared181.azure-host.io:8443/cp/theme/icons/16/plesk/nav-domains.svg?7f2c02268a8a1b5ffe3e → 200 (?ms, 321B)
[2026-05-30T07:13:43.880Z] GET https://shared181.azure-host.io:8443/cp/theme/icons/16/plesk/nav-mail.svg?97d848270f446e8680e8 → 200 (?ms, 380B)
[2026-05-30T07:13:43.880Z] GET https://shared181.azure-host.io:8443/cp/theme/icons/16/plesk/nav-files.svg?b94b6baccf09bf47a8f7 → 200 (?ms, 387B)
[2026-05-30T07:13:43.880Z] GET https://shared181.azure-host.io:8443/cp/theme/icons/16/plesk/nav-database.svg?b42d673749c256397c0d → 200 (?ms, 831B)
[2026-05-30T07:13:43.881Z] GET https://shared181.azure-host.io:8443/cp/theme/icons/16/plesk/nav-statistic.svg?43588c1f73898e33b5ab → 200 (?ms, 459B)
[2026-05-30T07:13:43.881Z] GET https://shared181.azure-host.io:8443/cp/theme/icons/16/plesk/nav-clients.svg?5cb0f472b6557c28d3de → 200 (?ms, 745B)
[2026-05-30T07:13:43.881Z] GET https://shared181.azure-host.io:8443/cp/theme/icons/16/plesk/nav-profile.svg?8caf2ae59f37b2c3fddb → 200 (?ms, 713B)
[2026-05-30T07:13:43.881Z] GET https://shared181.azure-host.io:8443/modules/wp-toolkit/images/nav-wordpress-toolkit.svg → 200 (?ms, 1247B)
[2026-05-30T07:13:43.881Z] GET https://shared181.azure-host.io:8443/modules/warden/assets/img/application/icons/32x32.png → 200 (?ms, 931B)
[2026-05-30T07:13:43.887Z] GET https://shared181.azure-host.io:8443/cp/theme//icons/16/plesk/menu.png?a75a537332528331bb513a94e26d173d → 200 (?ms, 1032B)
[2026-05-30T07:13:43.887Z] GET https://shared181.azure-host.io:8443/cp/theme//icons/16/plesk/file-txt.png?9bfe434b7467e7d61abb4b3ae8adc711 → 200 (2ms, 1212B)
[2026-05-30T07:13:44.001Z] GET https://shared181.azure-host.io:8443/smb/task/task-progress → 200 (149ms, 4015B)
[2026-05-30T07:13:44.151Z] GET https://shared181.azure-host.io:8443/cp/javascript/app/task-progress-bar.js?5f98ca85617ec85205cd → 200 (?ms, 3449B)
[2026-05-30T07:15:09.951Z] GET https://shared181.azure-host.io:8443/cp/theme/icons/16/plesk/indicator.gif?f728835c21024afaef57 → 200 (?ms, 8787B)
[2026-05-30T07:15:09.951Z] GET https://shared181.azure-host.io:8443/smb/file-manager/list-data/domainId/353?currentDir=%2F%2FKlaravex.com&controllerName=file-manager&actionName=list → 200 (356ms, 15000B)
[2026-05-30T07:15:10.307Z] GET https://shared181.azure-host.io:8443/cp/theme//icons/16/plesk/uplevel.png?09738742d9a113e283a273f3445a1ba9 → 200 (4ms, 1404B)
[2026-05-30T07:15:10.307Z] GET https://shared181.azure-host.io:8443/cp/theme//icons/16/plesk/file-private.png?b3e618929415e17caa82f8d04d2aa689 → 200 (4ms, 1768B)
[2026-05-30T07:15:10.307Z] GET https://shared181.azure-host.io:8443/cp/theme//icons/16/plesk/file-webscript.png?b2aff14c14b05cccbb316c37d48fb591 → 200 (4ms, 1207B)
[2026-05-30T07:15:10.307Z] GET https://shared181.azure-host.io:8443/cp/theme//icons/16/plesk/file-html.png?a1c021367bd1d987f31cf58c13a2d342 → 200 (4ms, 1850B)
[2026-05-30T07:15:25.972Z] POST https://shared181.azure-host.io:8443/smb/file-manager/file-move-to-dir → 200 (66ms, 56B)
[2026-05-30T07:15:37.710Z] GET https://shared181.azure-host.io:8443/smb/file-manager/list?subscriptionId=353&path=/Klaravex.com/wp-content → 200 (347ms, 22511B)
[2026-05-30T07:15:49.604Z] GET https://shared181.azure-host.io:8443/smb/file-manager/list?subscriptionId=353&path=/Klaravex.com/wp-content → 200 (370ms, 22427B)
[2026-05-30T07:16:09.869Z] GET https://shared181.azure-host.io:8443/smb/file-manager/list?subscriptionId=353&path=/Klaravex.com/wp-content → 200 (287ms, 22427B)
[2026-05-30T07:16:09.869Z] GET https://shared181.azure-host.io:8443/smb/file-manager/list?subscriptionId=353&path=/Klaravex.com/wp-content/themes → 200 (295ms, 22443B)
[2026-05-30T07:16:32.341Z] GET https://shared181.azure-host.io:8443/smb/file-manager/list-data/domainId/353?currentDir=%2FKlaravex.com%2Fwp-content&controllerName=file-manager&actionName=list → pending (?ms, ?B)
[2026-05-30T07:16:32.674Z] GET https://shared181.azure-host.io:8443/cp/theme//icons/16/plesk/file-arch.png?672559f884c624090a3e3687f16148ec → 200 (3ms, 1271B)
[2026-05-30T07:16:50.373Z] POST https://shared181.azure-host.io:8443/smb/file-manager/rename → 200 (72ms, 56B)
[2026-05-30T07:18:27.045Z] GET https://shared181.azure-host.io:8443/cp/locale?sections[]=smb.controllers.file-manager.move-files → 200 (242ms, 680B)
[2026-05-30T07:18:27.304Z] GET https://shared181.azure-host.io:8443/smb/file-manager/tree-data/domainId/353/?rootDir=%2F&showFiles=false → 200 (395ms, 672B)
[2026-05-30T07:18:27.307Z] GET https://shared181.azure-host.io:8443/cp/theme/icons/32/plesk/file-move.png?f77151dda588bc3b5a02 → 200 (?ms, 1578B)
[2026-05-30T07:21:45.189Z] POST https://shared181.azure-host.io:8443/smb/file-manager/rename → 200 (433ms, 72B)
[2026-05-30T07:23:24.848Z] POST https://shared181.azure-host.io:8443/smb/file-manager/list-dir?subscriptionId=353 → 200 (369ms, 54B)
[2026-05-30T07:23:24.848Z] GET https://shared181.azure-host.io:8443/smb/file-manager/list?subscriptionId=353&path=/Klaravex.com/wp-content/themes&ajax=1 → pending (?ms, ?B)
[2026-05-30T07:24:33.789Z] GET https://shared181.azure-host.io:8443/smb/file-manager/list?subscriptionId=353&path=/Klaravex.com/wp-content/themes → 200 (522ms, ?B)
[2026-05-30T07:24:34.314Z] POST https://sentry.io/api/1327420/envelope/?sentry_version=7&sentry_key=50365a6fe24f4ff28f6b625410e04a35&sentry_client=sentry.javascript.browser%2F10.45.0 → pending (?ms, ?B)
[2026-05-30T07:24:34.316Z] GET https://shared181.azure-host.io:8443/ui-library/plesk-ui-library.css?1776167623 → 200 (?ms, 224433B)
[2026-05-30T07:24:34.316Z] GET https://shared181.azure-host.io:8443/cp/theme/css/main.css?1776342700 → 200 (?ms, 393183B)
[2026-05-30T07:24:34.316Z] GET https://shared181.azure-host.io:8443/modules/letsencrypt/global.css?1778542620 → 200 (1ms, 676B)
[2026-05-30T07:24:34.317Z] GET https://shared181.azure-host.io:8443/modules/global/global.css?1771587571 → 200 (?ms, 446B)
[2026-05-30T07:24:34.317Z] GET https://shared181.azure-host.io:8443/cp/javascript/externals/prototype.js?1776342700 → 200 (?ms, 96954B)
[2026-05-30T07:24:34.317Z] GET https://shared181.azure-host.io:8443/ui-library/plesk-ui-library.min.js?1776167623 → 200 (?ms, ?B)
[2026-05-30T07:24:34.317Z] GET https://shared181.azure-host.io:8443/cp/javascript/vendors.js?1776342700 → 200 (1ms, ?B)
[2026-05-30T07:24:34.318Z] GET https://shared181.azure-host.io:8443/cp/javascript/main.js?1776342700 → 200 (?ms, ?B)
[2026-05-30T07:24:34.318Z] GET https://shared181.azure-host.io:8443/cp/javascript/externals/require.js?1776342700 → 200 (?ms, ?B)
[2026-05-30T07:24:34.318Z] GET https://shared181.azure-host.io:8443/modules/notifier/global.js?1760605709 → 200 (?ms, ?B)
[2026-05-30T07:24:34.318Z] GET https://shared181.azure-host.io:8443/modules/letsencrypt/global.js?1778542620 → 200 (?ms, ?B)
[2026-05-30T07:24:34.318Z] GET https://shared181.azure-host.io:8443/modules/global/global.js?1752676665 → 200 (?ms, ?B)
[2026-05-30T07:24:34.318Z] GET https://shared181.azure-host.io:8443/modules/notifier/obsidian.css?1760605709 → 200 (?ms, ?B)
[2026-05-30T07:24:34.355Z] GET https://shared181.azure-host.io:8443/ui-library/fonts/open-sans-regular.woff2?e7777b3c2bb7ae4d50f3 → 200 (?ms, ?B)
[2026-05-30T07:24:34.355Z] GET https://shared181.azure-host.io:8443/ui-library/fonts/open-sans-600.woff2?098c0a7547a49b0ce576 → 200 (?ms, ?B)
[2026-05-30T07:24:34.502Z] POST https://sentry.io/api/1327420/envelope/?sentry_version=7&sentry_key=50365a6fe24f4ff28f6b625410e04a35&sentry_client=sentry.javascript.browser%2F10.45.0 → 200 (111ms, 2B)
[2026-05-30T07:24:34.502Z] GET https://shared181.azure-host.io:8443/cp/javascript/views/smb/file-manager/list.js?2dfb149c0e2e140b46b8 → 200 (3ms, 125759B)
[2026-05-30T07:24:34.533Z] GET https://shared181.azure-host.io:8443/cp/theme/images/logos/plesk/logo.svg → 200 (?ms, 2728B)
[2026-05-30T07:24:34.533Z] GET https://shared181.azure-host.io:8443/cp/theme//icons/16/plesk/file-folder.png?377a0415c8e86b629f04f2de969b6dc7 → 200 (?ms, 1264B)
[2026-05-30T07:24:34.533Z] GET https://shared181.azure-host.io:8443/cp/theme//images/tree-open.gif?56398e76be6355ad5999b262208a17c9 → 200 (?ms, 49B)
[2026-05-30T07:24:34.534Z] GET https://shared181.azure-host.io:8443/cp/theme/icons/16/plesk/nav-domains.svg?7f2c02268a8a1b5ffe3e → 200 (?ms, 321B)
[2026-05-30T07:24:34.534Z] GET https://shared181.azure-host.io:8443/cp/theme/icons/16/plesk/nav-mail.svg?97d848270f446e8680e8 → 200 (?ms, 380B)
[2026-05-30T07:24:34.534Z] GET https://shared181.azure-host.io:8443/cp/theme/icons/16/plesk/nav-files.svg?b94b6baccf09bf47a8f7 → 200 (?ms, 387B)
[2026-05-30T07:24:34.534Z] GET https://shared181.azure-host.io:8443/cp/theme/icons/16/plesk/nav-database.svg?b42d673749c256397c0d → 200 (?ms, 831B)
[2026-05-30T07:24:34.534Z] GET https://shared181.azure-host.io:8443/cp/theme/icons/16/plesk/nav-statistic.svg?43588c1f73898e33b5ab → 200 (?ms, 459B)
[2026-05-30T07:24:34.534Z] GET https://shared181.azure-host.io:8443/cp/theme/icons/16/plesk/nav-clients.svg?5cb0f472b6557c28d3de → 200 (?ms, 745B)
[2026-05-30T07:24:34.534Z] GET https://shared181.azure-host.io:8443/cp/theme/icons/16/plesk/nav-profile.svg?8caf2ae59f37b2c3fddb → 200 (?ms, 713B)
[2026-05-30T07:24:34.534Z] GET https://shared181.azure-host.io:8443/modules/wp-toolkit/images/nav-wordpress-toolkit.svg → 200 (1ms, 1247B)
[2026-05-30T07:24:34.535Z] GET https://shared181.azure-host.io:8443/modules/warden/assets/img/application/icons/32x32.png → 200 (?ms, 931B)
[2026-05-30T07:24:34.535Z] GET https://shared181.azure-host.io:8443/cp/theme/icons/16/plesk/att.png?51a97a1108c9c7cf9a19 → 200 (?ms, 1547B)
[2026-05-30T07:24:34.535Z] GET https://shared181.azure-host.io:8443/cp/theme/icons/16/plesk/warning.png?4bbb1a79afc3b877657d → 200 (?ms, 1535B)
[2026-05-30T07:24:34.543Z] GET https://shared181.azure-host.io:8443/cp/theme//icons/16/plesk/uplevel.png?09738742d9a113e283a273f3445a1ba9 → 200 (?ms, 1404B)
[2026-05-30T07:24:34.543Z] GET https://shared181.azure-host.io:8443/cp/theme//icons/16/plesk/menu.png?a75a537332528331bb513a94e26d173d → 200 (?ms, 1032B)
[2026-05-30T07:24:34.543Z] GET https://shared181.azure-host.io:8443/cp/theme//icons/16/plesk/file-webscript.png?b2aff14c14b05cccbb316c37d48fb591 → 200 (?ms, 1207B)
[2026-05-30T07:24:34.544Z] GET https://shared181.azure-host.io:8443/cp/theme//icons/16/plesk/file-arch.png?672559f884c624090a3e3687f16148ec → 200 (?ms, 1271B)
[2026-05-30T07:24:34.728Z] GET https://shared181.azure-host.io:8443/smb/task/task-progress → 200 (263ms, 4015B)
[2026-05-30T07:24:34.992Z] GET https://shared181.azure-host.io:8443/cp/javascript/app/task-progress-bar.js?5f98ca85617ec85205cd → 200 (?ms, 3449B)
[2026-05-30T07:24:58.824Z] GET https://my.azure.io/clientarea.php?action=productdetails&id=59212&dosinglesignon=1&success_redirect_url=%2Fsmb%2Fwordpress%2Flist → pending (?ms, ?B)
[2026-05-30T07:24:59.774Z] GET https://shared181.azure-host.io:8443/enterprise/rsession_init.php?PLESKSESSID=fb4a9adc2da522c8d97a2ca9726b67c1&success_redirect_url=%2Fsmb%2Fwordpress%2Flist → 303 (89ms, ?B)
[2026-05-30T07:24:59.863Z] GET https://shared181.azure-host.io:8443/smb/wordpress/list → 302 (69ms, ?B)
[2026-05-30T07:24:59.933Z] GET https://shared181.azure-host.io:8443/smb/ → 302 (200ms, ?B)
[2026-05-30T07:25:00.133Z] GET https://shared181.azure-host.io:8443/smb/web/view → pending (?ms, ?B)
[2026-05-30T07:25:01.417Z] POST https://sentry.io/api/1327420/envelope/?sentry_version=7&sentry_key=50365a6fe24f4ff28f6b625410e04a35&sentry_client=sentry.javascript.browser%2F10.45.0 → pending (?ms, ?B)
[2026-05-30T07:25:01.419Z] GET https://shared181.azure-host.io:8443/ui-library/plesk-ui-library.css?1776167623 → 200 (?ms, 224433B)
[2026-05-30T07:25:01.419Z] GET https://shared181.azure-host.io:8443/cp/theme/css/main.css?1776342700 → 200 (?ms, 393183B)
[2026-05-30T07:25:01.419Z] GET https://shared181.azure-host.io:8443/modules/letsencrypt/global.css?1778542620 → 200 (?ms, 676B)
[2026-05-30T07:25:01.419Z] GET https://shared181.azure-host.io:8443/modules/global/global.css?1771587571 → 200 (?ms, 446B)
[2026-05-30T07:25:01.420Z] GET https://shared181.azure-host.io:8443/cp/javascript/externals/prototype.js?1776342700 → 200 (?ms, 96954B)
[2026-05-30T07:25:01.420Z] GET https://shared181.azure-host.io:8443/ui-library/plesk-ui-library.min.js?1776167623 → 200 (?ms, 674043B)
[2026-05-30T07:25:01.420Z] GET https://shared181.azure-host.io:8443/cp/javascript/vendors.js?1776342700 → 200 (?ms, 3522333B)
[2026-05-30T07:25:01.420Z] GET https://shared181.azure-host.io:8443/cp/javascript/main.js?1776342700 → 200 (?ms, 1140810B)
[2026-05-30T07:25:01.420Z] GET https://shared181.azure-host.io:8443/cp/javascript/externals/require.js?1776342700 → 200 (?ms, 17713B)
[2026-05-30T07:25:01.420Z] GET https://shared181.azure-host.io:8443/modules/notifier/global.js?1760605709 → 200 (?ms, 18383B)
[2026-05-30T07:25:01.420Z] GET https://shared181.azure-host.io:8443/modules/letsencrypt/global.js?1778542620 → 200 (1ms, 728B)
[2026-05-30T07:25:01.421Z] GET https://shared181.azure-host.io:8443/modules/global/global.js?1752676665 → 200 (?ms, 78B)
[2026-05-30T07:25:01.421Z] GET https://shared181.azure-host.io:8443/modules/notifier/obsidian.css?1760605709 → 200 (?ms, 6984B)
[2026-05-30T07:25:01.421Z] GET https://shared181.azure-host.io:8443/modules/git/javascript/buttons.js?1778542515 → 200 (?ms, 2021B)
[2026-05-30T07:25:01.554Z] GET https://shared181.azure-host.io:8443/modules/wp-toolkit/js/popup-manager.js?6.10.1-10323 → 200 (1ms, 95326B)
[2026-05-30T07:25:01.554Z] GET https://shared181.azure-host.io:8443/modules/wp-toolkit/js/domain-page.js?6.10.1-10323 → 200 (1ms, 7635B)
[2026-05-30T07:25:01.554Z] GET https://shared181.azure-host.io:8443/modules/wp-toolkit/styles/domain-page.css?6.10.1-10323 → 200 (1ms, 167B)
[2026-05-30T07:25:01.623Z] POST https://sentry.io/api/1327420/envelope/?sentry_version=7&sentry_key=50365a6fe24f4ff28f6b625410e04a35&sentry_client=sentry.javascript.browser%2F10.45.0 → 200 (93ms, 2B)
[2026-05-30T07:25:01.623Z] GET https://shared181.azure-host.io:8443/cp/javascript/views/smb/web/view.js?c70b957cfcaadf017535 → 200 (4ms, 167928B)
[2026-05-30T07:25:01.626Z] GET https://shared181.azure-host.io:8443/ui-library/fonts/open-sans-regular.woff2?e7777b3c2bb7ae4d50f3 → 200 (?ms, ?B)
[2026-05-30T07:25:01.626Z] GET https://shared181.azure-host.io:8443/ui-library/fonts/open-sans-600.woff2?098c0a7547a49b0ce576 → 200 (?ms, ?B)
[2026-05-30T07:25:01.663Z] GET https://shared181.azure-host.io:8443/cp/theme/images/logos/plesk/logo.svg → 200 (?ms, 2728B)
[2026-05-30T07:25:01.663Z] GET https://shared181.azure-host.io:8443/cp/theme/icons/16/plesk/nav-domains.svg?7f2c02268a8a1b5ffe3e → 200 (1ms, 321B)
[2026-05-30T07:25:01.664Z] GET https://shared181.azure-host.io:8443/cp/theme/icons/16/plesk/nav-mail.svg?97d848270f446e8680e8 → 200 (?ms, 380B)
[2026-05-30T07:25:01.664Z] GET https://shared181.azure-host.io:8443/cp/theme/icons/16/plesk/nav-files.svg?b94b6baccf09bf47a8f7 → 200 (?ms, 387B)
[2026-05-30T07:25:01.664Z] GET https://shared181.azure-host.io:8443/cp/theme/icons/16/plesk/nav-database.svg?b42d673749c256397c0d → 200 (?ms, 831B)
[2026-05-30T07:25:01.664Z] GET https://shared181.azure-host.io:8443/cp/theme/icons/16/plesk/nav-statistic.svg?43588c1f73898e33b5ab → 200 (?ms, 459B)
[2026-05-30T07:25:01.664Z] GET https://shared181.azure-host.io:8443/cp/theme/icons/16/plesk/nav-clients.svg?5cb0f472b6557c28d3de → 200 (?ms, 745B)
[2026-05-30T07:25:01.664Z] GET https://shared181.azure-host.io:8443/cp/theme/icons/16/plesk/nav-profile.svg?8caf2ae59f37b2c3fddb → 200 (?ms, 713B)
[2026-05-30T07:25:01.664Z] GET https://shared181.azure-host.io:8443/modules/wp-toolkit/images/nav-wordpress-toolkit.svg → 200 (1ms, 1247B)
[2026-05-30T07:25:01.665Z] GET https://shared181.azure-host.io:8443/modules/warden/assets/img/application/icons/32x32.png → 200 (?ms, 931B)
[2026-05-30T07:25:01.665Z] GET https://shared181.azure-host.io:8443/cp/theme/icons/16/plesk/warning.png?4bbb1a79afc3b877657d → 200 (?ms, 1535B)
[2026-05-30T07:25:01.666Z] GET https://shared181.azure-host.io:8443/modules/wp-toolkit/styles/main.css?6.10.1-10323 → 200 (?ms, 358114B)
[2026-05-30T07:25:01.666Z] GET https://shared181.azure-host.io:8443/modules/wp-toolkit/images/dynamic-list-icon.svg → 200 (?ms, 1012B)
[2026-05-30T07:25:01.666Z] GET https://shared181.azure-host.io:8443/cp/theme/icons/32/plesk/backup.png?1776342700 → 200 (?ms, 2595B)
[2026-05-30T07:25:01.666Z] GET https://shared181.azure-host.io:8443/cp/theme/icons/32/plesk/databases.png?1776342700 → 200 (?ms, 2484B)
[2026-05-30T07:25:01.666Z] GET https://shared181.azure-host.io:8443/cp/theme/icons/32/plesk/scheduled-tasks.png?1776342700 → 200 (?ms, 1482B)
[2026-05-30T07:25:01.666Z] GET https://shared181.azure-host.io:8443/cp/theme/icons/32/plesk/spam.png?1776342700 → 200 (?ms, 2426B)
[2026-05-30T07:25:01.666Z] GET https://shared181.azure-host.io:8443/images/custom_buttons/0-Idn4xU → 200 (?ms, 2045B)
[2026-05-30T07:25:01.666Z] GET https://shared181.azure-host.io:8443/modules/wp-toolkit/images/wordpresses.png → 200 (?ms, 2885B)
[2026-05-30T07:25:01.666Z] GET https://shared181.azure-host.io:8443/modules/plesk-lvemanager/images/resource_usage_logo.png → 200 (?ms, 2000B)
[2026-05-30T07:25:01.666Z] GET https://shared181.azure-host.io:8443/cp/domain/353/favicon → 200 (1ms, 700B)
[2026-05-30T07:25:01.666Z] GET https://shared181.azure-host.io:8443/cp/domain/354/favicon → 200 (1ms, 700B)
[2026-05-30T07:25:01.666Z] GET https://shared181.azure-host.io:8443/cp/domain/516/favicon → 200 (357ms, 700B)
[2026-05-30T07:25:01.672Z] GET https://shared181.azure-host.io:8443/modules/wp-toolkit/fonts/open-sans-regular.woff2 → 200 (?ms, 59600B)
[2026-05-30T07:25:01.672Z] GET https://shared181.azure-host.io:8443/modules/wp-toolkit/fonts/open-sans-600.woff2 → 200 (?ms, 61548B)
[2026-05-30T07:25:01.685Z] GET https://shared181.azure-host.io:8443/modules/wp-toolkit/js/app.bundle.js?6.10.1-10323 → 200 (43ms, 3139863B)
[2026-05-30T07:25:01.723Z] GET https://shared181.azure-host.io:8443/smb/task/task-progress → 200 (270ms, 4015B)
[2026-05-30T07:25:01.993Z] GET https://shared181.azure-host.io:8443/cp/javascript/app/task-progress-bar.js?5f98ca85617ec85205cd → 200 (?ms, 3449B)
[2026-05-30T07:25:02.024Z] GET https://shared181.azure-host.io:8443/modules/notifier/index.php/notifications → 200 (154ms, 20B)
[2026-05-30T07:25:20.785Z] GET https://shared181.azure-host.io:8443/smb/account/switch/id/353?hideNotice=1&returnUrl=%2Fsmb%2Fweb%2Foverview%2Fid%2F516%2Ftype%2Fdomain%3FinstallationId%3D370 → 302 (173ms, ?B)
[2026-05-30T07:25:20.958Z] GET https://shared181.azure-host.io:8443/smb/web/overview/id/516/type/domain?installationId=370 → pending (?ms, ?B)
[2026-05-30T07:25:21.493Z] POST https://sentry.io/api/1327420/envelope/?sentry_version=7&sentry_key=50365a6fe24f4ff28f6b625410e04a35&sentry_client=sentry.javascript.browser%2F10.45.0 → pending (?ms, ?B)
[2026-05-30T07:25:21.496Z] GET https://shared181.azure-host.io:8443/ui-library/plesk-ui-library.css?1776167623 → 200 (?ms, 224433B)
[2026-05-30T07:25:21.496Z] GET https://shared181.azure-host.io:8443/cp/theme/css/main.css?1776342700 → 200 (?ms, 393183B)
[2026-05-30T07:25:21.496Z] GET https://shared181.azure-host.io:8443/modules/letsencrypt/global.css?1778542620 → 200 (?ms, 676B)
[2026-05-30T07:25:21.496Z] GET https://shared181.azure-host.io:8443/modules/global/global.css?1771587571 → 200 (?ms, 446B)
[2026-05-30T07:25:21.496Z] GET https://shared181.azure-host.io:8443/cp/javascript/externals/prototype.js?1776342700 → 200 (?ms, 96954B)
[2026-05-30T07:25:21.497Z] GET https://shared181.azure-host.io:8443/ui-library/plesk-ui-library.min.js?1776167623 → 200 (?ms, 674043B)
[2026-05-30T07:25:21.497Z] GET https://shared181.azure-host.io:8443/cp/javascript/vendors.js?1776342700 → 200 (?ms, 3522333B)
[2026-05-30T07:25:21.497Z] GET https://shared181.azure-host.io:8443/cp/javascript/main.js?1776342700 → 200 (?ms, 1140810B)
[2026-05-30T07:25:21.497Z] GET https://shared181.azure-host.io:8443/cp/javascript/externals/require.js?1776342700 → 200 (?ms, 17713B)
[2026-05-30T07:25:21.497Z] GET https://shared181.azure-host.io:8443/modules/notifier/global.js?1760605709 → 200 (?ms, 18383B)
[2026-05-30T07:25:21.497Z] GET https://shared181.azure-host.io:8443/modules/letsencrypt/global.js?1778542620 → 200 (?ms, 728B)
[2026-05-30T07:25:21.498Z] GET https://shared181.azure-host.io:8443/modules/global/global.js?1752676665 → 200 (?ms, 78B)
[2026-05-30T07:25:21.498Z] GET https://shared181.azure-host.io:8443/modules/notifier/obsidian.css?1760605709 → 200 (?ms, 6984B)
[2026-05-30T07:25:21.498Z] GET https://shared181.azure-host.io:8443/modules/wp-toolkit/js/popup-manager.js?6.10.1-10323 → 200 (?ms, 95326B)
[2026-05-30T07:25:21.498Z] GET https://shared181.azure-host.io:8443/modules/wp-toolkit/js/domain-page.js?6.10.1-10323 → 200 (?ms, 7635B)
[2026-05-30T07:25:21.498Z] GET https://shared181.azure-host.io:8443/modules/wp-toolkit/styles/domain-page.css?6.10.1-10323 → 200 (?ms, 167B)
[2026-05-30T07:25:21.521Z] GET https://shared181.azure-host.io:8443/ui-library/fonts/open-sans-regular.woff2?e7777b3c2bb7ae4d50f3 → 200 (?ms, ?B)
[2026-05-30T07:25:21.521Z] GET https://shared181.azure-host.io:8443/ui-library/fonts/open-sans-600.woff2?098c0a7547a49b0ce576 → 200 (?ms, ?B)
[2026-05-30T07:25:21.673Z] POST https://sentry.io/api/1327420/envelope/?sentry_version=7&sentry_key=50365a6fe24f4ff28f6b625410e04a35&sentry_client=sentry.javascript.browser%2F10.45.0 → 200 (201ms, 2B)
[2026-05-30T07:25:21.674Z] GET https://shared181.azure-host.io:8443/cp/javascript/views/smb/web/overview.js?60cdd961e3b03967606e → 200 (21ms, 112047B)
[2026-05-30T07:25:21.727Z] GET https://shared181.azure-host.io:8443/cp/theme/images/logos/plesk/logo.svg → 200 (1ms, 2728B)
[2026-05-30T07:25:21.728Z] GET https://shared181.azure-host.io:8443/cp/theme/icons/32/plesk/backup.png?1776342700 → 200 (?ms, 2595B)
[2026-05-30T07:25:21.728Z] GET https://shared181.azure-host.io:8443/cp/theme/icons/32/plesk/databases.png?1776342700 → 200 (?ms, 2484B)
[2026-05-30T07:25:21.728Z] GET https://shared181.azure-host.io:8443/cp/theme/icons/32/plesk/scheduled-tasks.png?1776342700 → 200 (?ms, 1482B)
[2026-05-30T07:25:21.728Z] GET https://shared181.azure-host.io:8443/cp/theme/icons/32/plesk/spam.png?1776342700 → 200 (?ms, 2426B)
[2026-05-30T07:25:21.728Z] GET https://shared181.azure-host.io:8443/images/custom_buttons/0-Idn4xU → 200 (1ms, 2045B)
[2026-05-30T07:25:21.729Z] GET https://shared181.azure-host.io:8443/modules/wp-toolkit/images/wordpresses.png → 200 (?ms, 2885B)
[2026-05-30T07:25:21.729Z] GET https://shared181.azure-host.io:8443/modules/plesk-lvemanager/images/resource_usage_logo.png → 200 (?ms, 2000B)
[2026-05-30T07:25:21.729Z] GET https://shared181.azure-host.io:8443/cp/theme/icons/16/plesk/nav-domains.svg?7f2c02268a8a1b5ffe3e → 200 (?ms, 321B)
[2026-05-30T07:25:21.729Z] GET https://shared181.azure-host.io:8443/cp/theme/icons/16/plesk/nav-mail.svg?97d848270f446e8680e8 → 200 (?ms, 380B)
[2026-05-30T07:25:21.729Z] GET https://shared181.azure-host.io:8443/cp/theme/icons/16/plesk/nav-files.svg?b94b6baccf09bf47a8f7 → 200 (?ms, 387B)
[2026-05-30T07:25:21.729Z] GET https://shared181.azure-host.io:8443/cp/theme/icons/16/plesk/nav-database.svg?b42d673749c256397c0d → 200 (?ms, 831B)
[2026-05-30T07:25:21.729Z] GET https://shared181.azure-host.io:8443/cp/theme/icons/16/plesk/nav-statistic.svg?43588c1f73898e33b5ab → 200 (?ms, 459B)
[2026-05-30T07:25:21.729Z] GET https://shared181.azure-host.io:8443/cp/theme/icons/16/plesk/nav-clients.svg?5cb0f472b6557c28d3de → 200 (1ms, 745B)
[2026-05-30T07:25:21.730Z] GET https://shared181.azure-host.io:8443/cp/theme/icons/16/plesk/nav-profile.svg?8caf2ae59f37b2c3fddb → 200 (?ms, 713B)
[2026-05-30T07:25:21.730Z] GET https://shared181.azure-host.io:8443/modules/wp-toolkit/images/nav-wordpress-toolkit.svg → 200 (?ms, 1247B)
[2026-05-30T07:25:21.730Z] GET https://shared181.azure-host.io:8443/modules/warden/assets/img/application/icons/32x32.png → 200 (?ms, 931B)
[2026-05-30T07:25:21.730Z] GET https://shared181.azure-host.io:8443/modules/wp-toolkit/styles/main.css?6.10.1-10323 → 200 (?ms, 358114B)
[2026-05-30T07:25:21.730Z] GET https://shared181.azure-host.io:8443/modules/wp-toolkit/fonts/open-sans-regular.woff2 → 200 (?ms, ?B)
[2026-05-30T07:25:21.730Z] GET https://shared181.azure-host.io:8443/modules/wp-toolkit/fonts/open-sans-600.woff2 → 200 (?ms, ?B)
[2026-05-30T07:25:21.730Z] GET https://shared181.azure-host.io:8443/cp/theme//icons/16/plesk/stats.png?6a39051adc0633466df48a83a804028c → 200 (69ms, 1194B)
[2026-05-30T07:25:21.738Z] GET https://shared181.azure-host.io:8443/modules/wp-toolkit/js/app.bundle.js?6.10.1-10323 → 200 (?ms, 3139863B)
[2026-05-30T07:25:21.874Z] POST https://sentry.io/api/1327420/envelope/?sentry_version=7&sentry_key=50365a6fe24f4ff28f6b625410e04a35&sentry_client=sentry.javascript.browser%2F10.45.0 → 200 (136ms, 2B)
[2026-05-30T07:25:21.874Z] POST https://sentry.io/api/1327420/envelope/?sentry_version=7&sentry_key=50365a6fe24f4ff28f6b625410e04a35&sentry_client=sentry.javascript.browser%2F10.45.0 → 200 (136ms, 2B)
[2026-05-30T07:25:21.874Z] GET https://shared181.azure-host.io:8443/modules/notifier/index.php/notifications → 200 (82ms, 20B)
[2026-05-30T07:25:21.875Z] GET https://shared181.azure-host.io:8443/smb/task/task-progress → 200 (131ms, 4015B)
[2026-05-30T07:25:22.006Z] GET https://shared181.azure-host.io:8443/cp/javascript/app/task-progress-bar.js?5f98ca85617ec85205cd → 200 (?ms, 3449B)
[2026-05-30T07:25:22.393Z] GET https://shared181.azure-host.io:8443/modules/wp-toolkit/images/symbols.svg → 200 (17ms, ?B)
[2026-05-30T07:26:30.827Z] GET https://shared181.azure-host.io:8443/modules/wp-toolkit/index.php/v1/installations/370/credentials → pending (?ms, ?B)
[2026-05-30T07:26:44.905Z] GET https://shared181.azure-host.io:8443/modules/wp-toolkit/index.php/v1/installations/370/features/wp-cli/commands → 200 (409ms, 410201B)
