[2026-06-09T09:59:21.451Z] GET https://klaravex.com/wp-admin/profile.php → pending (?ms, ?B)
[2026-06-09T09:59:22.101Z] GET https://klaravex.com/wp-login.php?redirect_to=https%3A%2F%2Fklaravex.com%2Fwp-admin%2Fprofile.php&reauth=1 → 200 (316ms, 3140B)
[2026-06-09T09:59:22.417Z] GET https://klaravex.com/wp-includes/css/dashicons.min.css → 200 (70ms, ?B)
[2026-06-09T09:59:22.417Z] GET https://klaravex.com/wp-includes/css/buttons.min.css → pending (?ms, ?B)
[2026-06-09T09:59:22.417Z] GET https://klaravex.com/wp-admin/css/forms.min.css → pending (?ms, ?B)
[2026-06-09T09:59:22.418Z] GET https://klaravex.com/wp-admin/css/l10n.min.css → pending (?ms, ?B)
[2026-06-09T09:59:22.418Z] GET https://klaravex.com/wp-includes/css/dist/base-styles/admin-schemes.min.css → pending (?ms, ?B)
[2026-06-09T09:59:22.418Z] GET https://klaravex.com/wp-admin/css/login.min.css → pending (?ms, ?B)
[2026-06-09T09:59:22.418Z] GET https://klaravex.com/wp-includes/js/clipboard.min.js → pending (?ms, ?B)
[2026-06-09T09:59:22.418Z] GET https://klaravex.com/wp-includes/js/jquery/jquery.min.js → pending (?ms, ?B)
[2026-06-09T09:59:22.418Z] GET https://klaravex.com/wp-includes/js/jquery/jquery-migrate.min.js → pending (?ms, ?B)
[2026-06-09T09:59:22.421Z] GET https://klaravex.com/wp-includes/js/zxcvbn-async.min.js → pending (?ms, ?B)
[2026-06-09T09:59:22.421Z] GET https://klaravex.com/wp-includes/js/dist/hooks.min.js → pending (?ms, ?B)
[2026-06-09T09:59:22.421Z] GET https://klaravex.com/wp-includes/js/dist/i18n.min.js → pending (?ms, ?B)
[2026-06-09T09:59:22.421Z] GET https://klaravex.com/wp-admin/js/password-strength-meter.min.js → pending (?ms, ?B)
[2026-06-09T09:59:22.421Z] GET https://klaravex.com/wp-includes/js/underscore.min.js → pending (?ms, ?B)
[2026-06-09T09:59:22.421Z] GET https://klaravex.com/wp-includes/js/wp-util.min.js → pending (?ms, ?B)
[2026-06-09T09:59:22.423Z] GET https://klaravex.com/wp-includes/js/dist/dom-ready.min.js → pending (?ms, ?B)
[2026-06-09T09:59:22.423Z] GET https://klaravex.com/wp-includes/js/dist/a11y.min.js → pending (?ms, ?B)
[2026-06-09T09:59:22.423Z] GET https://klaravex.com/wp-admin/js/user-profile.min.js → pending (?ms, ?B)
[2026-06-09T09:59:22.571Z] GET https://klaravex.com/wp-admin/images/wordpress-logo-gray.svg?ver=20260303 → 200 (49ms, 845B)
[2026-06-09T09:59:22.620Z] GET https://klaravex.com/wp-includes/js/zxcvbn.min.js → 200 (177ms, 389703B)
[2026-06-09T09:59:36.627Z] GET https://klaravex.com/wp-login.php → 200 (356ms, 2059B)
[2026-06-09T09:59:36.986Z] GET https://klaravex.com/wp-includes/css/dashicons.min.css → 200 (?ms, -533B)
[2026-06-09T09:59:36.986Z] GET https://klaravex.com/wp-includes/css/buttons.min.css → 200 (?ms, -354B)
[2026-06-09T09:59:36.986Z] GET https://klaravex.com/wp-admin/css/forms.min.css → 200 (?ms, -354B)
[2026-06-09T09:59:36.987Z] GET https://klaravex.com/wp-admin/css/l10n.min.css → 200 (?ms, -352B)
[2026-06-09T09:59:36.987Z] GET https://klaravex.com/wp-includes/css/dist/base-styles/admin-schemes.min.css → 200 (?ms, -352B)
[2026-06-09T09:59:36.987Z] GET https://klaravex.com/wp-admin/css/login.min.css → 200 (?ms, -354B)
[2026-06-09T09:59:36.987Z] GET https://klaravex.com/wp-includes/js/clipboard.min.js → 200 (?ms, -367B)
[2026-06-09T09:59:36.987Z] GET https://klaravex.com/wp-includes/js/jquery/jquery.min.js → 200 (?ms, -370B)
[2026-06-09T09:59:36.988Z] GET https://klaravex.com/wp-includes/js/jquery/jquery-migrate.min.js → 200 (?ms, -368B)
[2026-06-09T09:59:36.988Z] GET https://klaravex.com/wp-includes/js/zxcvbn-async.min.js → 200 (?ms, -366B)
[2026-06-09T09:59:36.988Z] GET https://klaravex.com/wp-includes/js/dist/hooks.min.js → 200 (?ms, -367B)
[2026-06-09T09:59:36.988Z] GET https://klaravex.com/wp-includes/js/dist/i18n.min.js → 200 (1ms, -368B)
[2026-06-09T09:59:36.989Z] GET https://klaravex.com/wp-admin/js/password-strength-meter.min.js → 200 (?ms, -366B)
[2026-06-09T09:59:36.989Z] GET https://klaravex.com/wp-includes/js/underscore.min.js → 200 (1ms, -368B)
[2026-06-09T09:59:36.990Z] GET https://klaravex.com/wp-includes/js/wp-util.min.js → 200 (?ms, -366B)
[2026-06-09T09:59:36.990Z] GET https://klaravex.com/wp-includes/js/dist/dom-ready.min.js → 200 (?ms, -366B)
[2026-06-09T09:59:36.990Z] GET https://klaravex.com/wp-includes/js/dist/a11y.min.js → 200 (?ms, -366B)
[2026-06-09T09:59:36.990Z] GET https://klaravex.com/wp-admin/js/user-profile.min.js → 200 (1ms, -368B)
[2026-06-09T09:59:36.994Z] GET https://klaravex.com/wp-admin/images/wordpress-logo-gray.svg?ver=20260303 → 200 (?ms, -356B)
[2026-06-09T09:59:36.995Z] GET https://klaravex.com/wp-includes/js/zxcvbn.min.js → 200 (?ms, -371B)
[2026-06-09T09:59:39.485Z] POST https://klaravex.com/wp-login.php → pending (?ms, ?B)
[2026-06-09T09:59:39.916Z] GET https://klaravex.com/wp-admin/ → 200 (562ms, 36963B)
[2026-06-09T09:59:40.484Z] GET https://klaravex.com/wp-admin/load-styles.php?c=1&dir=ltr&load%5Bchunk_0%5D=dashicons,admin-bar,site-health,common,forms,admin-menu,dashboard,list-tables,edit,revisions,media,themes,about,nav-menus,wp-poi&load%5Bchunk_1%5D=nter,widgets,site-icon,l10n,wp-base-styles,buttons,wp-auth-check,wp-components,wp-commands&ver=7.0 → pending (?ms, ?B)
[2026-06-09T09:59:40.484Z] GET https://klaravex.com/wp-content/plugins/insert-headers-and-footers/build/admin-bar.css → pending (?ms, ?B)
[2026-06-09T09:59:40.484Z] GET https://klaravex.com/wp-includes/js/thickbox/thickbox.css → pending (?ms, ?B)
[2026-06-09T09:59:40.484Z] GET https://klaravex.com/wp-content/plugins/accessibility-widget/lite/admin/css/admin-notice.css → pending (?ms, ?B)
[2026-06-09T09:59:40.484Z] GET https://klaravex.com/wp-content/plugins/wp-2fa/dist/css/admin-style.css → pending (?ms, ?B)
[2026-06-09T09:59:40.484Z] GET https://klaravex.com/wp-content/plugins/wp-mail-smtp/assets/css/admin-bar.min.css → pending (?ms, ?B)
[2026-06-09T09:59:40.484Z] GET https://klaravex.com/wp-content/plugins/seo-by-rank-math/assets/admin/css/dashboard-widget.css → pending (?ms, ?B)
[2026-06-09T09:59:40.484Z] GET https://klaravex.com/wp-content/plugins/litespeed-cache/assets/css/litespeed.css → pending (?ms, ?B)
[2026-06-09T09:59:40.484Z] GET https://klaravex.com/wp-content/plugins/litespeed-cache/assets/css/litespeed-dark-mode.css → pending (?ms, ?B)
[2026-06-09T09:59:40.484Z] GET https://klaravex.com/wp-content/plugins/code-snippets/dist/menu.css → pending (?ms, ?B)
[2026-06-09T09:59:40.484Z] GET https://klaravex.com/wp-content/plugins/wp-mail-smtp/assets/css/dashboard-widget.min.css → pending (?ms, ?B)
[2026-06-09T09:59:40.484Z] GET https://klaravex.com/wp-content/plugins/limit-login-attempts-reloaded/assets/css/limit-login-attempts.css → pending (?ms, ?B)
[2026-06-09T09:59:40.484Z] GET https://klaravex.com/wp-admin/load-scripts.php?c=1&load%5Bchunk_0%5D=jquery-core,jquery-migrate,utils&ver=7.0 → pending (?ms, ?B)
[2026-06-09T09:59:40.484Z] GET https://klaravex.com/wp-content/plugins/limit-login-attempts-reloaded/assets/js/chart.umd.js → pending (?ms, ?B)
[2026-06-09T09:59:40.484Z] GET https://klaravex.com/wp-content/plugins/wp-mail-smtp/assets/images/dash-widget/wp/total.svg → pending (?ms, ?B)
[2026-06-09T09:59:40.484Z] GET https://klaravex.com/wp-content/plugins/wp-mail-smtp/assets/images/dash-widget/wp/delivered.svg → pending (?ms, ?B)
[2026-06-09T09:59:40.484Z] GET https://klaravex.com/wp-content/plugins/wp-mail-smtp/assets/images/dash-widget/wp/unsent.svg → pending (?ms, ?B)
[2026-06-09T09:59:40.484Z] GET https://klaravex.com/wp-includes/css/editor.min.css → pending (?ms, ?B)
[2026-06-09T09:59:40.484Z] GET https://klaravex.com/wp-content/plugins/cookie-law-info/lite/admin/modules/dashboard-widget/assets/img/trends.svg → pending (?ms, ?B)
[2026-06-09T09:59:40.484Z] GET https://klaravex.com/wp-content/plugins/limit-login-attempts-reloaded/assets/css/jquery-ui.css → pending (?ms, ?B)
[2026-06-09T09:59:40.484Z] GET https://klaravex.com/wp-admin/load-scripts.php?c=1&load%5Bchunk_0%5D=hoverIntent,wp-dom-ready,wp-hooks&ver=7.0 → pending (?ms, ?B)
[2026-06-09T09:59:40.484Z] GET https://klaravex.com/wp-includes/js/dist/i18n.min.js → 200 (1ms, -368B)
[2026-06-09T09:59:40.485Z] GET https://klaravex.com/wp-includes/js/dist/a11y.min.js → 200 (?ms, -366B)
[2026-06-09T09:59:40.485Z] GET https://klaravex.com/wp-admin/js/common.min.js → pending (?ms, ?B)
[2026-06-09T09:59:40.485Z] GET https://klaravex.com/wp-content/plugins/insert-headers-and-footers/build/admin-bar.js → pending (?ms, ?B)
[2026-06-09T09:59:40.485Z] GET https://klaravex.com/wp-includes/js/hoverintent-js.min.js → pending (?ms, ?B)
[2026-06-09T09:59:40.485Z] GET https://klaravex.com/wp-includes/js/admin-bar.min.js → pending (?ms, ?B)
[2026-06-09T09:59:40.485Z] GET https://klaravex.com/wp-includes/js/clipboard.min.js → 200 (?ms, -367B)
[2026-06-09T09:59:40.485Z] GET https://klaravex.com/wp-includes/js/underscore.min.js → 200 (?ms, -368B)
[2026-06-09T09:59:40.485Z] GET https://klaravex.com/wp-includes/js/wp-util.min.js → 200 (?ms, -366B)
[2026-06-09T09:59:40.486Z] GET https://klaravex.com/wp-includes/js/api-request.min.js → pending (?ms, ?B)
[2026-06-09T09:59:40.486Z] GET https://klaravex.com/wp-includes/js/dist/url.min.js → pending (?ms, ?B)
[2026-06-09T09:59:40.486Z] GET https://klaravex.com/wp-admin/js/site-health.min.js → pending (?ms, ?B)
[2026-06-09T09:59:40.486Z] GET https://klaravex.com/wp-includes/js/wp-ajax-response.min.js → pending (?ms, ?B)
[2026-06-09T09:59:40.486Z] GET https://klaravex.com/wp-includes/js/jquery/jquery.color.min.js → pending (?ms, ?B)
[2026-06-09T09:59:40.486Z] GET https://klaravex.com/wp-includes/js/wp-lists.min.js → pending (?ms, ?B)
[2026-06-09T09:59:40.486Z] GET https://klaravex.com/wp-includes/js/quicktags.min.js → pending (?ms, ?B)
[2026-06-09T09:59:40.486Z] GET https://klaravex.com/wp-includes/js/jquery/jquery.query.js → pending (?ms, ?B)
[2026-06-09T09:59:40.486Z] GET https://klaravex.com/wp-admin/js/edit-comments.min.js → pending (?ms, ?B)
[2026-06-09T09:59:40.486Z] GET https://klaravex.com/wp-includes/js/jquery/ui/core.min.js → pending (?ms, ?B)
[2026-06-09T09:59:40.486Z] GET https://klaravex.com/wp-includes/js/jquery/ui/mouse.min.js → pending (?ms, ?B)
[2026-06-09T09:59:40.486Z] GET https://klaravex.com/wp-includes/js/jquery/ui/sortable.min.js → pending (?ms, ?B)
[2026-06-09T09:59:40.486Z] GET https://klaravex.com/wp-admin/js/postbox.min.js → pending (?ms, ?B)
[2026-06-09T09:59:40.486Z] GET https://klaravex.com/wp-includes/js/dist/vendor/moment.min.js → pending (?ms, ?B)
[2026-06-09T09:59:40.486Z] GET https://klaravex.com/wp-includes/js/dist/deprecated.min.js → pending (?ms, ?B)
[2026-06-09T09:59:40.486Z] GET https://klaravex.com/wp-includes/js/dist/date.min.js → pending (?ms, ?B)
[2026-06-09T09:59:40.486Z] GET https://klaravex.com/wp-admin/js/dashboard.min.js → pending (?ms, ?B)
[2026-06-09T09:59:40.486Z] GET https://klaravex.com/wp-includes/js/thickbox/thickbox.js → pending (?ms, ?B)
[2026-06-09T09:59:40.486Z] GET https://klaravex.com/wp-admin/js/plugin-install.min.js → pending (?ms, ?B)
[2026-06-09T09:59:40.486Z] GET https://klaravex.com/wp-includes/js/wp-sanitize.min.js → pending (?ms, ?B)
[2026-06-09T09:59:40.486Z] GET https://klaravex.com/wp-admin/js/updates.min.js → pending (?ms, ?B)
[2026-06-09T09:59:40.486Z] GET https://klaravex.com/wp-includes/js/shortcode.min.js → pending (?ms, ?B)
[2026-06-09T09:59:40.486Z] GET https://klaravex.com/wp-admin/js/media-upload.min.js → pending (?ms, ?B)
[2026-06-09T09:59:40.487Z] GET https://klaravex.com/wp-admin/js/svg-painter.js → pending (?ms, ?B)
[2026-06-09T09:59:40.487Z] GET https://klaravex.com/wp-includes/js/heartbeat.min.js → pending (?ms, ?B)
[2026-06-09T09:59:40.487Z] GET https://klaravex.com/wp-includes/js/wp-auth-check.min.js → pending (?ms, ?B)
[2026-06-09T09:59:40.487Z] GET https://klaravex.com/wp-includes/js/dist/vendor/react.min.js → pending (?ms, ?B)
[2026-06-09T09:59:40.487Z] GET https://klaravex.com/wp-includes/js/dist/vendor/react-dom.min.js → pending (?ms, ?B)
[2026-06-09T09:59:40.487Z] GET https://klaravex.com/wp-includes/js/dist/vendor/react-jsx-runtime.min.js → pending (?ms, ?B)
[2026-06-09T09:59:40.487Z] GET https://klaravex.com/wp-includes/js/dist/dom.min.js → pending (?ms, ?B)
[2026-06-09T09:59:40.487Z] GET https://klaravex.com/wp-includes/js/dist/escape-html.min.js → pending (?ms, ?B)
[2026-06-09T09:59:40.487Z] GET https://klaravex.com/wp-includes/js/dist/element.min.js → pending (?ms, ?B)
[2026-06-09T09:59:40.487Z] GET https://klaravex.com/wp-includes/js/dist/is-shallow-equal.min.js → pending (?ms, ?B)
[2026-06-09T09:59:40.487Z] GET https://klaravex.com/wp-includes/js/dist/keycodes.min.js → pending (?ms, ?B)
[2026-06-09T09:59:40.487Z] GET https://klaravex.com/wp-includes/js/dist/priority-queue.min.js → pending (?ms, ?B)
[2026-06-09T09:59:40.487Z] GET https://klaravex.com/wp-includes/js/dist/undo-manager.min.js → pending (?ms, ?B)
[2026-06-09T09:59:40.487Z] GET https://klaravex.com/wp-includes/js/dist/compose.min.js → pending (?ms, ?B)
[2026-06-09T09:59:40.487Z] GET https://klaravex.com/wp-includes/js/dist/html-entities.min.js → pending (?ms, ?B)
[2026-06-09T09:59:40.487Z] GET https://klaravex.com/wp-includes/js/dist/primitives.min.js → pending (?ms, ?B)
[2026-06-09T09:59:40.487Z] GET https://klaravex.com/wp-includes/js/dist/private-apis.min.js → pending (?ms, ?B)
[2026-06-09T09:59:40.487Z] GET https://klaravex.com/wp-includes/js/dist/redux-routine.min.js → pending (?ms, ?B)
[2026-06-09T09:59:40.487Z] GET https://klaravex.com/wp-includes/js/dist/data.min.js → pending (?ms, ?B)
[2026-06-09T09:59:40.487Z] GET https://klaravex.com/wp-includes/js/dist/rich-text.min.js → pending (?ms, ?B)
[2026-06-09T09:59:40.487Z] GET https://klaravex.com/wp-includes/js/dist/warning.min.js → pending (?ms, ?B)
[2026-06-09T09:59:40.487Z] GET https://klaravex.com/wp-includes/js/dist/components.min.js → pending (?ms, ?B)
[2026-06-09T09:59:40.487Z] GET https://klaravex.com/wp-includes/js/dist/keyboard-shortcuts.min.js → pending (?ms, ?B)
[2026-06-09T09:59:40.487Z] GET https://klaravex.com/wp-includes/js/dist/commands.min.js → pending (?ms, ?B)
[2026-06-09T09:59:40.487Z] GET https://klaravex.com/wp-includes/js/dist/api-fetch.min.js → pending (?ms, ?B)
[2026-06-09T09:59:40.487Z] GET https://klaravex.com/wp-includes/js/dist/blob.min.js → pending (?ms, ?B)
[2026-06-09T09:59:40.487Z] GET https://klaravex.com/wp-includes/js/dist/block-serialization-default-parser.min.js → pending (?ms, ?B)
[2026-06-09T09:59:40.487Z] GET https://klaravex.com/wp-includes/js/dist/autop.min.js → pending (?ms, ?B)
[2026-06-09T09:59:40.488Z] GET https://klaravex.com/wp-includes/js/dist/shortcode.min.js → pending (?ms, ?B)
[2026-06-09T09:59:40.488Z] GET https://klaravex.com/wp-includes/js/dist/blocks.min.js → pending (?ms, ?B)
[2026-06-09T09:59:40.488Z] GET https://klaravex.com/wp-includes/js/dist/notices.min.js → pending (?ms, ?B)
[2026-06-09T09:59:40.488Z] GET https://klaravex.com/wp-includes/js/dist/preferences-persistence.min.js → pending (?ms, ?B)
[2026-06-09T09:59:40.488Z] GET https://klaravex.com/wp-includes/js/dist/preferences.min.js → pending (?ms, ?B)
[2026-06-09T09:59:40.488Z] GET https://klaravex.com/wp-includes/js/dist/style-engine.min.js → pending (?ms, ?B)
[2026-06-09T09:59:40.488Z] GET https://klaravex.com/wp-includes/js/dist/theme.min.js → pending (?ms, ?B)
[2026-06-09T09:59:40.488Z] GET https://klaravex.com/wp-includes/js/dist/token-list.min.js → pending (?ms, ?B)
[2026-06-09T09:59:40.488Z] GET https://klaravex.com/wp-includes/js/dist/upload-media.min.js → pending (?ms, ?B)
[2026-06-09T09:59:40.488Z] GET https://klaravex.com/wp-includes/js/dist/block-editor.min.js → pending (?ms, ?B)
[2026-06-09T09:59:40.488Z] GET https://klaravex.com/wp-includes/js/dist/core-data.min.js → pending (?ms, ?B)
[2026-06-09T09:59:40.488Z] GET https://klaravex.com/wp-includes/js/dist/router.min.js → pending (?ms, ?B)
[2026-06-09T09:59:40.488Z] GET https://klaravex.com/wp-includes/js/dist/core-commands.min.js → pending (?ms, ?B)
[2026-06-09T09:59:40.488Z] GET https://klaravex.com/wp-content/plugins/cookie-law-info/lite/admin/modules/dashboard-widget/assets/js/chart.min.js → pending (?ms, ?B)
[2026-06-09T09:59:40.488Z] GET https://klaravex.com/wp-includes/js/dist/vendor/lodash.min.js → pending (?ms, ?B)
[2026-06-09T09:59:40.488Z] GET https://klaravex.com/wp-content/plugins/seo-by-rank-math/assets/admin/js/components.js → pending (?ms, ?B)
[2026-06-09T09:59:40.488Z] GET https://klaravex.com/wp-content/plugins/seo-by-rank-math/assets/admin/js/dashboard.js → pending (?ms, ?B)
[2026-06-09T09:59:40.488Z] GET https://klaravex.com/wp-content/plugins/litespeed-cache/assets/js/litespeed-cache-admin.js → pending (?ms, ?B)
[2026-06-09T09:59:40.488Z] GET https://klaravex.com/wp-content/plugins/wp-mail-smtp/assets/js/vendor/chart.min.js → pending (?ms, ?B)
[2026-06-09T09:59:40.488Z] GET https://klaravex.com/wp-content/plugins/wp-mail-smtp/assets/js/vendor/chartjs-adapter-moment.min.js → pending (?ms, ?B)
[2026-06-09T09:59:40.488Z] GET https://klaravex.com/wp-content/plugins/wp-mail-smtp/assets/js/smtp-dashboard-widget.min.js → pending (?ms, ?B)
[2026-06-09T09:59:40.488Z] GET https://klaravex.com/wp-includes/js/jquery/ui/accordion.min.js → pending (?ms, ?B)
[2026-06-09T09:59:40.488Z] GET https://klaravex.com/wp-content/plugins/seo-by-rank-math/assets/admin/js/wplink.js → pending (?ms, ?B)
[2026-06-09T09:59:40.488Z] GET https://klaravex.com/wp-includes/js/jquery/ui/menu.min.js → pending (?ms, ?B)
[2026-06-09T09:59:40.488Z] GET https://klaravex.com/wp-includes/js/jquery/ui/autocomplete.min.js → pending (?ms, ?B)
[2026-06-09T09:59:40.621Z] GET https://klaravex.com/wp-content/plugins/limit-login-attempts-reloaded/assets/css/fonts/stylesheet.css → 200 (38ms, 355B)
[2026-06-09T09:59:40.694Z] GET https://klaravex.com/wp-content/plugins/code-snippets/dist/77309b6c62059751c2c4.svg → pending (?ms, ?B)
[2026-06-09T09:59:40.694Z] GET https://klaravex.com/wp-content/plugins/limit-login-attempts-reloaded/assets/css/fonts/CoFoSans-Regular.woff2 → pending (?ms, ?B)
[2026-06-09T09:59:40.708Z] GET https://klaravex.com/wp-content/plugins/limit-login-attempts-reloaded/assets/css/fonts/CoFoSans-Bold.woff2 → pending (?ms, ?B)
[2026-06-09T09:59:40.715Z] GET https://secure.gravatar.com/avatar/2e4335b71b495c098ec380e606ae39568aac8e9f412fb34f0815bca579644041?s=26&d=mm&r=g → 200 (137ms, 1317B)
[2026-06-09T09:59:40.760Z] GET https://klaravex.com/wp-content/plugins/wp-mail-smtp/assets/images/wp-spinner.gif → pending (?ms, ?B)
[2026-06-09T09:59:40.761Z] GET https://secure.gravatar.com/avatar/8e1606e6fba450a9362af43874c1b2dfad34c782e33d0a51e1b46c18a2a567dd?s=50&d=mm&r=g → 200 (92ms, 3289B)
[2026-06-09T09:59:42.822Z] POST https://klaravex.com/wp-admin/admin-ajax.php → pending (?ms, ?B)
[2026-06-09T09:59:42.822Z] GET https://klaravex.com/wp-includes/js/thickbox/loadingAnimation.gif → 200 (38ms, 15315B)
[2026-06-09T09:59:42.827Z] GET https://klaravex.com/wp-json/rankmath/v1/dashboardWidget → 200 (527ms, 2708B)
[2026-06-09T09:59:42.846Z] GET https://klaravex.com/wp-admin/admin-ajax.php?action=dashboard-widgets&widget=dashboard_primary&pagenow=dashboard → pending (?ms, ?B)
[2026-06-09T09:59:45.625Z] GET https://klaravex.com/wp-admin/authorize-application.php?app_name=kb-publish&success_url=https://klaravex.com → 200 (419ms, 22294B)
[2026-06-09T09:59:46.050Z] GET https://klaravex.com/wp-admin/load-styles.php?c=1&dir=ltr&load%5Bchunk_0%5D=dashicons,admin-bar,common,forms,admin-menu,dashboard,list-tables,edit,revisions,media,themes,about,nav-menus,wp-pointer,widgets&load%5Bchunk_1%5D=,site-icon,l10n,wp-base-styles,buttons,wp-auth-check,wp-components,wp-commands&ver=7.0 → 200 (39ms, 121499B)
[2026-06-09T09:59:46.050Z] GET https://klaravex.com/wp-content/plugins/insert-headers-and-footers/build/admin-bar.css → 200 (?ms, -352B)
[2026-06-09T09:59:46.050Z] GET https://klaravex.com/wp-content/plugins/accessibility-widget/lite/admin/css/admin-notice.css → 200 (?ms, -350B)
[2026-06-09T09:59:46.050Z] GET https://klaravex.com/wp-content/plugins/wp-2fa/dist/css/admin-style.css → 200 (?ms, -354B)
[2026-06-09T09:59:46.050Z] GET https://klaravex.com/wp-content/plugins/wp-mail-smtp/assets/css/admin-bar.min.css → 200 (?ms, -352B)
[2026-06-09T09:59:46.050Z] GET https://klaravex.com/wp-content/plugins/litespeed-cache/assets/css/litespeed.css → 200 (?ms, -356B)
[2026-06-09T09:59:46.050Z] GET https://klaravex.com/wp-content/plugins/litespeed-cache/assets/css/litespeed-dark-mode.css → 200 (1ms, -354B)
[2026-06-09T09:59:46.051Z] GET https://klaravex.com/wp-content/plugins/code-snippets/dist/menu.css → 200 (?ms, -352B)
[2026-06-09T09:59:46.051Z] GET https://klaravex.com/wp-content/plugins/limit-login-attempts-reloaded/assets/css/limit-login-attempts.css → 200 (?ms, -356B)
[2026-06-09T09:59:46.051Z] GET https://klaravex.com/wp-admin/load-scripts.php?c=1&load%5Bchunk_0%5D=jquery-core,jquery-migrate,utils&ver=7.0 → 200 (?ms, -345B)
[2026-06-09T09:59:46.051Z] GET https://klaravex.com/wp-admin/load-scripts.php?c=1&load%5Bchunk_0%5D=hoverIntent,wp-dom-ready,wp-hooks&ver=7.0 → 200 (?ms, -344B)
[2026-06-09T09:59:46.051Z] GET https://klaravex.com/wp-includes/js/dist/i18n.min.js → 200 (?ms, -368B)
[2026-06-09T09:59:46.051Z] GET https://klaravex.com/wp-includes/js/dist/a11y.min.js → 200 (1ms, -366B)
[2026-06-09T09:59:46.052Z] GET https://klaravex.com/wp-admin/js/common.min.js → 200 (?ms, -368B)
[2026-06-09T09:59:46.052Z] GET https://klaravex.com/wp-content/plugins/insert-headers-and-footers/build/admin-bar.js → 200 (?ms, -366B)
[2026-06-09T09:59:46.052Z] GET https://klaravex.com/wp-includes/js/hoverintent-js.min.js → 200 (?ms, -366B)
[2026-06-09T09:59:46.052Z] GET https://klaravex.com/wp-includes/js/admin-bar.min.js → 200 (?ms, -367B)
[2026-06-09T09:59:46.052Z] GET https://klaravex.com/wp-includes/js/api-request.min.js → 200 (?ms, -366B)
[2026-06-09T09:59:46.052Z] GET https://klaravex.com/wp-admin/js/auth-app.min.js → 200 (31ms, 930B)
[2026-06-09T09:59:46.052Z] GET https://klaravex.com/wp-admin/js/svg-painter.js → 200 (?ms, -367B)
[2026-06-09T09:59:46.053Z] GET https://klaravex.com/wp-includes/js/heartbeat.min.js → 200 (?ms, -368B)
[2026-06-09T09:59:46.053Z] GET https://klaravex.com/wp-includes/js/wp-auth-check.min.js → 200 (?ms, -366B)
[2026-06-09T09:59:46.053Z] GET https://klaravex.com/wp-includes/js/dist/vendor/react.min.js → 200 (?ms, -368B)
[2026-06-09T09:59:46.053Z] GET https://klaravex.com/wp-includes/js/dist/vendor/react-dom.min.js → 200 (?ms, -370B)
[2026-06-09T09:59:46.053Z] GET https://klaravex.com/wp-includes/js/dist/vendor/react-jsx-runtime.min.js → 200 (?ms, -366B)
[2026-06-09T09:59:46.053Z] GET https://klaravex.com/wp-includes/js/dist/deprecated.min.js → 200 (?ms, -366B)
[2026-06-09T09:59:46.053Z] GET https://klaravex.com/wp-includes/js/dist/dom.min.js → 200 (?ms, -368B)
[2026-06-09T09:59:46.054Z] GET https://klaravex.com/wp-includes/js/dist/escape-html.min.js → 200 (?ms, -366B)
[2026-06-09T09:59:46.054Z] GET https://klaravex.com/wp-includes/js/dist/element.min.js → 200 (?ms, -368B)
[2026-06-09T09:59:46.054Z] GET https://klaravex.com/wp-includes/js/dist/is-shallow-equal.min.js → 200 (?ms, -366B)
[2026-06-09T09:59:46.054Z] GET https://klaravex.com/wp-includes/js/dist/keycodes.min.js → 200 (?ms, -367B)
[2026-06-09T09:59:46.054Z] GET https://klaravex.com/wp-includes/js/dist/priority-queue.min.js → 200 (?ms, -367B)
[2026-06-09T09:59:46.054Z] GET https://klaravex.com/wp-includes/js/dist/undo-manager.min.js → 200 (?ms, -366B)
[2026-06-09T09:59:46.054Z] GET https://klaravex.com/wp-includes/js/dist/compose.min.js → 200 (?ms, -369B)
[2026-06-09T09:59:46.055Z] GET https://klaravex.com/wp-includes/js/dist/vendor/moment.min.js → 200 (?ms, -369B)
[2026-06-09T09:59:46.055Z] GET https://klaravex.com/wp-includes/js/dist/date.min.js → 200 (?ms, -370B)
[2026-06-09T09:59:46.055Z] GET https://klaravex.com/wp-includes/js/dist/html-entities.min.js → 200 (?ms, -364B)
[2026-06-09T09:59:46.055Z] GET https://klaravex.com/wp-includes/js/dist/primitives.min.js → 200 (?ms, -366B)
[2026-06-09T09:59:46.055Z] GET https://klaravex.com/wp-includes/js/dist/private-apis.min.js → 200 (?ms, -366B)
[2026-06-09T09:59:46.055Z] GET https://klaravex.com/wp-includes/js/dist/redux-routine.min.js → 200 (?ms, -368B)
[2026-06-09T09:59:46.055Z] GET https://klaravex.com/wp-includes/js/dist/data.min.js → 200 (?ms, -368B)
[2026-06-09T09:59:46.056Z] GET https://klaravex.com/wp-includes/js/dist/rich-text.min.js → 200 (?ms, -369B)
[2026-06-09T09:59:46.056Z] GET https://klaravex.com/wp-includes/js/dist/warning.min.js → 200 (?ms, -366B)
[2026-06-09T09:59:46.056Z] GET https://klaravex.com/wp-includes/js/dist/components.min.js → 200 (?ms, -371B)
[2026-06-09T09:59:46.056Z] GET https://klaravex.com/wp-includes/js/dist/keyboard-shortcuts.min.js → 200 (?ms, -367B)
[2026-06-09T09:59:46.056Z] GET https://klaravex.com/wp-includes/js/dist/commands.min.js → 200 (?ms, -369B)
[2026-06-09T09:59:46.056Z] GET https://klaravex.com/wp-includes/js/dist/url.min.js → 200 (?ms, -368B)
[2026-06-09T09:59:46.057Z] GET https://klaravex.com/wp-includes/js/dist/api-fetch.min.js → 200 (?ms, -368B)
[2026-06-09T09:59:46.057Z] GET https://klaravex.com/wp-includes/js/dist/blob.min.js → 200 (?ms, -366B)
[2026-06-09T09:59:46.057Z] GET https://klaravex.com/wp-includes/js/dist/block-serialization-default-parser.min.js → 200 (?ms, -367B)
[2026-06-09T09:59:46.057Z] GET https://klaravex.com/wp-includes/js/dist/autop.min.js → 200 (?ms, -368B)
[2026-06-09T09:59:46.058Z] GET https://klaravex.com/wp-includes/js/dist/shortcode.min.js → 200 (?ms, -367B)
[2026-06-09T09:59:46.058Z] GET https://klaravex.com/wp-includes/js/dist/blocks.min.js → 200 (?ms, -370B)
[2026-06-09T09:59:46.058Z] GET https://klaravex.com/wp-includes/js/dist/notices.min.js → 200 (?ms, -368B)
[2026-06-09T09:59:46.058Z] GET https://klaravex.com/wp-includes/js/dist/preferences-persistence.min.js → 200 (?ms, -368B)
[2026-06-09T09:59:46.058Z] GET https://klaravex.com/wp-includes/js/dist/preferences.min.js → 200 (?ms, -368B)
[2026-06-09T09:59:46.058Z] GET https://klaravex.com/wp-includes/js/dist/style-engine.min.js → 200 (?ms, -368B)
[2026-06-09T09:59:46.059Z] GET https://klaravex.com/wp-includes/js/dist/theme.min.js → 200 (?ms, -369B)
[2026-06-09T09:59:46.059Z] GET https://klaravex.com/wp-includes/js/dist/token-list.min.js → 200 (?ms, -366B)
[2026-06-09T09:59:46.059Z] GET https://klaravex.com/wp-includes/js/dist/upload-media.min.js → 200 (?ms, -368B)
[2026-06-09T09:59:46.059Z] GET https://klaravex.com/wp-includes/js/dist/block-editor.min.js → 200 (?ms, -348B)
[2026-06-09T09:59:46.059Z] GET https://klaravex.com/wp-includes/js/dist/core-data.min.js → 200 (?ms, -370B)
[2026-06-09T09:59:46.059Z] GET https://klaravex.com/wp-includes/js/dist/router.min.js → 200 (?ms, -368B)
[2026-06-09T09:59:46.060Z] GET https://klaravex.com/wp-includes/js/dist/core-commands.min.js → 200 (?ms, -368B)
[2026-06-09T09:59:46.060Z] GET https://klaravex.com/wp-content/plugins/litespeed-cache/assets/js/litespeed-cache-admin.js → 200 (?ms, -368B)
[2026-06-09T09:59:46.060Z] GET https://klaravex.com/wp-content/plugins/limit-login-attempts-reloaded/assets/css/fonts/stylesheet.css → 200 (?ms, -352B)
[2026-06-09T09:59:46.109Z] GET https://secure.gravatar.com/avatar/2e4335b71b495c098ec380e606ae39568aac8e9f412fb34f0815bca579644041?s=26&d=mm&r=g → 200 (1ms, -621B)
[2026-06-09T09:59:46.121Z] GET https://klaravex.com/wp-content/plugins/limit-login-attempts-reloaded/assets/css/fonts/CoFoSans-Bold.woff2 → 200 (?ms, -312B)
[2026-06-09T09:59:46.122Z] GET https://klaravex.com/wp-content/plugins/limit-login-attempts-reloaded/assets/css/fonts/CoFoSans-Regular.woff2 → 200 (?ms, -312B)
[2026-06-09T09:59:46.122Z] GET https://klaravex.com/wp-content/plugins/code-snippets/dist/77309b6c62059751c2c4.svg → 200 (?ms, -357B)
[2026-06-09T10:00:03.702Z] POST https://klaravex.com/wp-json/wp/v2/users/me/application-passwords?_locale=user → 201 (553ms, 757B)
[2026-06-09T10:00:04.255Z] GET https://klaravex.com/?site_url=https%3A%2F%2Fklaravex.com&user_login=astewarttcml_iw04eh9p&password=Avig%20wM7M%20lfkz%20S7ly%20yGD6%20sfHc → pending (?ms, ?B)
[2026-06-09T10:00:04.766Z] GET https://klaravex.com/wp-content/plugins/contact-form-7/includes/css/styles.css → 200 (39ms, 1000B)
[2026-06-09T10:00:04.766Z] GET https://fonts.googleapis.com/css2?family=Syne:wght@700;800&family=Inter:wght@400;500;600&display=swap → 200 (121ms, 884B)
[2026-06-09T10:00:04.766Z] GET https://klaravex.com/wp-content/themes/klaravex-theme/assets/css/main.css → 200 (39ms, 6292B)
[2026-06-09T10:00:04.766Z] GET https://klaravex.com/wp-content/plugins/cookie-law-info/lite/frontend/js/script.min.js → 200 (81ms, 7556B)
[2026-06-09T10:00:04.766Z] GET https://fonts.googleapis.com/css2?family=Syne:wght@700;800&display=swap → 200 (121ms, 925B)
[2026-06-09T10:00:04.766Z] GET https://klaravex.com/wp-content/plugins/accessibility-widget/lite/frontend/assets/js/widget.min.js → 200 (82ms, 63891B)
[2026-06-09T10:00:04.766Z] GET https://klaravex.com/wp-includes/js/dist/hooks.min.js → 200 (1ms, -367B)
[2026-06-09T10:00:04.766Z] GET https://klaravex.com/wp-includes/js/dist/i18n.min.js → 200 (1ms, -368B)
[2026-06-09T10:00:04.767Z] GET https://klaravex.com/wp-content/plugins/contact-form-7/includes/swv/js/index.js → 200 (85ms, 3422B)
[2026-06-09T10:00:04.767Z] GET https://klaravex.com/wp-content/plugins/contact-form-7/includes/js/index.js → 200 (80ms, 4062B)
[2026-06-09T10:00:04.767Z] GET https://unpkg.com/@phosphor-icons/web@2.1.1/src/index.js → 200 (110ms, 799B)
[2026-06-09T10:00:04.767Z] GET https://klaravex.com/wp-content/themes/klaravex-theme/assets/js/main.js → 200 (80ms, 1092B)
[2026-06-09T10:00:06.107Z] GET https://unpkg.com/@phosphor-icons/web@2.1.1/src/regular/style.css → 200 (22ms, 12170B)
[2026-06-09T10:00:06.107Z] GET https://unpkg.com/@phosphor-icons/web@2.1.1/src/thin/style.css → 200 (26ms, 12088B)
[2026-06-09T10:00:06.107Z] GET https://unpkg.com/@phosphor-icons/web@2.1.1/src/light/style.css → 200 (27ms, 12120B)
[2026-06-09T10:00:06.107Z] GET https://unpkg.com/@phosphor-icons/web@2.1.1/src/bold/style.css → 200 (29ms, 12128B)
[2026-06-09T10:00:06.107Z] GET https://unpkg.com/@phosphor-icons/web@2.1.1/src/fill/style.css → 200 (28ms, 12085B)
[2026-06-09T10:00:06.107Z] GET https://unpkg.com/@phosphor-icons/web@2.1.1/src/duotone/style.css → 200 (24ms, 22589B)
[2026-06-09T10:00:06.108Z] GET https://klaravex.com/wp-content/uploads/2026/06/klaravex-com-hero.jpg → 200 (20ms, 275256B)
[2026-06-09T10:00:06.108Z] GET https://fonts.gstatic.com/s/inter/v20/UcC73FwrK3iLTeHuS_nVMrMxCp50SjIa1ZL7W0Q5nw.woff2 → 200 (134ms, 48568B)
[2026-06-09T10:00:06.108Z] GET https://fonts.gstatic.com/s/syne/v24/8vIH7w4qzmVxm2BL9G78HEY.woff2 → 200 (84ms, 35111B)
[2026-06-09T10:00:06.108Z] GET blob:https://klaravex.com/760c3aa6-8da9-4881-8dcf-a0d8c93847ab → 200 (52ms, -73B)
[2026-06-09T10:00:06.128Z] GET https://klaravex.com/wp-content/plugins/cookie-law-info/lite/frontend/images/revisit.svg → 200 (115ms, 1084B)
[2026-06-09T10:00:06.128Z] GET https://klaravex.com/wp-content/plugins/cookie-law-info/lite/frontend/images/close.svg → 200 (116ms, 682B)
[2026-06-09T10:00:06.150Z] GET https://unpkg.com/@phosphor-icons/web@2.1.1/src/regular/Phosphor.woff2 → 200 (204ms, 147893B)
[2026-06-09T10:00:06.244Z] GET https://klaravex.com/wp-includes/js/wp-emoji-release.min.js → 200 (75ms, 5028B)
[2026-06-09T10:00:06.322Z] GET https://s.w.org/images/core/emoji/17.0.2/svg/1f44b.svg → 200 (116ms, 1175B)
[2026-06-09T10:04:43.628Z] GET https://klaravex.com/knowledge-base/microsoft-secure-score/ → pending (?ms, ?B)
[2026-06-09T10:04:44.056Z] GET https://klaravex.com/wp-content/plugins/contact-form-7/includes/css/styles.css → 200 (?ms, -352B)
[2026-06-09T10:04:44.057Z] GET https://fonts.googleapis.com/css2?family=Syne:wght@700;800&family=Inter:wght@400;500;600&display=swap → 200 (?ms, -743B)
[2026-06-09T10:04:44.057Z] GET https://klaravex.com/wp-content/themes/klaravex-theme/assets/css/main.css → 200 (?ms, -354B)
[2026-06-09T10:04:44.057Z] GET https://klaravex.com/wp-content/plugins/cookie-law-info/lite/frontend/js/script.min.js → 200 (?ms, -368B)
[2026-06-09T10:04:44.058Z] GET https://fonts.googleapis.com/css2?family=Syne:wght@700;800&display=swap → 200 (?ms, -743B)
[2026-06-09T10:04:44.079Z] GET https://fonts.gstatic.com/s/inter/v20/UcC73FwrK3iLTeHuS_nVMrMxCp50SjIa1ZL7W0Q5nw.woff2 → 200 (1ms, -815B)
[2026-06-09T10:04:44.080Z] GET https://fonts.gstatic.com/s/syne/v24/8vIH7w4qzmVxm2BL9G78HEY.woff2 → 200 (?ms, -815B)
[2026-06-09T10:04:44.080Z] GET https://fonts.gstatic.com/s/syne/v24/8vIH7w4qzmVxm2BL9G78HEY.woff2 → 200 (?ms, -815B)
[2026-06-09T10:04:44.097Z] GET https://klaravex.com/wp-content/plugins/accessibility-widget/lite/frontend/assets/js/widget.min.js → 200 (?ms, -370B)
[2026-06-09T10:04:44.097Z] GET https://klaravex.com/wp-includes/js/dist/hooks.min.js → 200 (?ms, -367B)
[2026-06-09T10:04:44.097Z] GET https://klaravex.com/wp-includes/js/dist/i18n.min.js → 200 (?ms, -368B)
[2026-06-09T10:04:44.097Z] GET https://klaravex.com/wp-content/plugins/contact-form-7/includes/swv/js/index.js → 200 (?ms, -368B)
[2026-06-09T10:04:44.098Z] GET https://klaravex.com/wp-content/plugins/contact-form-7/includes/js/index.js → 200 (?ms, -368B)
[2026-06-09T10:04:44.098Z] GET https://unpkg.com/@phosphor-icons/web@2.1.1/src/index.js → 200 (?ms, -837B)
[2026-06-09T10:04:44.098Z] GET https://unpkg.com/@phosphor-icons/web@2.1.1/src/regular/style.css → 200 (?ms, -814B)
[2026-06-09T10:04:44.098Z] GET https://unpkg.com/@phosphor-icons/web@2.1.1/src/thin/style.css → 200 (?ms, -814B)
[2026-06-09T10:04:44.098Z] GET https://unpkg.com/@phosphor-icons/web@2.1.1/src/light/style.css → 200 (?ms, -814B)
[2026-06-09T10:04:44.098Z] GET https://unpkg.com/@phosphor-icons/web@2.1.1/src/bold/style.css → 200 (?ms, -815B)
[2026-06-09T10:04:44.099Z] GET https://unpkg.com/@phosphor-icons/web@2.1.1/src/fill/style.css → 200 (?ms, -814B)
[2026-06-09T10:04:44.099Z] GET https://unpkg.com/@phosphor-icons/web@2.1.1/src/duotone/style.css → 200 (?ms, -814B)
[2026-06-09T10:04:44.099Z] GET https://klaravex.com/wp-content/themes/klaravex-theme/assets/js/main.js → 200 (?ms, -367B)
[2026-06-09T10:04:44.110Z] GET https://unpkg.com/@phosphor-icons/web@2.1.1/src/regular/Phosphor.woff2 → 200 (?ms, -860B)
[2026-06-09T10:04:44.150Z] GET https://klaravex.com/wp-includes/js/wp-emoji-release.min.js → 200 (?ms, -368B)
[2026-06-09T10:04:44.151Z] GET https://klaravex.com/wp-content/plugins/cookie-law-info/lite/frontend/images/revisit.svg → 200 (?ms, -357B)
[2026-06-09T10:04:44.151Z] GET https://klaravex.com/wp-content/plugins/cookie-law-info/lite/frontend/images/close.svg → 200 (?ms, -357B)
[2026-06-09T10:04:44.151Z] GET https://fonts.gstatic.com/s/inter/v20/UcC73FwrK3iLTeHuS_nVMrMxCp50SjIa1ZL7W0Q5nw.woff2 → 200 (?ms, -815B)
[2026-06-09T10:04:44.156Z] GET https://s.w.org/images/core/emoji/17.0.2/svg/1f44b.svg → 200 (?ms, -492B)
[2026-06-09T10:04:48.038Z] GET https://klaravex.com/knowledge-base/security/ → 200 (358ms, 67147B)
[2026-06-09T10:04:48.400Z] GET https://klaravex.com/wp-content/plugins/contact-form-7/includes/css/styles.css → 200 (?ms, -352B)
[2026-06-09T10:04:48.400Z] GET https://fonts.googleapis.com/css2?family=Syne:wght@700;800&family=Inter:wght@400;500;600&display=swap → 200 (?ms, -743B)
[2026-06-09T10:04:48.401Z] GET https://klaravex.com/wp-content/themes/klaravex-theme/assets/css/main.css → 200 (?ms, -354B)
[2026-06-09T10:04:48.401Z] GET https://klaravex.com/wp-content/plugins/cookie-law-info/lite/frontend/js/script.min.js → 200 (?ms, -368B)
[2026-06-09T10:04:48.401Z] GET https://fonts.googleapis.com/css2?family=Syne:wght@700;800&display=swap → 200 (?ms, -743B)
[2026-06-09T10:04:48.417Z] GET https://fonts.gstatic.com/s/inter/v20/UcC73FwrK3iLTeHuS_nVMrMxCp50SjIa1ZL7W0Q5nw.woff2 → 200 (1ms, -815B)
[2026-06-09T10:04:48.418Z] GET https://fonts.gstatic.com/s/syne/v24/8vIH7w4qzmVxm2BL9G78HEY.woff2 → 200 (?ms, -815B)
[2026-06-09T10:04:48.418Z] GET https://fonts.gstatic.com/s/syne/v24/8vIH7w4qzmVxm2BL9G78HEY.woff2 → 200 (?ms, -815B)
[2026-06-09T10:04:48.424Z] GET https://klaravex.com/wp-content/plugins/accessibility-widget/lite/frontend/assets/js/widget.min.js → 200 (?ms, -370B)
[2026-06-09T10:04:48.424Z] GET https://klaravex.com/wp-includes/js/dist/hooks.min.js → 200 (?ms, -367B)
[2026-06-09T10:04:48.424Z] GET https://klaravex.com/wp-includes/js/dist/i18n.min.js → 200 (?ms, -368B)
[2026-06-09T10:04:48.424Z] GET https://klaravex.com/wp-content/plugins/contact-form-7/includes/swv/js/index.js → 200 (?ms, -368B)
[2026-06-09T10:04:48.424Z] GET https://klaravex.com/wp-content/plugins/contact-form-7/includes/js/index.js → 200 (?ms, -368B)
[2026-06-09T10:04:48.425Z] GET https://unpkg.com/@phosphor-icons/web@2.1.1/src/index.js → 200 (?ms, -837B)
[2026-06-09T10:04:48.425Z] GET https://unpkg.com/@phosphor-icons/web@2.1.1/src/regular/style.css → 200 (?ms, -814B)
[2026-06-09T10:04:48.425Z] GET https://unpkg.com/@phosphor-icons/web@2.1.1/src/thin/style.css → 200 (?ms, -814B)
[2026-06-09T10:04:48.425Z] GET https://unpkg.com/@phosphor-icons/web@2.1.1/src/light/style.css → 200 (?ms, -814B)
[2026-06-09T10:04:48.425Z] GET https://unpkg.com/@phosphor-icons/web@2.1.1/src/bold/style.css → 200 (1ms, -815B)
[2026-06-09T10:04:48.426Z] GET https://unpkg.com/@phosphor-icons/web@2.1.1/src/fill/style.css → 200 (?ms, -814B)
[2026-06-09T10:04:48.426Z] GET https://unpkg.com/@phosphor-icons/web@2.1.1/src/duotone/style.css → 200 (?ms, -814B)
[2026-06-09T10:04:48.426Z] GET https://klaravex.com/wp-content/themes/klaravex-theme/assets/js/main.js → 200 (?ms, -367B)
[2026-06-09T10:04:48.426Z] GET https://unpkg.com/@phosphor-icons/web@2.1.1/src/regular/Phosphor.woff2 → 200 (?ms, -860B)
[2026-06-09T10:04:48.468Z] GET https://klaravex.com/wp-includes/js/wp-emoji-release.min.js → 200 (?ms, -368B)
[2026-06-09T10:04:48.468Z] GET https://klaravex.com/wp-content/plugins/cookie-law-info/lite/frontend/images/revisit.svg → 200 (?ms, -357B)
[2026-06-09T10:04:48.468Z] GET https://klaravex.com/wp-content/plugins/cookie-law-info/lite/frontend/images/close.svg → 200 (?ms, -357B)
[2026-06-09T10:04:48.468Z] GET https://fonts.gstatic.com/s/inter/v20/UcC73FwrK3iLTeHuS_nVMrMxCp50SjIa1ZL7W0Q5nw.woff2 → 200 (?ms, -815B)
[2026-06-09T10:04:48.469Z] GET https://s.w.org/images/core/emoji/17.0.2/svg/1f44b.svg → 200 (?ms, -492B)
[2026-06-09T10:05:58.249Z] GET https://klaravex.de/knowledge-base/ → pending (?ms, ?B)
[2026-06-09T10:05:59.456Z] GET https://klaravex.de/wp-content/cache/wpfc-minified/97ayy3k8/i1qil.css → 200 (42ms, 5566B)
[2026-06-09T10:05:59.456Z] GET https://klaravex.de/wp-content/cache/wpfc-minified/7kireezr/i1qil.css → 200 (42ms, 12213B)
[2026-06-09T10:05:59.456Z] GET https://klaravex.de/wp-content/plugins/cookie-law-info/lite/frontend/js/script.min.js?ver=3.5.1 → 200 (56ms, 7578B)
[2026-06-09T10:05:59.456Z] GET https://fonts.googleapis.com/css2?family=Syne:wght@600;700;800&family=Inter:wght@400;500;600;700&display=swap → 200 (108ms, 895B)
[2026-06-09T10:05:59.456Z] GET https://klaravex.de/wp-content/uploads/2026/06/klaravex-logo-white.svg → 200 (47ms, 626B)
[2026-06-09T10:05:59.477Z] GET https://klaravex.de/wp-content/themes/kadence/assets/js/navigation.min.js?ver=1.5.0 → 200 (70ms, 5400B)
[2026-06-09T10:05:59.477Z] GET https://klaravex.de/wp-content/plugins/google-site-kit/dist/assets/js/googlesitekit-events-provider-wpforms-fcdfcbdf65e9ba33accc.js → 200 (70ms, 2251B)
[2026-06-09T10:05:59.581Z] GET https://fonts.gstatic.com/s/inter/v20/UcC73FwrK3iLTeHuS_nVMrMxCp50SjIa1ZL7W0Q5nw.woff2 → 200 (?ms, -815B)
[2026-06-09T10:05:59.581Z] GET https://fonts.gstatic.com/s/syne/v24/8vIH7w4qzmVxm2BL9G78HEY.woff2 → 200 (?ms, -815B)
[2026-06-09T10:05:59.621Z] GET https://klaravex.de/wp-content/plugins/cookie-law-info/lite/frontend/images/revisit.svg → 200 (37ms, 1049B)
[2026-06-09T10:05:59.621Z] GET https://klaravex.de/wp-content/plugins/cookie-law-info/lite/frontend/images/close.svg → 200 (38ms, 682B)
[2026-06-09T10:05:59.621Z] GET https://fonts.googleapis.com/css2?family=Syne:wght@700;800&family=Inter:wght@400;500;600&display=swap → 200 (1ms, -698B)
[2026-06-09T10:12:19.777Z] GET https://klaravex.de/wp-login.php → pending (?ms, ?B)
[2026-06-09T10:12:20.512Z] GET https://klaravex.de/wp-includes/css/dashicons.min.css?ver=2822dee7cdddd55f5eda9f8d36149e71 → 200 (94ms, 35227B)
[2026-06-09T10:12:20.512Z] GET https://klaravex.de/wp-includes/css/buttons.min.css?ver=2822dee7cdddd55f5eda9f8d36149e71 → 200 (107ms, 1534B)
[2026-06-09T10:12:20.512Z] GET https://klaravex.de/wp-admin/css/forms.min.css?ver=7.0 → 200 (108ms, 6562B)
[2026-06-09T10:12:20.512Z] GET https://klaravex.de/wp-admin/css/l10n.min.css?ver=7.0 → 200 (113ms, 749B)
[2026-06-09T10:12:20.512Z] GET https://klaravex.de/wp-includes/css/dist/base-styles/admin-schemes.min.css?ver=2822dee7cdddd55f5eda9f8d36149e71 → 200 (113ms, 775B)
[2026-06-09T10:12:20.512Z] GET https://klaravex.de/wp-admin/css/login.min.css?ver=7.0 → 200 (111ms, 2096B)
[2026-06-09T10:12:20.512Z] GET https://klaravex.de/wp-content/plugins/really-simple-ssl/assets/features/two-fa/styles.css?ver=1778186372 → 200 (113ms, 1431B)
[2026-06-09T10:12:20.512Z] GET https://klaravex.de/wp-includes/js/clipboard.min.js?ver=2.0.11 → 200 (147ms, 3066B)
[2026-06-09T10:12:20.512Z] GET https://klaravex.de/wp-includes/js/jquery/jquery.min.js?ver=3.7.1 → 200 (153ms, 29844B)
[2026-06-09T10:12:20.512Z] GET https://klaravex.de/wp-includes/js/jquery/jquery-migrate.min.js?ver=3.4.1 → 200 (138ms, 4756B)
[2026-06-09T10:12:20.512Z] GET https://klaravex.de/wp-includes/js/zxcvbn-async.min.js?ver=1.0 → 200 (138ms, 261B)
[2026-06-09T10:12:20.512Z] GET https://klaravex.de/wp-includes/js/dist/hooks.min.js?ver=7496969728ca0f95732d → 200 (141ms, 1790B)
[2026-06-09T10:12:20.512Z] GET https://klaravex.de/wp-includes/js/dist/i18n.min.js?ver=781d11515ad3d91786ec → 200 (141ms, 2407B)
[2026-06-09T10:12:20.512Z] GET https://klaravex.de/wp-admin/js/password-strength-meter.min.js?ver=7.0 → 200 (141ms, 631B)
[2026-06-09T10:12:20.512Z] GET https://klaravex.de/wp-includes/js/underscore.min.js?ver=1.13.8 → 200 (146ms, 7290B)
[2026-06-09T10:12:20.512Z] GET https://klaravex.de/wp-includes/js/wp-util.min.js?ver=2822dee7cdddd55f5eda9f8d36149e71 → 200 (146ms, 767B)
[2026-06-09T10:12:20.512Z] GET https://klaravex.de/wp-includes/js/dist/dom-ready.min.js?ver=a06281ae5cf5500e9317 → 200 (146ms, 471B)
[2026-06-09T10:12:20.513Z] GET https://klaravex.de/wp-includes/js/dist/a11y.min.js?ver=af934e5259bc51b8718e → 200 (145ms, 961B)
[2026-06-09T10:12:20.513Z] GET https://klaravex.de/wp-admin/js/user-profile.min.js?ver=7.0 → 200 (146ms, 2970B)
[2026-06-09T10:12:20.649Z] GET https://klaravex.de/wp-admin/images/wordpress-logo-gray.svg?ver=20260303 → 200 (30ms, 845B)
[2026-06-09T10:12:20.679Z] GET https://klaravex.de/wp-includes/js/zxcvbn.min.js → 200 (142ms, 389700B)
[2026-06-09T10:12:23.436Z] POST https://klaravex.de/wp-login.php → 302 (740ms, ?B)
[2026-06-09T10:12:24.177Z] GET https://klaravex.de/wp-admin/admin.php?page=extendify-assist → pending (?ms, ?B)
[2026-06-09T10:12:25.699Z] GET https://klaravex.de/wp-content/plugins/wpforms-lite/assets/lib/font-awesome/css/all.min.css?ver=7.0.1 → 200 (150ms, 19946B)
[2026-06-09T10:12:25.699Z] GET https://klaravex.de/wp-content/plugins/wpforms-lite/assets/lib/font-awesome/css/v4-shims.min.css?ver=4.7.0 → 200 (189ms, 3979B)
[2026-06-09T10:12:25.699Z] GET https://klaravex.de/wp-content/plugins/wp-fastest-cache/css/style.css?ver=1780999945 → 200 (190ms, 6835B)
[2026-06-09T10:12:25.699Z] GET https://klaravex.de/wp-content/plugins/insert-headers-and-footers/build/admin-bar.css?ver=c95624a69c80301272a0 → 200 (219ms, 635B)
[2026-06-09T10:12:25.699Z] GET https://klaravex.de/wp-includes/css/dashicons.min.css?ver=2822dee7cdddd55f5eda9f8d36149e71 → 200 (?ms, -355B)
[2026-06-09T10:12:25.700Z] GET https://klaravex.de/wp-includes/css/admin-bar.min.css?ver=2822dee7cdddd55f5eda9f8d36149e71 → 200 (192ms, 3752B)
[2026-06-09T10:12:25.700Z] GET https://klaravex.de/wp-admin/css/common.min.css?ver=7.0 → 200 (190ms, 12764B)
[2026-06-09T10:12:25.700Z] GET https://klaravex.de/wp-admin/css/forms.min.css?ver=7.0 → 200 (?ms, -354B)
[2026-06-09T10:12:25.700Z] GET https://klaravex.de/wp-admin/css/admin-menu.min.css?ver=7.0 → 200 (190ms, 2745B)
[2026-06-09T10:12:25.700Z] GET https://klaravex.de/wp-admin/css/dashboard.min.css?ver=7.0 → 200 (190ms, 5002B)
[2026-06-09T10:12:25.700Z] GET https://klaravex.de/wp-admin/css/list-tables.min.css?ver=7.0 → 200 (190ms, 7233B)
[2026-06-09T10:12:25.700Z] GET https://klaravex.de/wp-admin/css/edit.min.css?ver=7.0 → 200 (191ms, 6799B)
[2026-06-09T10:12:25.700Z] GET https://klaravex.de/wp-admin/css/revisions.min.css?ver=7.0 → 200 (191ms, 2218B)
[2026-06-09T10:12:25.700Z] GET https://klaravex.de/wp-admin/css/media.min.css?ver=7.0 → 200 (191ms, 4732B)
[2026-06-09T10:12:25.700Z] GET https://klaravex.de/wp-admin/css/themes.min.css?ver=7.0 → 200 (191ms, 6245B)
[2026-06-09T10:12:25.700Z] GET https://klaravex.de/wp-admin/css/about.min.css?ver=7.0 → 200 (191ms, 3956B)
[2026-06-09T10:12:25.700Z] GET https://klaravex.de/wp-admin/css/nav-menus.min.css?ver=7.0 → 200 (191ms, 3427B)
[2026-06-09T10:12:25.700Z] GET https://klaravex.de/wp-includes/css/wp-pointer.min.css?ver=2822dee7cdddd55f5eda9f8d36149e71 → 200 (220ms, 871B)
[2026-06-09T10:12:25.700Z] GET https://klaravex.de/wp-admin/css/widgets.min.css?ver=7.0 → 200 (191ms, 3214B)
[2026-06-09T10:12:25.700Z] GET https://klaravex.de/wp-admin/css/site-icon.min.css?ver=7.0 → 200 (221ms, 1104B)
[2026-06-09T10:12:25.700Z] GET https://klaravex.de/wp-admin/css/l10n.min.css?ver=7.0 → 200 (?ms, -352B)
[2026-06-09T10:12:25.701Z] GET https://klaravex.de/wp-includes/css/dist/base-styles/admin-schemes.min.css?ver=2822dee7cdddd55f5eda9f8d36149e71 → 200 (?ms, -352B)
[2026-06-09T10:12:25.701Z] GET https://klaravex.de/wp-includes/css/buttons.min.css?ver=2822dee7cdddd55f5eda9f8d36149e71 → 200 (?ms, -354B)
[2026-06-09T10:12:25.701Z] GET https://klaravex.de/wp-admin/css/colors/modern/colors.min.css?ver=7.0 → 200 (216ms, 3131B)
[2026-06-09T10:12:25.701Z] GET https://klaravex.de/wp-includes/css/wp-auth-check.min.css?ver=2822dee7cdddd55f5eda9f8d36149e71 → 200 (220ms, 670B)
[2026-06-09T10:12:25.701Z] GET https://klaravex.de/wp-includes/css/dist/components/style.min.css?ver=2822dee7cdddd55f5eda9f8d36149e71 → 200 (190ms, 13278B)
[2026-06-09T10:12:25.701Z] GET https://klaravex.de/wp-includes/css/dist/commands/style.min.css?ver=2822dee7cdddd55f5eda9f8d36149e71 → 200 (221ms, 1054B)
[2026-06-09T10:12:25.701Z] GET https://klaravex.de/wp-content/plugins/all-in-one-seo-pack/dist/Lite/assets/css/vendor-vue-ui.dbee72c8.css?ver=4.9.7.2 → 200 (191ms, 1796B)
[2026-06-09T10:12:25.701Z] GET https://klaravex.de/wp-content/plugins/all-in-one-seo-pack/dist/Lite/assets/css/notifications.2c54c60a.css?ver=4.9.7.2 → 200 (221ms, 320B)
[2026-06-09T10:12:25.701Z] GET https://klaravex.de/wp-content/plugins/all-in-one-seo-pack/dist/Lite/assets/css/app.b72a8155.css?ver=4.9.7.2 → 200 (192ms, 5797B)
[2026-06-09T10:12:25.701Z] GET https://klaravex.de/wp-includes/js/mediaelement/mediaelementplayer-legacy.min.css?ver=4.2.17 → 200 (191ms, 2472B)
[2026-06-09T10:12:25.701Z] GET https://klaravex.de/wp-includes/js/mediaelement/wp-mediaelement.min.css?ver=2822dee7cdddd55f5eda9f8d36149e71 → 200 (221ms, 1056B)
[2026-06-09T10:12:25.701Z] GET https://klaravex.de/wp-includes/css/media-views.min.css?ver=2822dee7cdddd55f5eda9f8d36149e71 → 200 (191ms, 8694B)
[2026-06-09T10:12:25.701Z] GET https://klaravex.de/wp-includes/js/imgareaselect/imgareaselect.css?ver=0.9.8 → 200 (221ms, 288B)
[2026-06-09T10:12:25.701Z] GET https://klaravex.de/wp-content/plugins/extendify/public/build/extendify-shared.css?ver=3.0.6 → 200 (191ms, 3035B)
[2026-06-09T10:12:25.701Z] GET https://klaravex.de/wp-content/plugins/extendify/public/build/extendify-assist-page.css?ver=3.0.6 → 200 (191ms, 10393B)
[2026-06-09T10:12:25.701Z] GET https://klaravex.de/wp-content/plugins/extendify/public/build/extendify-help-center.css?ver=3.0.6 → 200 (192ms, 5611B)
[2026-06-09T10:12:25.701Z] GET https://klaravex.de/wp-content/plugins/google-analytics-for-wordpress/assets/css/admin-common.min.css?ver=10.2.2 → 200 (222ms, 483B)
[2026-06-09T10:12:25.701Z] GET https://klaravex.de/wp-content/plugins/google-analytics-for-wordpress/lite/assets/vue/css/admin.css?ver=10.2.2 → 200 (222ms, 436B)
[2026-06-09T10:12:25.701Z] GET https://klaravex.de/wp-content/plugins/google-analytics-for-wordpress/assets/css/admin-metabox-sitenotes.css?ver=10.2.2 → 200 (222ms, 226B)
[2026-06-09T10:12:25.701Z] GET https://klaravex.de/wp-content/plugins/duplicator/assets/css/global_admin_style.css?ver=1.5.16.1 → 200 (222ms, 828B)
[2026-06-09T10:12:25.701Z] GET https://klaravex.de/wp-content/plugins/wpforms-lite/assets/css/admin-bar.min.css?ver=1.10.1.1 → 200 (222ms, 467B)
[2026-06-09T10:12:25.702Z] GET https://klaravex.de/wp-content/plugins/code-snippets/dist/menu.css?ver=3.9.6 → 200 (287ms, 377B)
[2026-06-09T10:12:25.702Z] GET https://klaravex.de/wp-content/plugins/wp-fastest-cache/css/toolbar.css?ver=1780999945 → 200 (191ms, 4655B)
[2026-06-09T10:12:25.708Z] GET https://klaravex.de/wp-content/plugins/google-analytics-for-wordpress/lite/assets/admin-bar/insights.css?ver=9456bd1f8aae1e62dea8 → 200 (185ms, 1565B)
[2026-06-09T10:12:25.708Z] GET https://klaravex.de/wp-includes/js/jquery/jquery.min.js?ver=3.7.1 → 200 (?ms, -370B)
[2026-06-09T10:12:25.708Z] GET https://klaravex.de/wp-includes/js/jquery/jquery-migrate.min.js?ver=3.4.1 → 200 (?ms, -368B)
[2026-06-09T10:12:25.708Z] GET https://klaravex.de/wp-includes/js/utils.min.js?ver=2822dee7cdddd55f5eda9f8d36149e71 → 200 (215ms, 830B)
[2026-06-09T10:12:25.708Z] GET https://klaravex.de/wp-includes/js/plupload/moxie.min.js?ver=1.3.5.1 → 200 (282ms, 26548B)
[2026-06-09T10:12:25.708Z] GET https://klaravex.de/wp-includes/js/plupload/plupload.min.js?ver=2.1.9 → 200 (282ms, 5430B)
[2026-06-09T10:12:25.708Z] GET https://klaravex.de/wp-content/plugins/wp-fastest-cache/images/icon.svg → 200 (186ms, 9878B)
[2026-06-09T10:12:25.761Z] GET https://klaravex.de/wp-includes/js/hoverIntent.min.js?ver=1.10.2 → 200 (229ms, 718B)
[2026-06-09T10:12:25.761Z] GET https://klaravex.de/wp-includes/js/dist/dom-ready.min.js?ver=a06281ae5cf5500e9317 → 200 (?ms, -366B)
[2026-06-09T10:12:25.761Z] GET https://klaravex.de/wp-includes/js/dist/hooks.min.js?ver=7496969728ca0f95732d → 200 (?ms, -368B)
[2026-06-09T10:12:25.761Z] GET https://klaravex.de/wp-includes/js/dist/i18n.min.js?ver=781d11515ad3d91786ec → 200 (?ms, -368B)
[2026-06-09T10:12:25.761Z] GET https://klaravex.de/wp-includes/js/dist/a11y.min.js?ver=af934e5259bc51b8718e → 200 (?ms, -366B)
[2026-06-09T10:12:25.761Z] GET https://klaravex.de/wp-admin/js/common.min.js?ver=7.0 → 200 (269ms, 7585B)
[2026-06-09T10:12:25.761Z] GET https://klaravex.de/wp-content/plugins/insert-headers-and-footers/build/admin-bar.js?ver=c95624a69c80301272a0 → 200 (271ms, 536B)
[2026-06-09T10:12:25.761Z] GET https://klaravex.de/wp-includes/js/hoverintent-js.min.js?ver=2.2.1 → pending (?ms, ?B)
[2026-06-09T10:12:25.761Z] GET https://klaravex.de/wp-includes/js/admin-bar.min.js?ver=2822dee7cdddd55f5eda9f8d36149e71 → pending (?ms, ?B)
[2026-06-09T10:12:25.761Z] GET https://klaravex.de/wp-admin/js/svg-painter.js?ver=7.0 → pending (?ms, ?B)
[2026-06-09T10:12:25.761Z] GET https://klaravex.de/wp-includes/js/heartbeat.min.js?ver=2822dee7cdddd55f5eda9f8d36149e71 → pending (?ms, ?B)
[2026-06-09T10:12:25.761Z] GET https://klaravex.de/wp-includes/js/wp-auth-check.min.js?ver=2822dee7cdddd55f5eda9f8d36149e71 → pending (?ms, ?B)
[2026-06-09T10:12:25.761Z] GET https://klaravex.de/wp-includes/js/dist/vendor/react.min.js?ver=18.3.1.1 → pending (?ms, ?B)
[2026-06-09T10:12:25.761Z] GET https://klaravex.de/wp-includes/js/dist/vendor/react-dom.min.js?ver=18.3.1.1 → pending (?ms, ?B)
[2026-06-09T10:12:25.762Z] GET https://klaravex.de/wp-includes/js/dist/vendor/react-jsx-runtime.min.js?ver=18.3.1 → pending (?ms, ?B)
[2026-06-09T10:12:25.762Z] GET https://klaravex.de/wp-includes/js/dist/deprecated.min.js?ver=990e85f234fee8f7d446 → pending (?ms, ?B)
[2026-06-09T10:12:25.762Z] GET https://klaravex.de/wp-includes/js/dist/dom.min.js?ver=66a6cf58e0c4cd128af0 → pending (?ms, ?B)
[2026-06-09T10:12:25.762Z] GET https://klaravex.de/wp-includes/js/dist/escape-html.min.js?ver=3f093e5cca67aa0f8b56 → pending (?ms, ?B)
[2026-06-09T10:12:25.762Z] GET https://klaravex.de/wp-includes/js/dist/element.min.js?ver=15ba804677f72a8db97b → pending (?ms, ?B)
[2026-06-09T10:12:25.762Z] GET https://klaravex.de/wp-includes/js/dist/is-shallow-equal.min.js?ver=5d84b9f3cb50d2ce7d04 → pending (?ms, ?B)
[2026-06-09T10:12:25.762Z] GET https://klaravex.de/wp-includes/js/dist/keycodes.min.js?ver=aa1a141e3468afe7f852 → pending (?ms, ?B)
[2026-06-09T10:12:25.762Z] GET https://klaravex.de/wp-includes/js/dist/priority-queue.min.js?ver=1f0e89e247bc0bd3f9b9 → pending (?ms, ?B)
[2026-06-09T10:12:25.762Z] GET https://klaravex.de/wp-includes/js/dist/undo-manager.min.js?ver=27bb0ae036a2c9d4a1b5 → pending (?ms, ?B)
[2026-06-09T10:12:25.762Z] GET https://klaravex.de/wp-includes/js/dist/compose.min.js?ver=edb5a8c0b5bf71686403 → pending (?ms, ?B)
[2026-06-09T10:12:25.762Z] GET https://klaravex.de/wp-includes/js/dist/vendor/moment.min.js?ver=2.30.1 → pending (?ms, ?B)
[2026-06-09T10:12:25.762Z] GET https://klaravex.de/wp-includes/js/dist/date.min.js?ver=c9f8e7dd3232716f34e9 → pending (?ms, ?B)
[2026-06-09T10:12:25.762Z] GET https://klaravex.de/wp-includes/js/dist/html-entities.min.js?ver=8c6fa5b869dfeadc4af2 → pending (?ms, ?B)
[2026-06-09T10:12:25.762Z] GET https://klaravex.de/wp-includes/js/dist/primitives.min.js?ver=a5c905ec27bcd76ef287 → pending (?ms, ?B)
[2026-06-09T10:12:25.762Z] GET https://klaravex.de/wp-includes/js/dist/private-apis.min.js?ver=835912f0086b9e59aed4 → pending (?ms, ?B)
[2026-06-09T10:12:25.762Z] GET https://klaravex.de/wp-includes/js/dist/redux-routine.min.js?ver=64f9f5001aabc046c605 → pending (?ms, ?B)
[2026-06-09T10:12:25.762Z] GET https://klaravex.de/wp-includes/js/dist/data.min.js?ver=1756b6a2676c1b3369ab → pending (?ms, ?B)
[2026-06-09T10:12:25.776Z] GET https://klaravex.de/wp-includes/js/dist/rich-text.min.js?ver=16449e6108f48327f368 → pending (?ms, ?B)
[2026-06-09T10:12:25.776Z] GET https://klaravex.de/wp-includes/js/dist/warning.min.js?ver=36fdbdc984d93aee8a97 → pending (?ms, ?B)
[2026-06-09T10:12:25.776Z] GET https://klaravex.de/wp-includes/js/dist/components.min.js?ver=5dedfe13f08880193a28 → pending (?ms, ?B)
[2026-06-09T10:12:25.776Z] GET https://klaravex.de/wp-includes/js/dist/keyboard-shortcuts.min.js?ver=2ed78d3b4c23f38804e0 → pending (?ms, ?B)
[2026-06-09T10:12:25.776Z] GET https://klaravex.de/wp-includes/js/dist/commands.min.js?ver=e3d8bba53f4ffea4fcd2 → pending (?ms, ?B)
[2026-06-09T10:12:25.776Z] GET https://klaravex.de/wp-includes/js/dist/url.min.js?ver=bb0f766c3d2efe497871 → pending (?ms, ?B)
[2026-06-09T10:12:25.776Z] GET https://klaravex.de/wp-includes/js/dist/api-fetch.min.js?ver=d7efe4dc1468d36c39b8 → pending (?ms, ?B)
[2026-06-09T10:12:25.776Z] GET https://klaravex.de/wp-includes/js/dist/blob.min.js?ver=198af75fe06d924090d8 → pending (?ms, ?B)
[2026-06-09T10:12:25.776Z] GET https://klaravex.de/wp-includes/js/dist/block-serialization-default-parser.min.js?ver=bff55bd3f1ce9df0c99c → pending (?ms, ?B)
[2026-06-09T10:12:25.776Z] GET https://klaravex.de/wp-includes/js/dist/autop.min.js?ver=9d0d0901b46f0a9027c9 → pending (?ms, ?B)
[2026-06-09T10:12:25.776Z] GET https://klaravex.de/wp-includes/js/dist/shortcode.min.js?ver=11742fe18cc215d3d5ab → pending (?ms, ?B)
[2026-06-09T10:12:25.776Z] GET https://klaravex.de/wp-includes/js/dist/blocks.min.js?ver=ef38e42500165bfda301 → pending (?ms, ?B)
[2026-06-09T10:12:25.776Z] GET https://klaravex.de/wp-includes/js/dist/notices.min.js?ver=218d0173a31ae7269246 → pending (?ms, ?B)
[2026-06-09T10:12:25.776Z] GET https://klaravex.de/wp-includes/js/dist/preferences-persistence.min.js?ver=e8033be98338d1861bca → pending (?ms, ?B)
[2026-06-09T10:12:25.776Z] GET https://klaravex.de/wp-includes/js/dist/preferences.min.js?ver=035813168e404aa30193 → pending (?ms, ?B)
[2026-06-09T10:12:25.776Z] GET https://klaravex.de/wp-includes/js/dist/style-engine.min.js?ver=faa37ce61b7ec8394b2a → pending (?ms, ?B)
[2026-06-09T10:12:25.776Z] GET https://klaravex.de/wp-includes/js/dist/theme.min.js?ver=e22ce547a4420507b323 → pending (?ms, ?B)
[2026-06-09T10:12:25.776Z] GET https://klaravex.de/wp-includes/js/dist/token-list.min.js?ver=16f0aebdd39d87c2a84b → pending (?ms, ?B)
[2026-06-09T10:12:25.776Z] GET https://klaravex.de/wp-includes/js/dist/upload-media.min.js?ver=d359c2cccf866d7082d2 → pending (?ms, ?B)
[2026-06-09T10:12:25.776Z] GET https://klaravex.de/wp-includes/js/dist/block-editor.min.js?ver=93c3566b7f24c15b7e17 → pending (?ms, ?B)
[2026-06-09T10:12:25.776Z] GET https://klaravex.de/wp-includes/js/dist/core-data.min.js?ver=89931f90e4df5eb5f8a3 → pending (?ms, ?B)
[2026-06-09T10:12:25.776Z] GET https://klaravex.de/wp-includes/js/dist/router.min.js?ver=0249e6724784b1c2583b → pending (?ms, ?B)
[2026-06-09T10:12:25.776Z] GET https://klaravex.de/wp-includes/js/dist/core-commands.min.js?ver=b209152e7e51279d7c28 → pending (?ms, ?B)
[2026-06-09T10:12:25.776Z] GET https://klaravex.de/wp-content/plugins/all-in-one-seo-pack/dist/Lite/assets/notifications.6a079db7.js?ver=4.9.7.2 → 200 (214ms, 693B)
[2026-06-09T10:12:25.776Z] GET https://klaravex.de/wp-content/plugins/all-in-one-seo-pack/dist/Lite/assets/app.a28e85d1.js?ver=4.9.7.2 → 200 (214ms, 516B)
[2026-06-09T10:12:25.776Z] GET https://klaravex.de/wp-includes/js/underscore.min.js?ver=1.13.8 → 200 (?ms, -368B)
[2026-06-09T10:12:25.776Z] GET https://klaravex.de/wp-includes/js/shortcode.min.js?ver=2822dee7cdddd55f5eda9f8d36149e71 → pending (?ms, ?B)
[2026-06-09T10:12:25.777Z] GET https://klaravex.de/wp-includes/js/backbone.min.js?ver=1.6.1 → pending (?ms, ?B)
[2026-06-09T10:12:25.777Z] GET https://klaravex.de/wp-includes/js/wp-util.min.js?ver=2822dee7cdddd55f5eda9f8d36149e71 → 200 (?ms, -366B)
[2026-06-09T10:12:25.777Z] GET https://klaravex.de/wp-includes/js/wp-backbone.min.js?ver=2822dee7cdddd55f5eda9f8d36149e71 → pending (?ms, ?B)
[2026-06-09T10:12:25.777Z] GET https://klaravex.de/wp-includes/js/media-models.min.js?ver=2822dee7cdddd55f5eda9f8d36149e71 → pending (?ms, ?B)
[2026-06-09T10:12:25.777Z] GET https://klaravex.de/wp-includes/js/plupload/wp-plupload.min.js?ver=2822dee7cdddd55f5eda9f8d36149e71 → pending (?ms, ?B)
[2026-06-09T10:12:25.777Z] GET https://klaravex.de/wp-includes/js/jquery/ui/core.min.js?ver=1.13.3 → pending (?ms, ?B)
[2026-06-09T10:12:25.777Z] GET https://klaravex.de/wp-includes/js/jquery/ui/mouse.min.js?ver=1.13.3 → pending (?ms, ?B)
[2026-06-09T10:12:25.777Z] GET https://klaravex.de/wp-includes/js/jquery/ui/sortable.min.js?ver=1.13.3 → pending (?ms, ?B)
[2026-06-09T10:12:25.777Z] GET https://klaravex.de/wp-includes/js/mediaelement/mediaelement-and-player.min.js?ver=4.2.17 → pending (?ms, ?B)
[2026-06-09T10:12:25.777Z] GET https://klaravex.de/wp-includes/js/mediaelement/mediaelement-migrate.min.js?ver=2822dee7cdddd55f5eda9f8d36149e71 → pending (?ms, ?B)
[2026-06-09T10:12:25.777Z] GET https://klaravex.de/wp-includes/js/mediaelement/wp-mediaelement.min.js?ver=2822dee7cdddd55f5eda9f8d36149e71 → pending (?ms, ?B)
[2026-06-09T10:12:25.777Z] GET https://klaravex.de/wp-includes/js/api-request.min.js?ver=2822dee7cdddd55f5eda9f8d36149e71 → pending (?ms, ?B)
[2026-06-09T10:12:25.777Z] GET https://klaravex.de/wp-includes/js/clipboard.min.js?ver=2.0.11 → 200 (?ms, -368B)
[2026-06-09T10:12:25.777Z] GET https://klaravex.de/wp-includes/js/media-views.min.js?ver=2822dee7cdddd55f5eda9f8d36149e71 → pending (?ms, ?B)
[2026-06-09T10:12:25.777Z] GET https://klaravex.de/wp-includes/js/media-editor.min.js?ver=2822dee7cdddd55f5eda9f8d36149e71 → pending (?ms, ?B)
[2026-06-09T10:12:25.777Z] GET https://klaravex.de/wp-includes/js/media-audiovideo.min.js?ver=2822dee7cdddd55f5eda9f8d36149e71 → pending (?ms, ?B)
[2026-06-09T10:12:25.777Z] GET https://klaravex.de/wp-includes/js/mce-view.min.js?ver=2822dee7cdddd55f5eda9f8d36149e71 → pending (?ms, ?B)
[2026-06-09T10:12:25.777Z] GET https://klaravex.de/wp-includes/js/imgareaselect/jquery.imgareaselect.min.js?ver=2822dee7cdddd55f5eda9f8d36149e71 → pending (?ms, ?B)
[2026-06-09T10:12:25.777Z] GET https://klaravex.de/wp-admin/js/image-edit.min.js?ver=7.0 → pending (?ms, ?B)
[2026-06-09T10:12:25.777Z] GET https://klaravex.de/wp-content/plugins/extendify/public/build/extendify-vendors-255bc3d8f7c3e44bb191.js?ver=3.0.6 → pending (?ms, ?B)
[2026-06-09T10:12:25.777Z] GET https://klaravex.de/wp-content/plugins/extendify/public/build/extendify-common-3d1170346702178d0a92.js?ver=3.0.6 → pending (?ms, ?B)
[2026-06-09T10:12:25.777Z] GET https://klaravex.de/wp-content/plugins/extendify/public/build/extendify-runtime-738467d8d280a3334dc0.js?ver=bdf162508cbe90e9c1e6 → pending (?ms, ?B)
[2026-06-09T10:12:25.777Z] GET https://klaravex.de/wp-content/plugins/extendify/public/build/extendify-shared-ab4d850930db8cf9e219.js?ver=f9e9c4be5efcc475ce1f → pending (?ms, ?B)
[2026-06-09T10:12:25.777Z] GET https://klaravex.de/wp-includes/js/dist/media-utils.min.js?ver=85f1375ab5f23cd5d13c → pending (?ms, ?B)
[2026-06-09T10:12:25.777Z] GET https://klaravex.de/wp-content/plugins/extendify/public/build/extendify-assist-page-c4de054ee73a0ae1b22b.js?ver=361d398a9af97faa547c → pending (?ms, ?B)
[2026-06-09T10:12:25.777Z] GET https://klaravex.de/wp-includes/js/dist/plugins.min.js?ver=72e3cf01c2b3535a9432 → pending (?ms, ?B)
[2026-06-09T10:12:25.777Z] GET https://klaravex.de/wp-content/plugins/extendify/public/build/extendify-help-center-079e40452a8cd0a1b4a2.js?ver=74399db1c003f05f0508 → pending (?ms, ?B)
[2026-06-09T10:12:25.777Z] GET https://klaravex.de/wp-content/plugins/google-analytics-for-wordpress/assets/js/admin-common.min.js?ver=10.2.2 → pending (?ms, ?B)
[2026-06-09T10:12:25.778Z] GET https://klaravex.de/wp-content/plugins/google-analytics-for-wordpress/assets/js/admin-setup-wizard.js?ver=10.2.2 → pending (?ms, ?B)
[2026-06-09T10:12:25.778Z] GET https://klaravex.de/wp-content/plugins/google-analytics-for-wordpress/assets/js/admin-metabox-sitenotes.js?ver=10.2.2 → pending (?ms, ?B)
[2026-06-09T10:12:25.778Z] GET https://klaravex.de/wp-content/plugins/duplicator/assets/js/global-admin-script.js?ver=1.5.16.1 → pending (?ms, ?B)
[2026-06-09T10:12:25.778Z] GET https://klaravex.de/wp-content/plugins/duplicator/assets/js/one-click-upgrade.js?ver=1.5.16.1 → pending (?ms, ?B)
[2026-06-09T10:12:25.778Z] GET https://klaravex.de/wp-content/plugins/duplicator/assets/js/dynamic-help.js?ver=1.5.16.1 → pending (?ms, ?B)
[2026-06-09T10:12:25.778Z] GET https://klaravex.de/wp-content/plugins/duplicator/assets/js/duplicator-tooltip.js?ver=1.5.16.1 → pending (?ms, ?B)
[2026-06-09T10:12:25.778Z] GET https://klaravex.de/wp-content/plugins/wp-fastest-cache/js/column.js?ver=1780999945 → pending (?ms, ?B)
[2026-06-09T10:12:25.778Z] GET https://klaravex.de/wp-content/plugins/wp-fastest-cache/js/toolbar.js?ver=1780999945 → pending (?ms, ?B)
[2026-06-09T10:12:25.778Z] GET https://klaravex.de/wp-content/plugins/google-analytics-for-wordpress/lite/assets/admin-bar/index.js?ver=9456bd1f8aae1e62dea8 → pending (?ms, ?B)
[2026-06-09T10:12:25.778Z] GET https://klaravex.de/wp-content/plugins/all-in-one-seo-pack/dist/Lite/assets/js/vendor-vue-ui.65fbb3e9.js → pending (?ms, ?B)
[2026-06-09T10:12:25.778Z] GET https://klaravex.de/wp-content/plugins/all-in-one-seo-pack/dist/Lite/assets/js/app-core.3e3b5f4b.js → 200 (250ms, 64153B)
[2026-06-09T10:12:25.778Z] GET https://klaravex.de/wp-content/plugins/all-in-one-seo-pack/dist/Lite/assets/js/_plugin-vue_export-helper.eefbdd86.js → pending (?ms, ?B)
[2026-06-09T10:12:25.778Z] GET https://klaravex.de/wp-content/plugins/all-in-one-seo-pack/dist/Lite/assets/js/vendor-other.ac1169a2.js → pending (?ms, ?B)
[2026-06-09T10:12:25.778Z] GET https://klaravex.de/wp-content/plugins/all-in-one-seo-pack/dist/Lite/assets/js/vendor-lodash.a7229f96.js → pending (?ms, ?B)
[2026-06-09T10:12:26.027Z] GET https://klaravex.de/wp-content/plugins/code-snippets/dist/77309b6c62059751c2c4.svg → pending (?ms, ?B)
[2026-06-09T10:12:26.028Z] GET https://secure.gravatar.com/avatar/2e4335b71b495c098ec380e606ae39568aac8e9f412fb34f0815bca579644041?s=26&d=mm&r=g → 200 (107ms, 398B)
[2026-06-09T10:12:28.402Z] POST https://klaravex.de/wp-json/extendify/v1/shared/activity?_locale=user → pending (?ms, ?B)
[2026-06-09T10:12:28.402Z] POST https://klaravex.de/wp-json/extendify/v1/assist/router-data?_locale=user → pending (?ms, ?B)
[2026-06-09T10:12:28.402Z] GET https://images.extendify-cdn.com/partner-logos/azure-logo.svg → 200 (188ms, 2628B)
[2026-06-09T10:12:28.427Z] GET https://images.extendify-cdn.com/assist-tasks/penguins.webp → 200 (188ms, 72428B)
[2026-06-09T10:12:28.466Z] POST https://klaravex.de/wp-json/extendify/v1/help-center/router-data?_locale=user → pending (?ms, ?B)
[2026-06-09T10:12:28.466Z] POST https://klaravex.de/wp-admin/admin-ajax.php → pending (?ms, ?B)
[2026-06-09T10:12:30.850Z] GET https://klaravex.de/wp-admin/authorize-application.php?app_name=kb-publish-de&success_url=https://klaravex.de → pending (?ms, ?B)
[2026-06-09T10:12:31.617Z] GET https://klaravex.de/wp-content/plugins/wpforms-lite/assets/lib/font-awesome/css/all.min.css?ver=7.0.1 → 200 (3ms, -356B)
[2026-06-09T10:12:31.617Z] GET https://klaravex.de/wp-content/plugins/wpforms-lite/assets/lib/font-awesome/css/v4-shims.min.css?ver=4.7.0 → 200 (3ms, -354B)
[2026-06-09T10:12:31.617Z] GET https://klaravex.de/wp-content/plugins/wp-fastest-cache/css/style.css?ver=1780999951 → 200 (27ms, 6836B)
[2026-06-09T10:12:31.617Z] GET https://klaravex.de/wp-content/plugins/insert-headers-and-footers/build/admin-bar.css?ver=c95624a69c80301272a0 → 200 (3ms, -352B)
[2026-06-09T10:12:31.617Z] GET https://klaravex.de/wp-includes/css/dashicons.min.css?ver=2822dee7cdddd55f5eda9f8d36149e71 → 200 (?ms, -355B)
[2026-06-09T10:12:31.617Z] GET https://klaravex.de/wp-includes/css/admin-bar.min.css?ver=2822dee7cdddd55f5eda9f8d36149e71 → 200 (3ms, -354B)
[2026-06-09T10:12:31.617Z] GET https://klaravex.de/wp-admin/css/common.min.css?ver=7.0 → 200 (3ms, -355B)
[2026-06-09T10:12:31.617Z] GET https://klaravex.de/wp-admin/css/forms.min.css?ver=7.0 → 200 (1ms, -354B)
[2026-06-09T10:12:31.618Z] GET https://klaravex.de/wp-admin/css/admin-menu.min.css?ver=7.0 → 200 (3ms, -354B)
[2026-06-09T10:12:31.618Z] GET https://klaravex.de/wp-admin/css/dashboard.min.css?ver=7.0 → 200 (3ms, -354B)
[2026-06-09T10:12:31.618Z] GET https://klaravex.de/wp-admin/css/list-tables.min.css?ver=7.0 → 200 (3ms, -354B)
[2026-06-09T10:12:31.618Z] GET https://klaravex.de/wp-admin/css/edit.min.css?ver=7.0 → 200 (3ms, -354B)
[2026-06-09T10:12:31.618Z] GET https://klaravex.de/wp-admin/css/revisions.min.css?ver=7.0 → 200 (3ms, -354B)
[2026-06-09T10:12:31.618Z] GET https://klaravex.de/wp-admin/css/media.min.css?ver=7.0 → 200 (3ms, -354B)
[2026-06-09T10:12:31.618Z] GET https://klaravex.de/wp-admin/css/themes.min.css?ver=7.0 → 200 (4ms, -354B)
[2026-06-09T10:12:31.618Z] GET https://klaravex.de/wp-admin/css/about.min.css?ver=7.0 → 200 (4ms, -354B)
[2026-06-09T10:12:31.618Z] GET https://klaravex.de/wp-admin/css/nav-menus.min.css?ver=7.0 → 200 (4ms, -354B)
[2026-06-09T10:12:31.618Z] GET https://klaravex.de/wp-includes/css/wp-pointer.min.css?ver=2822dee7cdddd55f5eda9f8d36149e71 → 200 (5ms, -352B)
[2026-06-09T10:12:31.618Z] GET https://klaravex.de/wp-admin/css/widgets.min.css?ver=7.0 → 200 (5ms, -354B)
[2026-06-09T10:12:31.618Z] GET https://klaravex.de/wp-admin/css/site-icon.min.css?ver=7.0 → 200 (5ms, -353B)
[2026-06-09T10:12:31.618Z] GET https://klaravex.de/wp-admin/css/l10n.min.css?ver=7.0 → 200 (?ms, -352B)
[2026-06-09T10:12:31.618Z] GET https://klaravex.de/wp-includes/css/dist/base-styles/admin-schemes.min.css?ver=2822dee7cdddd55f5eda9f8d36149e71 → 200 (?ms, -352B)
[2026-06-09T10:12:31.618Z] GET https://klaravex.de/wp-includes/css/buttons.min.css?ver=2822dee7cdddd55f5eda9f8d36149e71 → 200 (?ms, -354B)
[2026-06-09T10:12:31.619Z] GET https://klaravex.de/wp-admin/css/colors/modern/colors.min.css?ver=7.0 → 200 (?ms, -354B)
[2026-06-09T10:12:31.619Z] GET https://klaravex.de/wp-includes/css/wp-auth-check.min.css?ver=2822dee7cdddd55f5eda9f8d36149e71 → 200 (4ms, -352B)
[2026-06-09T10:12:31.619Z] GET https://klaravex.de/wp-includes/css/dist/components/style.min.css?ver=2822dee7cdddd55f5eda9f8d36149e71 → 200 (4ms, -356B)
[2026-06-09T10:12:31.619Z] GET https://klaravex.de/wp-includes/css/dist/commands/style.min.css?ver=2822dee7cdddd55f5eda9f8d36149e71 → 200 (4ms, -353B)
[2026-06-09T10:12:31.619Z] GET https://klaravex.de/wp-content/plugins/all-in-one-seo-pack/dist/Lite/assets/css/vendor-vue-ui.dbee72c8.css?ver=4.9.7.2 → 200 (4ms, -354B)
[2026-06-09T10:12:31.619Z] GET https://klaravex.de/wp-content/plugins/all-in-one-seo-pack/dist/Lite/assets/css/notifications.2c54c60a.css?ver=4.9.7.2 → 200 (5ms, -352B)
[2026-06-09T10:12:31.619Z] GET https://klaravex.de/wp-content/plugins/all-in-one-seo-pack/dist/Lite/assets/css/app.b72a8155.css?ver=4.9.7.2 → 200 (?ms, -354B)
[2026-06-09T10:12:31.619Z] GET https://klaravex.de/wp-includes/js/mediaelement/mediaelementplayer-legacy.min.css?ver=4.2.17 → 200 (5ms, -354B)
[2026-06-09T10:12:31.619Z] GET https://klaravex.de/wp-includes/js/mediaelement/wp-mediaelement.min.css?ver=2822dee7cdddd55f5eda9f8d36149e71 → 200 (5ms, -353B)
[2026-06-09T10:12:31.619Z] GET https://klaravex.de/wp-includes/css/media-views.min.css?ver=2822dee7cdddd55f5eda9f8d36149e71 → 200 (?ms, -353B)
[2026-06-09T10:12:31.619Z] GET https://klaravex.de/wp-includes/js/imgareaselect/imgareaselect.css?ver=0.9.8 → 200 (5ms, -352B)
[2026-06-09T10:12:31.619Z] GET https://klaravex.de/wp-content/plugins/extendify/public/build/extendify-shared.css?ver=3.0.6 → 200 (5ms, -354B)
[2026-06-09T10:12:31.620Z] GET https://klaravex.de/wp-content/plugins/extendify/public/build/extendify-help-center.css?ver=3.0.6 → 200 (?ms, -353B)
[2026-06-09T10:12:31.620Z] GET https://klaravex.de/wp-content/plugins/google-analytics-for-wordpress/assets/css/admin-common.min.css?ver=10.2.2 → 200 (4ms, -352B)
[2026-06-09T10:12:31.620Z] GET https://klaravex.de/wp-content/plugins/google-analytics-for-wordpress/lite/assets/vue/css/admin.css?ver=10.2.2 → 200 (4ms, -352B)
[2026-06-09T10:12:31.620Z] GET https://klaravex.de/wp-content/plugins/google-analytics-for-wordpress/assets/css/admin-metabox-sitenotes.css?ver=10.2.2 → 200 (4ms, -352B)
[2026-06-09T10:12:31.620Z] GET https://klaravex.de/wp-content/plugins/duplicator/assets/css/global_admin_style.css?ver=1.5.16.1 → 200 (4ms, -352B)
[2026-06-09T10:12:31.620Z] GET https://klaravex.de/wp-content/plugins/wpforms-lite/assets/css/admin-bar.min.css?ver=1.10.1.1 → 200 (5ms, -352B)
[2026-06-09T10:12:31.620Z] GET https://klaravex.de/wp-content/plugins/code-snippets/dist/menu.css?ver=3.9.6 → 200 (?ms, -352B)
[2026-06-09T10:12:31.620Z] GET https://klaravex.de/wp-content/plugins/wp-fastest-cache/css/toolbar.css?ver=1780999951 → 200 (32ms, 4631B)
[2026-06-09T10:12:31.626Z] GET https://klaravex.de/wp-content/plugins/google-analytics-for-wordpress/lite/assets/admin-bar/insights.css?ver=9456bd1f8aae1e62dea8 → 200 (?ms, -353B)
[2026-06-09T10:12:31.626Z] GET https://klaravex.de/wp-includes/js/jquery/jquery.min.js?ver=3.7.1 → 200 (?ms, -370B)
[2026-06-09T10:12:31.626Z] GET https://klaravex.de/wp-includes/js/jquery/jquery-migrate.min.js?ver=3.4.1 → 200 (?ms, -368B)
[2026-06-09T10:12:31.626Z] GET https://klaravex.de/wp-includes/js/utils.min.js?ver=2822dee7cdddd55f5eda9f8d36149e71 → 200 (?ms, -366B)
[2026-06-09T10:12:31.626Z] GET https://klaravex.de/wp-includes/js/plupload/moxie.min.js?ver=1.3.5.1 → 200 (?ms, -370B)
[2026-06-09T10:12:31.626Z] GET https://klaravex.de/wp-includes/js/plupload/plupload.min.js?ver=2.1.9 → 200 (?ms, -368B)
[2026-06-09T10:12:31.644Z] GET https://klaravex.de/wp-content/plugins/wp-fastest-cache/images/icon.svg → 200 (?ms, -359B)
[2026-06-09T10:12:31.658Z] GET https://secure.gravatar.com/avatar/2e4335b71b495c098ec380e606ae39568aac8e9f412fb34f0815bca579644041?s=26&d=mm&r=g → 200 (?ms, -621B)
[2026-06-09T10:12:31.667Z] GET https://klaravex.de/wp-content/plugins/code-snippets/dist/77309b6c62059751c2c4.svg → 200 (?ms, -357B)
[2026-06-09T10:12:32.999Z] GET https://klaravex.de/wp-includes/js/hoverIntent.min.js?ver=1.10.2 → 200 (?ms, -366B)
[2026-06-09T10:12:32.999Z] GET https://klaravex.de/wp-includes/js/dist/dom-ready.min.js?ver=a06281ae5cf5500e9317 → 200 (?ms, -366B)
[2026-06-09T10:12:32.999Z] GET https://klaravex.de/wp-includes/js/dist/hooks.min.js?ver=7496969728ca0f95732d → 200 (?ms, -368B)
[2026-06-09T10:12:32.999Z] GET https://klaravex.de/wp-includes/js/dist/i18n.min.js?ver=781d11515ad3d91786ec → 200 (?ms, -368B)
[2026-06-09T10:12:32.999Z] GET https://klaravex.de/wp-includes/js/dist/a11y.min.js?ver=af934e5259bc51b8718e → 200 (?ms, -366B)
[2026-06-09T10:12:32.999Z] GET https://klaravex.de/wp-admin/js/common.min.js?ver=7.0 → 200 (1ms, -367B)
[2026-06-09T10:12:33.000Z] GET https://klaravex.de/wp-content/plugins/insert-headers-and-footers/build/admin-bar.js?ver=c95624a69c80301272a0 → 200 (?ms, -366B)
[2026-06-09T10:12:33.000Z] GET https://klaravex.de/wp-includes/js/hoverintent-js.min.js?ver=2.2.1 → 200 (?ms, -366B)
[2026-06-09T10:12:33.000Z] GET https://klaravex.de/wp-includes/js/admin-bar.min.js?ver=2822dee7cdddd55f5eda9f8d36149e71 → 200 (?ms, -367B)
[2026-06-09T10:12:33.000Z] GET https://klaravex.de/wp-includes/js/api-request.min.js?ver=2822dee7cdddd55f5eda9f8d36149e71 → 200 (?ms, -366B)
[2026-06-09T10:12:33.001Z] GET https://klaravex.de/wp-admin/js/auth-app.min.js?ver=7.0 → 200 (26ms, 951B)
[2026-06-09T10:12:33.001Z] GET https://klaravex.de/wp-admin/js/svg-painter.js?ver=7.0 → 200 (?ms, -367B)
[2026-06-09T10:12:33.001Z] GET https://klaravex.de/wp-includes/js/heartbeat.min.js?ver=2822dee7cdddd55f5eda9f8d36149e71 → 200 (?ms, -368B)
[2026-06-09T10:12:33.001Z] GET https://klaravex.de/wp-includes/js/wp-auth-check.min.js?ver=2822dee7cdddd55f5eda9f8d36149e71 → 200 (?ms, -366B)
[2026-06-09T10:12:33.001Z] GET https://klaravex.de/wp-includes/js/dist/vendor/react.min.js?ver=18.3.1.1 → 200 (?ms, -368B)
[2026-06-09T10:12:33.001Z] GET https://klaravex.de/wp-includes/js/dist/vendor/react-dom.min.js?ver=18.3.1.1 → 200 (?ms, -370B)
[2026-06-09T10:12:33.001Z] GET https://klaravex.de/wp-includes/js/dist/vendor/react-jsx-runtime.min.js?ver=18.3.1 → 200 (?ms, -366B)
[2026-06-09T10:12:33.001Z] GET https://klaravex.de/wp-includes/js/dist/deprecated.min.js?ver=990e85f234fee8f7d446 → 200 (?ms, -366B)
[2026-06-09T10:12:33.001Z] GET https://klaravex.de/wp-includes/js/dist/dom.min.js?ver=66a6cf58e0c4cd128af0 → 200 (1ms, -368B)
[2026-06-09T10:12:33.002Z] GET https://klaravex.de/wp-includes/js/dist/escape-html.min.js?ver=3f093e5cca67aa0f8b56 → 200 (?ms, -366B)
[2026-06-09T10:12:33.002Z] GET https://klaravex.de/wp-includes/js/dist/element.min.js?ver=15ba804677f72a8db97b → 200 (?ms, -367B)
[2026-06-09T10:12:33.002Z] GET https://klaravex.de/wp-includes/js/dist/is-shallow-equal.min.js?ver=5d84b9f3cb50d2ce7d04 → 200 (?ms, -366B)
[2026-06-09T10:12:33.002Z] GET https://klaravex.de/wp-includes/js/dist/keycodes.min.js?ver=aa1a141e3468afe7f852 → 200 (?ms, -367B)
[2026-06-09T10:12:33.002Z] GET https://klaravex.de/wp-includes/js/dist/priority-queue.min.js?ver=1f0e89e247bc0bd3f9b9 → 200 (?ms, -367B)
[2026-06-09T10:12:33.002Z] GET https://klaravex.de/wp-includes/js/dist/undo-manager.min.js?ver=27bb0ae036a2c9d4a1b5 → 200 (?ms, -366B)
[2026-06-09T10:12:33.002Z] GET https://klaravex.de/wp-includes/js/dist/compose.min.js?ver=edb5a8c0b5bf71686403 → 200 (?ms, -369B)
[2026-06-09T10:12:33.002Z] GET https://klaravex.de/wp-includes/js/dist/vendor/moment.min.js?ver=2.30.1 → 200 (?ms, -369B)
[2026-06-09T10:12:33.002Z] GET https://klaravex.de/wp-includes/js/dist/date.min.js?ver=c9f8e7dd3232716f34e9 → 200 (?ms, -370B)
[2026-06-09T10:12:33.003Z] GET https://klaravex.de/wp-includes/js/dist/html-entities.min.js?ver=8c6fa5b869dfeadc4af2 → 200 (?ms, -366B)
[2026-06-09T10:12:33.003Z] GET https://klaravex.de/wp-includes/js/dist/primitives.min.js?ver=a5c905ec27bcd76ef287 → 200 (?ms, -366B)
[2026-06-09T10:12:33.003Z] GET https://klaravex.de/wp-includes/js/dist/private-apis.min.js?ver=835912f0086b9e59aed4 → 200 (?ms, -366B)
[2026-06-09T10:12:33.003Z] GET https://klaravex.de/wp-includes/js/dist/redux-routine.min.js?ver=64f9f5001aabc046c605 → 200 (?ms, -368B)
[2026-06-09T10:12:33.003Z] GET https://klaravex.de/wp-includes/js/dist/data.min.js?ver=1756b6a2676c1b3369ab → 200 (?ms, -368B)
[2026-06-09T10:12:33.003Z] GET https://klaravex.de/wp-includes/js/dist/rich-text.min.js?ver=16449e6108f48327f368 → 200 (?ms, -369B)
[2026-06-09T10:12:33.003Z] GET https://klaravex.de/wp-includes/js/dist/warning.min.js?ver=36fdbdc984d93aee8a97 → 200 (?ms, -366B)
[2026-06-09T10:12:33.003Z] GET https://klaravex.de/wp-includes/js/dist/components.min.js?ver=5dedfe13f08880193a28 → 200 (?ms, -371B)
[2026-06-09T10:12:33.003Z] GET https://klaravex.de/wp-includes/js/dist/keyboard-shortcuts.min.js?ver=2ed78d3b4c23f38804e0 → 200 (1ms, -367B)
[2026-06-09T10:12:33.004Z] GET https://klaravex.de/wp-includes/js/dist/commands.min.js?ver=e3d8bba53f4ffea4fcd2 → 200 (?ms, -369B)
[2026-06-09T10:12:33.004Z] GET https://klaravex.de/wp-includes/js/dist/url.min.js?ver=bb0f766c3d2efe497871 → 200 (?ms, -368B)
[2026-06-09T10:12:33.004Z] GET https://klaravex.de/wp-includes/js/dist/api-fetch.min.js?ver=d7efe4dc1468d36c39b8 → 200 (?ms, -368B)
[2026-06-09T10:12:33.004Z] GET https://klaravex.de/wp-includes/js/dist/blob.min.js?ver=198af75fe06d924090d8 → 200 (?ms, -365B)
[2026-06-09T10:12:33.004Z] GET https://klaravex.de/wp-includes/js/dist/block-serialization-default-parser.min.js?ver=bff55bd3f1ce9df0c99c → 200 (?ms, -366B)
[2026-06-09T10:12:33.004Z] GET https://klaravex.de/wp-includes/js/dist/autop.min.js?ver=9d0d0901b46f0a9027c9 → 200 (?ms, -368B)
[2026-06-09T10:12:33.004Z] GET https://klaravex.de/wp-includes/js/dist/shortcode.min.js?ver=11742fe18cc215d3d5ab → 200 (?ms, -365B)
[2026-06-09T10:12:33.004Z] GET https://klaravex.de/wp-includes/js/dist/blocks.min.js?ver=ef38e42500165bfda301 → 200 (2ms, -370B)
[2026-06-09T10:12:33.006Z] GET https://klaravex.de/wp-includes/js/dist/notices.min.js?ver=218d0173a31ae7269246 → 200 (?ms, -368B)
[2026-06-09T10:12:33.006Z] GET https://klaravex.de/wp-includes/js/dist/preferences-persistence.min.js?ver=e8033be98338d1861bca → 200 (1ms, -368B)
[2026-06-09T10:12:33.008Z] GET https://klaravex.de/wp-includes/js/dist/preferences.min.js?ver=035813168e404aa30193 → 200 (?ms, -368B)
[2026-06-09T10:12:33.008Z] GET https://klaravex.de/wp-includes/js/dist/style-engine.min.js?ver=faa37ce61b7ec8394b2a → 200 (?ms, -368B)
[2026-06-09T10:12:33.008Z] GET https://klaravex.de/wp-includes/js/dist/theme.min.js?ver=e22ce547a4420507b323 → 200 (?ms, -369B)
[2026-06-09T10:12:33.008Z] GET https://klaravex.de/wp-includes/js/dist/token-list.min.js?ver=16f0aebdd39d87c2a84b → 200 (?ms, -366B)
[2026-06-09T10:12:33.008Z] GET https://klaravex.de/wp-includes/js/dist/upload-media.min.js?ver=d359c2cccf866d7082d2 → 200 (?ms, -368B)
[2026-06-09T10:12:33.008Z] GET https://klaravex.de/wp-includes/js/dist/block-editor.min.js?ver=93c3566b7f24c15b7e17 → 200 (?ms, -348B)
[2026-06-09T10:12:33.009Z] GET https://klaravex.de/wp-includes/js/dist/core-data.min.js?ver=89931f90e4df5eb5f8a3 → 200 (?ms, -370B)
[2026-06-09T10:12:33.009Z] GET https://klaravex.de/wp-includes/js/dist/router.min.js?ver=0249e6724784b1c2583b → 200 (?ms, -368B)
[2026-06-09T10:12:33.009Z] GET https://klaravex.de/wp-includes/js/dist/core-commands.min.js?ver=b209152e7e51279d7c28 → 200 (?ms, -368B)
[2026-06-09T10:12:33.009Z] GET https://klaravex.de/wp-content/plugins/all-in-one-seo-pack/dist/Lite/assets/notifications.6a079db7.js?ver=4.9.7.2 → 200 (1ms, -366B)
[2026-06-09T10:12:33.010Z] GET https://klaravex.de/wp-content/plugins/all-in-one-seo-pack/dist/Lite/assets/app.a28e85d1.js?ver=4.9.7.2 → 200 (?ms, -366B)
[2026-06-09T10:12:33.010Z] GET https://klaravex.de/wp-includes/js/underscore.min.js?ver=1.13.8 → 200 (?ms, -368B)
[2026-06-09T10:12:33.010Z] GET https://klaravex.de/wp-includes/js/shortcode.min.js?ver=2822dee7cdddd55f5eda9f8d36149e71 → 200 (?ms, -367B)
[2026-06-09T10:12:33.010Z] GET https://klaravex.de/wp-includes/js/backbone.min.js?ver=1.6.1 → 200 (?ms, -368B)
[2026-06-09T10:12:33.010Z] GET https://klaravex.de/wp-includes/js/wp-util.min.js?ver=2822dee7cdddd55f5eda9f8d36149e71 → 200 (?ms, -366B)
[2026-06-09T10:12:33.010Z] GET https://klaravex.de/wp-includes/js/wp-backbone.min.js?ver=2822dee7cdddd55f5eda9f8d36149e71 → 200 (1ms, -367B)
[2026-06-09T10:12:33.011Z] GET https://klaravex.de/wp-includes/js/media-models.min.js?ver=2822dee7cdddd55f5eda9f8d36149e71 → 200 (?ms, -368B)
[2026-06-09T10:12:33.011Z] GET https://klaravex.de/wp-includes/js/plupload/wp-plupload.min.js?ver=2822dee7cdddd55f5eda9f8d36149e71 → 200 (?ms, -368B)
[2026-06-09T10:12:33.011Z] GET https://klaravex.de/wp-includes/js/jquery/ui/core.min.js?ver=1.13.3 → 200 (?ms, -368B)
[2026-06-09T10:12:33.011Z] GET https://klaravex.de/wp-includes/js/jquery/ui/mouse.min.js?ver=1.13.3 → 200 (?ms, -367B)
[2026-06-09T10:12:33.011Z] GET https://klaravex.de/wp-includes/js/jquery/ui/sortable.min.js?ver=1.13.3 → 200 (?ms, -368B)
[2026-06-09T10:12:33.011Z] GET https://klaravex.de/wp-includes/js/mediaelement/mediaelement-and-player.min.js?ver=4.2.17 → 200 (1ms, -370B)
[2026-06-09T10:12:33.012Z] GET https://klaravex.de/wp-includes/js/mediaelement/mediaelement-migrate.min.js?ver=2822dee7cdddd55f5eda9f8d36149e71 → 200 (?ms, -366B)
[2026-06-09T10:12:33.012Z] GET https://klaravex.de/wp-includes/js/mediaelement/wp-mediaelement.min.js?ver=2822dee7cdddd55f5eda9f8d36149e71 → 200 (?ms, -366B)
[2026-06-09T10:12:33.012Z] GET https://klaravex.de/wp-includes/js/clipboard.min.js?ver=2.0.11 → 200 (?ms, -368B)
[2026-06-09T10:12:33.012Z] GET https://klaravex.de/wp-includes/js/media-views.min.js?ver=2822dee7cdddd55f5eda9f8d36149e71 → 200 (?ms, -370B)
[2026-06-09T10:12:33.012Z] GET https://klaravex.de/wp-includes/js/media-editor.min.js?ver=2822dee7cdddd55f5eda9f8d36149e71 → 200 (?ms, -368B)
[2026-06-09T10:12:33.012Z] GET https://klaravex.de/wp-includes/js/media-audiovideo.min.js?ver=2822dee7cdddd55f5eda9f8d36149e71 → 200 (?ms, -367B)
[2026-06-09T10:12:33.012Z] GET https://klaravex.de/wp-includes/js/mce-view.min.js?ver=2822dee7cdddd55f5eda9f8d36149e71 → 200 (?ms, -368B)
[2026-06-09T10:12:33.012Z] GET https://klaravex.de/wp-includes/js/imgareaselect/jquery.imgareaselect.min.js?ver=2822dee7cdddd55f5eda9f8d36149e71 → 200 (1ms, -368B)
[2026-06-09T10:12:33.013Z] GET https://klaravex.de/wp-admin/js/image-edit.min.js?ver=7.0 → 200 (?ms, -368B)
[2026-06-09T10:12:33.013Z] GET https://klaravex.de/wp-content/plugins/extendify/public/build/extendify-vendors-255bc3d8f7c3e44bb191.js?ver=3.0.6 → 200 (?ms, -371B)
[2026-06-09T10:12:33.013Z] GET https://klaravex.de/wp-content/plugins/extendify/public/build/extendify-common-3d1170346702178d0a92.js?ver=3.0.6 → 200 (?ms, -370B)
[2026-06-09T10:12:33.013Z] GET https://klaravex.de/wp-content/plugins/extendify/public/build/extendify-runtime-738467d8d280a3334dc0.js?ver=bdf162508cbe90e9c1e6 → 200 (?ms, -366B)
[2026-06-09T10:12:33.013Z] GET https://klaravex.de/wp-content/plugins/extendify/public/build/extendify-shared-ab4d850930db8cf9e219.js?ver=f9e9c4be5efcc475ce1f → 200 (?ms, -367B)
[2026-06-09T10:12:33.013Z] GET https://klaravex.de/wp-includes/js/dist/plugins.min.js?ver=72e3cf01c2b3535a9432 → 200 (?ms, -368B)
[2026-06-09T10:12:33.013Z] GET https://klaravex.de/wp-content/plugins/extendify/public/build/extendify-help-center-079e40452a8cd0a1b4a2.js?ver=74399db1c003f05f0508 → 200 (?ms, -370B)
[2026-06-09T10:12:33.014Z] GET https://klaravex.de/wp-content/plugins/google-analytics-for-wordpress/assets/js/admin-common.min.js?ver=10.2.2 → 200 (?ms, -366B)
[2026-06-09T10:12:33.014Z] GET https://klaravex.de/wp-content/plugins/google-analytics-for-wordpress/assets/js/admin-setup-wizard.js?ver=10.2.2 → 200 (?ms, -366B)
[2026-06-09T10:12:33.014Z] GET https://klaravex.de/wp-content/plugins/google-analytics-for-wordpress/assets/js/admin-metabox-sitenotes.js?ver=10.2.2 → 200 (?ms, -365B)
[2026-06-09T10:12:33.018Z] GET https://klaravex.de/wp-content/plugins/duplicator/assets/js/global-admin-script.js?ver=1.5.16.1 → 200 (?ms, -367B)
[2026-06-09T10:12:33.018Z] GET https://klaravex.de/wp-content/plugins/duplicator/assets/js/one-click-upgrade.js?ver=1.5.16.1 → 200 (?ms, -365B)
[2026-06-09T10:12:33.018Z] GET https://klaravex.de/wp-content/plugins/duplicator/assets/js/dynamic-help.js?ver=1.5.16.1 → 200 (?ms, -366B)
[2026-06-09T10:12:33.018Z] GET https://klaravex.de/wp-content/plugins/duplicator/assets/js/duplicator-tooltip.js?ver=1.5.16.1 → 200 (?ms, -368B)
[2026-06-09T10:12:33.018Z] GET https://klaravex.de/wp-content/plugins/wp-fastest-cache/js/column.js?ver=1780999951 → 200 (33ms, 486B)
[2026-06-09T10:12:33.018Z] GET https://klaravex.de/wp-content/plugins/wp-fastest-cache/js/toolbar.js?ver=1780999951 → 200 (33ms, 1051B)
[2026-06-09T10:12:33.019Z] GET https://klaravex.de/wp-content/plugins/google-analytics-for-wordpress/lite/assets/admin-bar/index.js?ver=9456bd1f8aae1e62dea8 → 200 (?ms, -368B)
[2026-06-09T10:12:33.019Z] GET https://klaravex.de/wp-content/plugins/insert-headers-and-footers/build/notices.js?ver=2.3.6 → 200 (32ms, 367B)
[2026-06-09T10:12:33.019Z] GET https://klaravex.de/wp-content/plugins/wpforms-lite/assets/js/admin/notices.min.js?ver=1.10.1.1 → 200 (32ms, 347B)
[2026-06-09T10:12:33.024Z] GET https://klaravex.de/wp-content/plugins/all-in-one-seo-pack/dist/Lite/assets/js/vendor-vue-ui.65fbb3e9.js → 200 (?ms, -370B)
[2026-06-09T10:12:33.024Z] GET https://klaravex.de/wp-content/plugins/all-in-one-seo-pack/dist/Lite/assets/js/app-core.3e3b5f4b.js → 200 (?ms, -370B)
[2026-06-09T10:12:33.024Z] GET https://klaravex.de/wp-content/plugins/all-in-one-seo-pack/dist/Lite/assets/js/_plugin-vue_export-helper.eefbdd86.js → 200 (?ms, -319B)
[2026-06-09T10:12:33.024Z] GET https://klaravex.de/wp-content/plugins/all-in-one-seo-pack/dist/Lite/assets/js/vendor-other.ac1169a2.js → 200 (?ms, -371B)
[2026-06-09T10:12:33.024Z] GET https://klaravex.de/wp-content/plugins/all-in-one-seo-pack/dist/Lite/assets/js/vendor-lodash.a7229f96.js → 200 (?ms, -370B)
[2026-06-09T10:12:33.147Z] GET https://images.extendify-cdn.com/partner-logos/azure-logo.svg → 200 (?ms, -611B)
[2026-06-09T10:12:33.147Z] POST https://klaravex.de/wp-admin/admin-ajax.php → pending (?ms, ?B)
[2026-06-09T10:12:36.288Z] POST https://klaravex.de/wp-json/wp/v2/users/me/application-passwords?_locale=user → 201 (708ms, 540B)
[2026-06-09T10:12:36.997Z] GET https://klaravex.de/?site_url=https%3A%2F%2Fklaravex.de&user_login=astewarttcml_oi93saoy&password=x8XR%20zIai%20gD2l%209fXH%20Ebl1%20tIBu → pending (?ms, ?B)
[2026-06-09T10:12:37.733Z] GET https://fonts.googleapis.com/css2?family=Syne:wght@700;800&family=Inter:wght@400;500;600&display=swap → 200 (16ms, -698B)
[2026-06-09T10:12:37.733Z] GET https://unpkg.com/@phosphor-icons/web@2.1.1/src/index.js → 200 (16ms, -764B)
[2026-06-09T10:12:37.733Z] GET https://klaravex.de/wp-includes/css/buttons.min.css?ver=2822dee7cdddd55f5eda9f8d36149e71 → 200 (?ms, -354B)
[2026-06-09T10:12:37.733Z] GET https://klaravex.de/wp-includes/css/dashicons.min.css?ver=2822dee7cdddd55f5eda9f8d36149e71 → 200 (?ms, -355B)
[2026-06-09T10:12:37.734Z] GET https://klaravex.de/wp-includes/js/mediaelement/mediaelementplayer-legacy.min.css?ver=4.2.17 → 200 (?ms, -354B)
[2026-06-09T10:12:37.734Z] GET https://klaravex.de/wp-includes/js/mediaelement/wp-mediaelement.min.css?ver=2822dee7cdddd55f5eda9f8d36149e71 → 200 (?ms, -353B)
[2026-06-09T10:12:37.734Z] GET https://klaravex.de/wp-includes/css/media-views.min.css?ver=2822dee7cdddd55f5eda9f8d36149e71 → 200 (?ms, -353B)
[2026-06-09T10:12:37.734Z] GET https://klaravex.de/wp-includes/js/imgareaselect/imgareaselect.css?ver=0.9.8 → 200 (?ms, -352B)
[2026-06-09T10:12:37.735Z] GET https://klaravex.de/wp-includes/css/dist/components/style.min.css?ver=2822dee7cdddd55f5eda9f8d36149e71 → 200 (?ms, -356B)
[2026-06-09T10:12:37.736Z] GET https://klaravex.de/wp-content/plugins/extendify/public/build/extendify-shared.css?ver=3.0.6 → 200 (?ms, -354B)
[2026-06-09T10:12:37.736Z] GET https://klaravex.de/wp-content/plugins/google-analytics-for-wordpress/lite/assets/admin-bar/insights.css?ver=9456bd1f8aae1e62dea8 → 200 (?ms, -353B)
[2026-06-09T10:12:37.736Z] GET https://klaravex.de/wp-content/themes/kadence/assets/css/global.min.css?ver=1.5.0 → 200 (30ms, 5128B)
[2026-06-09T10:12:37.736Z] GET https://klaravex.de/wp-content/themes/kadence/assets/css/header.min.css?ver=1.5.0 → 200 (31ms, 4294B)
[2026-06-09T10:12:37.736Z] GET https://klaravex.de/wp-content/themes/kadence/assets/css/content.min.css?ver=1.5.0 → 200 (32ms, 5871B)
[2026-06-09T10:12:37.736Z] GET https://klaravex.de/wp-content/themes/kadence/assets/css/footer.min.css?ver=1.5.0 → 200 (32ms, 1729B)
[2026-06-09T10:12:37.736Z] GET https://klaravex.de/wp-content/plugins/cookie-law-info/lite/frontend/js/script.min.js?ver=3.5.1 → 200 (13ms, -368B)
[2026-06-09T10:12:37.736Z] GET https://klaravex.de/wp-includes/js/utils.min.js?ver=2822dee7cdddd55f5eda9f8d36149e71 → 200 (?ms, -366B)
[2026-06-09T10:12:37.737Z] GET https://klaravex.de/wp-includes/js/jquery/jquery.min.js?ver=3.7.1 → 200 (?ms, -370B)
[2026-06-09T10:12:37.737Z] GET https://klaravex.de/wp-includes/js/jquery/jquery-migrate.min.js?ver=3.4.1 → 200 (?ms, -368B)
[2026-06-09T10:12:37.737Z] GET https://klaravex.de/wp-includes/js/plupload/moxie.min.js?ver=1.3.5.1 → 200 (?ms, -370B)
[2026-06-09T10:12:37.737Z] GET https://klaravex.de/wp-includes/js/plupload/plupload.min.js?ver=2.1.9 → 200 (?ms, -368B)
[2026-06-09T10:12:37.737Z] GET https://fonts.googleapis.com/css2?family=Syne:wght@600;700;800&family=Inter:wght@400;500;600;700&display=swap → 200 (12ms, -698B)
[2026-06-09T10:12:37.737Z] GET https://klaravex.de/wp-includes/js/underscore.min.js?ver=1.13.8 → 200 (?ms, -368B)
[2026-06-09T10:12:37.737Z] GET https://klaravex.de/wp-includes/js/shortcode.min.js?ver=2822dee7cdddd55f5eda9f8d36149e71 → 200 (?ms, -367B)
[2026-06-09T10:12:37.737Z] GET https://klaravex.de/wp-includes/js/backbone.min.js?ver=1.6.1 → 200 (?ms, -368B)
[2026-06-09T10:12:37.737Z] GET https://klaravex.de/wp-includes/js/wp-util.min.js?ver=2822dee7cdddd55f5eda9f8d36149e71 → 200 (1ms, -366B)
[2026-06-09T10:12:37.738Z] GET https://klaravex.de/wp-includes/js/wp-backbone.min.js?ver=2822dee7cdddd55f5eda9f8d36149e71 → 200 (?ms, -367B)
[2026-06-09T10:12:37.738Z] GET https://klaravex.de/wp-includes/js/media-models.min.js?ver=2822dee7cdddd55f5eda9f8d36149e71 → 200 (?ms, -368B)
[2026-06-09T10:12:37.738Z] GET https://klaravex.de/wp-includes/js/plupload/wp-plupload.min.js?ver=2822dee7cdddd55f5eda9f8d36149e71 → 200 (?ms, -368B)
[2026-06-09T10:12:37.738Z] GET https://klaravex.de/wp-includes/js/jquery/ui/core.min.js?ver=1.13.3 → 200 (?ms, -368B)
[2026-06-09T10:12:37.738Z] GET https://klaravex.de/wp-includes/js/jquery/ui/mouse.min.js?ver=1.13.3 → 200 (?ms, -367B)
[2026-06-09T10:12:37.738Z] GET https://klaravex.de/wp-includes/js/jquery/ui/sortable.min.js?ver=1.13.3 → 200 (?ms, -368B)
[2026-06-09T10:12:37.738Z] GET https://klaravex.de/wp-includes/js/mediaelement/mediaelement-and-player.min.js?ver=4.2.17 → 200 (?ms, -370B)
[2026-06-09T10:12:37.738Z] GET https://klaravex.de/wp-includes/js/mediaelement/mediaelement-migrate.min.js?ver=2822dee7cdddd55f5eda9f8d36149e71 → 200 (1ms, -366B)
[2026-06-09T10:12:37.739Z] GET https://klaravex.de/wp-includes/js/mediaelement/wp-mediaelement.min.js?ver=2822dee7cdddd55f5eda9f8d36149e71 → 200 (?ms, -366B)
[2026-06-09T10:12:37.739Z] GET https://klaravex.de/wp-includes/js/api-request.min.js?ver=2822dee7cdddd55f5eda9f8d36149e71 → 200 (?ms, -366B)
[2026-06-09T10:12:37.739Z] GET https://klaravex.de/wp-includes/js/dist/dom-ready.min.js?ver=a06281ae5cf5500e9317 → 200 (?ms, -366B)
[2026-06-09T10:12:37.739Z] GET https://klaravex.de/wp-includes/js/dist/hooks.min.js?ver=7496969728ca0f95732d → 200 (?ms, -368B)
[2026-06-09T10:12:37.739Z] GET https://klaravex.de/wp-includes/js/dist/i18n.min.js?ver=781d11515ad3d91786ec → 200 (?ms, -368B)
[2026-06-09T10:12:37.740Z] GET https://klaravex.de/wp-includes/js/dist/a11y.min.js?ver=af934e5259bc51b8718e → 200 (1ms, -366B)
[2026-06-09T10:12:37.743Z] GET https://klaravex.de/wp-includes/js/clipboard.min.js?ver=2.0.11 → 200 (?ms, -368B)
[2026-06-09T10:12:37.743Z] GET https://klaravex.de/wp-includes/js/media-views.min.js?ver=2822dee7cdddd55f5eda9f8d36149e71 → 200 (1ms, -370B)
[2026-06-09T10:12:37.744Z] GET https://klaravex.de/wp-includes/js/media-editor.min.js?ver=2822dee7cdddd55f5eda9f8d36149e71 → 200 (?ms, -368B)
[2026-06-09T10:12:37.744Z] GET https://klaravex.de/wp-includes/js/media-audiovideo.min.js?ver=2822dee7cdddd55f5eda9f8d36149e71 → 200 (?ms, -367B)
[2026-06-09T10:12:37.744Z] GET https://klaravex.de/wp-content/plugins/extendify/public/build/extendify-vendors-255bc3d8f7c3e44bb191.js?ver=3.0.6 → 200 (?ms, -371B)
[2026-06-09T10:12:37.744Z] GET https://klaravex.de/wp-content/plugins/extendify/public/build/extendify-common-3d1170346702178d0a92.js?ver=3.0.6 → 200 (?ms, -370B)
[2026-06-09T10:12:37.744Z] GET https://klaravex.de/wp-content/plugins/extendify/public/build/extendify-runtime-738467d8d280a3334dc0.js?ver=bdf162508cbe90e9c1e6 → 200 (?ms, -366B)
[2026-06-09T10:12:37.744Z] GET https://klaravex.de/wp-includes/js/dist/vendor/react.min.js?ver=18.3.1.1 → 200 (1ms, -368B)
[2026-06-09T10:12:37.745Z] GET https://klaravex.de/wp-includes/js/dist/vendor/react-dom.min.js?ver=18.3.1.1 → 200 (?ms, -370B)
[2026-06-09T10:12:37.745Z] GET https://klaravex.de/wp-includes/js/dist/vendor/react-jsx-runtime.min.js?ver=18.3.1 → 200 (?ms, -366B)
[2026-06-09T10:12:37.745Z] GET https://klaravex.de/wp-includes/js/dist/url.min.js?ver=bb0f766c3d2efe497871 → 200 (?ms, -368B)
[2026-06-09T10:12:37.745Z] GET https://klaravex.de/wp-includes/js/dist/api-fetch.min.js?ver=d7efe4dc1468d36c39b8 → 200 (?ms, -368B)
[2026-06-09T10:12:37.745Z] GET https://klaravex.de/wp-includes/js/dist/deprecated.min.js?ver=990e85f234fee8f7d446 → 200 (?ms, -366B)
[2026-06-09T10:12:37.745Z] GET https://klaravex.de/wp-includes/js/dist/dom.min.js?ver=66a6cf58e0c4cd128af0 → 200 (1ms, -368B)
[2026-06-09T10:12:37.746Z] GET https://klaravex.de/wp-includes/js/dist/escape-html.min.js?ver=3f093e5cca67aa0f8b56 → 200 (?ms, -366B)
[2026-06-09T10:12:37.746Z] GET https://klaravex.de/wp-includes/js/dist/element.min.js?ver=15ba804677f72a8db97b → 200 (?ms, -367B)
[2026-06-09T10:12:37.746Z] GET https://klaravex.de/wp-includes/js/dist/is-shallow-equal.min.js?ver=5d84b9f3cb50d2ce7d04 → 200 (?ms, -366B)
[2026-06-09T10:12:37.746Z] GET https://klaravex.de/wp-includes/js/dist/keycodes.min.js?ver=aa1a141e3468afe7f852 → 200 (?ms, -367B)
[2026-06-09T10:12:37.746Z] GET https://klaravex.de/wp-includes/js/dist/priority-queue.min.js?ver=1f0e89e247bc0bd3f9b9 → 200 (?ms, -367B)
[2026-06-09T10:12:37.746Z] GET https://klaravex.de/wp-includes/js/dist/undo-manager.min.js?ver=27bb0ae036a2c9d4a1b5 → 200 (?ms, -366B)
[2026-06-09T10:12:37.747Z] GET https://klaravex.de/wp-includes/js/dist/compose.min.js?ver=edb5a8c0b5bf71686403 → 200 (?ms, -369B)
[2026-06-09T10:12:37.747Z] GET https://klaravex.de/wp-includes/js/dist/vendor/moment.min.js?ver=2.30.1 → 200 (?ms, -369B)
[2026-06-09T10:12:37.747Z] GET https://klaravex.de/wp-includes/js/dist/date.min.js?ver=c9f8e7dd3232716f34e9 → 200 (?ms, -370B)
[2026-06-09T10:12:37.747Z] GET https://klaravex.de/wp-includes/js/dist/html-entities.min.js?ver=8c6fa5b869dfeadc4af2 → 200 (?ms, -366B)
[2026-06-09T10:12:37.747Z] GET https://klaravex.de/wp-includes/js/dist/primitives.min.js?ver=a5c905ec27bcd76ef287 → 200 (?ms, -366B)
[2026-06-09T10:12:37.747Z] GET https://klaravex.de/wp-includes/js/dist/private-apis.min.js?ver=835912f0086b9e59aed4 → 200 (1ms, -366B)
[2026-06-09T10:12:37.748Z] GET https://klaravex.de/wp-includes/js/dist/redux-routine.min.js?ver=64f9f5001aabc046c605 → 200 (?ms, -368B)
[2026-06-09T10:12:37.748Z] GET https://klaravex.de/wp-includes/js/dist/data.min.js?ver=1756b6a2676c1b3369ab → 200 (?ms, -368B)
[2026-06-09T10:12:37.748Z] GET https://klaravex.de/wp-includes/js/dist/rich-text.min.js?ver=16449e6108f48327f368 → 200 (?ms, -369B)
[2026-06-09T10:12:37.748Z] GET https://klaravex.de/wp-includes/js/dist/warning.min.js?ver=36fdbdc984d93aee8a97 → 200 (?ms, -366B)
[2026-06-09T10:12:37.748Z] GET https://klaravex.de/wp-includes/js/dist/components.min.js?ver=5dedfe13f08880193a28 → 200 (?ms, -371B)
[2026-06-09T10:12:37.748Z] GET https://klaravex.de/wp-content/plugins/extendify/public/build/extendify-shared-ab4d850930db8cf9e219.js?ver=f9e9c4be5efcc475ce1f → 200 (1ms, -367B)
[2026-06-09T10:12:37.749Z] GET https://klaravex.de/wp-content/themes/kadence/assets/js/navigation.min.js?ver=1.5.0 → 200 (19ms, -546B)
[2026-06-09T10:12:37.749Z] GET https://klaravex.de/wp-content/plugins/google-site-kit/dist/assets/js/googlesitekit-events-provider-wpforms-fcdfcbdf65e9ba33accc.js → 200 (19ms, -366B)
[2026-06-09T10:12:37.749Z] GET https://unpkg.com/@phosphor-icons/web@2.1.1/src/regular/style.css → 200 (1ms, -741B)
[2026-06-09T10:12:37.749Z] GET https://unpkg.com/@phosphor-icons/web@2.1.1/src/thin/style.css → 200 (1ms, -741B)
[2026-06-09T10:12:37.750Z] GET https://unpkg.com/@phosphor-icons/web@2.1.1/src/light/style.css → 200 (?ms, -741B)
[2026-06-09T10:12:37.750Z] GET https://unpkg.com/@phosphor-icons/web@2.1.1/src/bold/style.css → 200 (?ms, -742B)
[2026-06-09T10:12:37.750Z] GET https://unpkg.com/@phosphor-icons/web@2.1.1/src/fill/style.css → 200 (?ms, -741B)
[2026-06-09T10:12:37.750Z] GET https://unpkg.com/@phosphor-icons/web@2.1.1/src/duotone/style.css → 200 (?ms, -741B)
[2026-06-09T10:12:37.777Z] GET https://fonts.gstatic.com/s/inter/v20/UcC73FwrK3iLTeHuS_nVMrMxCp50SjIa1ZL7W0Q5nw.woff2 → 200 (?ms, -815B)
[2026-06-09T10:12:37.824Z] GET https://images.unsplash.com/photo-1573496359142-b8d87734a5a2?w=1600&q=85&auto=format → 200 (48ms, 264591B)
[2026-06-09T10:12:37.824Z] GET https://klaravex.com/wp-content/uploads/2026/06/klaravex-de-hero.jpg → 200 (79ms, 258225B)
[2026-06-09T10:12:37.824Z] GET https://fonts.gstatic.com/s/syne/v24/8vIH7w4qzmVxm2BL9G78HEY.woff2 → 200 (1ms, -815B)
[2026-06-09T10:12:37.824Z] GET https://unpkg.com/@phosphor-icons/web@2.1.1/src/regular/Phosphor.woff2 → 200 (1ms, -787B)
[2026-06-09T10:12:38.106Z] GET https://klaravex.de/wp-content/plugins/cookie-law-info/lite/frontend/images/revisit.svg → 200 (1ms, -357B)
[2026-06-09T10:12:38.106Z] GET https://klaravex.de/wp-content/plugins/cookie-law-info/lite/frontend/images/close.svg → 200 (1ms, -356B)
[2026-06-09T10:18:52.068Z] GET https://klaravex.de/knowledge-base/ → pending (?ms, ?B)
[2026-06-09T10:18:52.973Z] GET https://klaravex.de/wp-includes/css/buttons.min.css?ver=2822dee7cdddd55f5eda9f8d36149e71 → 200 (1ms, -354B)
[2026-06-09T10:18:52.974Z] GET https://klaravex.de/wp-includes/css/dashicons.min.css?ver=2822dee7cdddd55f5eda9f8d36149e71 → 200 (?ms, -355B)
[2026-06-09T10:18:52.974Z] GET https://klaravex.de/wp-includes/js/mediaelement/mediaelementplayer-legacy.min.css?ver=4.2.17 → 200 (?ms, -354B)
[2026-06-09T10:18:52.974Z] GET https://klaravex.de/wp-includes/js/mediaelement/wp-mediaelement.min.css?ver=2822dee7cdddd55f5eda9f8d36149e71 → 200 (?ms, -353B)
[2026-06-09T10:18:52.974Z] GET https://klaravex.de/wp-includes/css/media-views.min.css?ver=2822dee7cdddd55f5eda9f8d36149e71 → 200 (?ms, -353B)
[2026-06-09T10:18:52.974Z] GET https://klaravex.de/wp-includes/js/imgareaselect/imgareaselect.css?ver=0.9.8 → 200 (?ms, -352B)
[2026-06-09T10:18:52.974Z] GET https://klaravex.de/wp-includes/css/dist/components/style.min.css?ver=2822dee7cdddd55f5eda9f8d36149e71 → 200 (1ms, -356B)
[2026-06-09T10:18:52.975Z] GET https://klaravex.de/wp-content/plugins/extendify/public/build/extendify-shared.css?ver=3.0.6 → 200 (?ms, -354B)
[2026-06-09T10:18:52.975Z] GET https://klaravex.de/wp-content/plugins/google-analytics-for-wordpress/lite/assets/admin-bar/insights.css?ver=9456bd1f8aae1e62dea8 → 200 (?ms, -353B)
[2026-06-09T10:18:52.975Z] GET https://klaravex.de/wp-content/themes/kadence/assets/css/global.min.css?ver=1.5.0 → 200 (?ms, -354B)
[2026-06-09T10:18:52.975Z] GET https://klaravex.de/wp-content/themes/kadence/assets/css/header.min.css?ver=1.5.0 → 200 (?ms, -354B)
[2026-06-09T10:18:52.975Z] GET https://klaravex.de/wp-content/themes/kadence/assets/css/content.min.css?ver=1.5.0 → 200 (?ms, -354B)
[2026-06-09T10:18:52.975Z] GET https://klaravex.de/wp-content/themes/kadence/assets/css/footer.min.css?ver=1.5.0 → 200 (?ms, -354B)
[2026-06-09T10:18:52.975Z] GET https://klaravex.de/wp-content/plugins/cookie-law-info/lite/frontend/js/script.min.js?ver=3.5.1 → 200 (?ms, -368B)
[2026-06-09T10:18:52.975Z] GET https://klaravex.de/wp-includes/js/utils.min.js?ver=2822dee7cdddd55f5eda9f8d36149e71 → 200 (1ms, -366B)
[2026-06-09T10:18:52.976Z] GET https://klaravex.de/wp-includes/js/jquery/jquery.min.js?ver=3.7.1 → 200 (?ms, -370B)
[2026-06-09T10:18:52.976Z] GET https://klaravex.de/wp-includes/js/jquery/jquery-migrate.min.js?ver=3.4.1 → 200 (?ms, -368B)
[2026-06-09T10:18:52.976Z] GET https://klaravex.de/wp-includes/js/plupload/moxie.min.js?ver=1.3.5.1 → 200 (?ms, -370B)
[2026-06-09T10:18:52.976Z] GET https://klaravex.de/wp-includes/js/plupload/plupload.min.js?ver=2.1.9 → 200 (?ms, -368B)
[2026-06-09T10:18:52.976Z] GET https://fonts.googleapis.com/css2?family=Syne:wght@600;700;800&family=Inter:wght@400;500;600;700&display=swap → 200 (?ms, -698B)
[2026-06-09T10:18:52.976Z] GET https://klaravex.de/wp-content/uploads/2026/06/klaravex-logo-white.svg → 200 (?ms, -357B)
[2026-06-09T10:18:52.990Z] GET https://fonts.gstatic.com/s/inter/v20/UcC73FwrK3iLTeHuS_nVMrMxCp50SjIa1ZL7W0Q5nw.woff2 → 200 (?ms, -815B)
[2026-06-09T10:18:52.990Z] GET https://fonts.gstatic.com/s/syne/v24/8vIH7w4qzmVxm2BL9G78HEY.woff2 → 200 (?ms, -815B)
[2026-06-09T10:18:53.015Z] GET https://klaravex.de/wp-includes/js/underscore.min.js?ver=1.13.8 → 200 (?ms, -368B)
[2026-06-09T10:18:53.015Z] GET https://klaravex.de/wp-includes/js/shortcode.min.js?ver=2822dee7cdddd55f5eda9f8d36149e71 → 200 (?ms, -367B)
[2026-06-09T10:18:53.015Z] GET https://klaravex.de/wp-includes/js/backbone.min.js?ver=1.6.1 → 200 (?ms, -368B)
[2026-06-09T10:18:53.015Z] GET https://klaravex.de/wp-includes/js/wp-util.min.js?ver=2822dee7cdddd55f5eda9f8d36149e71 → 200 (?ms, -366B)
[2026-06-09T10:18:53.015Z] GET https://klaravex.de/wp-includes/js/wp-backbone.min.js?ver=2822dee7cdddd55f5eda9f8d36149e71 → 200 (?ms, -367B)
[2026-06-09T10:18:53.015Z] GET https://klaravex.de/wp-includes/js/media-models.min.js?ver=2822dee7cdddd55f5eda9f8d36149e71 → 200 (1ms, -368B)
[2026-06-09T10:18:53.016Z] GET https://klaravex.de/wp-includes/js/plupload/wp-plupload.min.js?ver=2822dee7cdddd55f5eda9f8d36149e71 → 200 (?ms, -368B)
[2026-06-09T10:18:53.016Z] GET https://klaravex.de/wp-includes/js/jquery/ui/core.min.js?ver=1.13.3 → 200 (?ms, -368B)
[2026-06-09T10:18:53.016Z] GET https://klaravex.de/wp-includes/js/jquery/ui/mouse.min.js?ver=1.13.3 → 200 (?ms, -367B)
[2026-06-09T10:18:53.016Z] GET https://klaravex.de/wp-includes/js/jquery/ui/sortable.min.js?ver=1.13.3 → 200 (?ms, -368B)
[2026-06-09T10:18:53.016Z] GET https://klaravex.de/wp-includes/js/mediaelement/mediaelement-and-player.min.js?ver=4.2.17 → 200 (?ms, -370B)
[2026-06-09T10:18:53.016Z] GET https://klaravex.de/wp-includes/js/mediaelement/mediaelement-migrate.min.js?ver=2822dee7cdddd55f5eda9f8d36149e71 → 200 (?ms, -366B)
[2026-06-09T10:18:53.016Z] GET https://klaravex.de/wp-includes/js/mediaelement/wp-mediaelement.min.js?ver=2822dee7cdddd55f5eda9f8d36149e71 → 200 (?ms, -366B)
[2026-06-09T10:18:53.016Z] GET https://klaravex.de/wp-includes/js/api-request.min.js?ver=2822dee7cdddd55f5eda9f8d36149e71 → 200 (1ms, -366B)
[2026-06-09T10:18:53.017Z] GET https://klaravex.de/wp-includes/js/dist/dom-ready.min.js?ver=a06281ae5cf5500e9317 → 200 (?ms, -366B)
[2026-06-09T10:18:53.017Z] GET https://klaravex.de/wp-includes/js/dist/hooks.min.js?ver=7496969728ca0f95732d → 200 (?ms, -368B)
[2026-06-09T10:18:53.017Z] GET https://klaravex.de/wp-includes/js/dist/i18n.min.js?ver=781d11515ad3d91786ec → 200 (?ms, -368B)
[2026-06-09T10:18:53.017Z] GET https://klaravex.de/wp-includes/js/dist/a11y.min.js?ver=af934e5259bc51b8718e → 200 (?ms, -366B)
[2026-06-09T10:18:53.017Z] GET https://klaravex.de/wp-includes/js/clipboard.min.js?ver=2.0.11 → 200 (?ms, -368B)
[2026-06-09T10:18:53.017Z] GET https://klaravex.de/wp-includes/js/media-views.min.js?ver=2822dee7cdddd55f5eda9f8d36149e71 → 200 (?ms, -370B)
[2026-06-09T10:18:53.017Z] GET https://klaravex.de/wp-includes/js/media-editor.min.js?ver=2822dee7cdddd55f5eda9f8d36149e71 → 200 (?ms, -368B)
[2026-06-09T10:18:53.017Z] GET https://klaravex.de/wp-includes/js/media-audiovideo.min.js?ver=2822dee7cdddd55f5eda9f8d36149e71 → 200 (?ms, -367B)
[2026-06-09T10:18:53.018Z] GET https://klaravex.de/wp-content/plugins/extendify/public/build/extendify-vendors-255bc3d8f7c3e44bb191.js?ver=3.0.6 → 200 (?ms, -371B)
[2026-06-09T10:18:53.018Z] GET https://klaravex.de/wp-content/plugins/extendify/public/build/extendify-common-3d1170346702178d0a92.js?ver=3.0.6 → 200 (?ms, -370B)
[2026-06-09T10:18:53.018Z] GET https://klaravex.de/wp-content/plugins/extendify/public/build/extendify-runtime-738467d8d280a3334dc0.js?ver=bdf162508cbe90e9c1e6 → 200 (?ms, -366B)
[2026-06-09T10:18:53.018Z] GET https://klaravex.de/wp-includes/js/dist/vendor/react.min.js?ver=18.3.1.1 → 200 (?ms, -368B)
[2026-06-09T10:18:53.018Z] GET https://klaravex.de/wp-includes/js/dist/vendor/react-dom.min.js?ver=18.3.1.1 → 200 (?ms, -370B)
[2026-06-09T10:18:53.018Z] GET https://klaravex.de/wp-includes/js/dist/vendor/react-jsx-runtime.min.js?ver=18.3.1 → 200 (?ms, -366B)
[2026-06-09T10:18:53.018Z] GET https://klaravex.de/wp-includes/js/dist/url.min.js?ver=bb0f766c3d2efe497871 → 200 (?ms, -368B)
[2026-06-09T10:18:53.018Z] GET https://klaravex.de/wp-includes/js/dist/api-fetch.min.js?ver=d7efe4dc1468d36c39b8 → 200 (?ms, -368B)
[2026-06-09T10:18:53.018Z] GET https://klaravex.de/wp-includes/js/dist/deprecated.min.js?ver=990e85f234fee8f7d446 → 200 (?ms, -366B)
[2026-06-09T10:18:53.018Z] GET https://klaravex.de/wp-includes/js/dist/dom.min.js?ver=66a6cf58e0c4cd128af0 → 200 (1ms, -368B)
[2026-06-09T10:18:53.019Z] GET https://klaravex.de/wp-includes/js/dist/escape-html.min.js?ver=3f093e5cca67aa0f8b56 → 200 (?ms, -366B)
[2026-06-09T10:18:53.019Z] GET https://klaravex.de/wp-includes/js/dist/element.min.js?ver=15ba804677f72a8db97b → 200 (?ms, -367B)
[2026-06-09T10:18:53.019Z] GET https://klaravex.de/wp-includes/js/dist/is-shallow-equal.min.js?ver=5d84b9f3cb50d2ce7d04 → 200 (?ms, -366B)
[2026-06-09T10:18:53.019Z] GET https://klaravex.de/wp-includes/js/dist/keycodes.min.js?ver=aa1a141e3468afe7f852 → 200 (?ms, -367B)
[2026-06-09T10:18:53.019Z] GET https://klaravex.de/wp-includes/js/dist/priority-queue.min.js?ver=1f0e89e247bc0bd3f9b9 → 200 (?ms, -367B)
[2026-06-09T10:18:53.019Z] GET https://klaravex.de/wp-includes/js/dist/undo-manager.min.js?ver=27bb0ae036a2c9d4a1b5 → 200 (?ms, -366B)
[2026-06-09T10:18:53.033Z] GET https://klaravex.de/wp-includes/js/dist/compose.min.js?ver=edb5a8c0b5bf71686403 → 200 (?ms, -369B)
[2026-06-09T10:18:53.033Z] GET https://klaravex.de/wp-includes/js/dist/vendor/moment.min.js?ver=2.30.1 → 200 (1ms, -369B)
[2026-06-09T10:18:53.034Z] GET https://klaravex.de/wp-includes/js/dist/date.min.js?ver=c9f8e7dd3232716f34e9 → 200 (?ms, -370B)
[2026-06-09T10:18:53.034Z] GET https://klaravex.de/wp-includes/js/dist/html-entities.min.js?ver=8c6fa5b869dfeadc4af2 → 200 (?ms, -366B)
[2026-06-09T10:18:53.034Z] GET https://klaravex.de/wp-includes/js/dist/primitives.min.js?ver=a5c905ec27bcd76ef287 → 200 (?ms, -366B)
[2026-06-09T10:18:53.034Z] GET https://klaravex.de/wp-includes/js/dist/private-apis.min.js?ver=835912f0086b9e59aed4 → 200 (?ms, -366B)
[2026-06-09T10:18:53.034Z] GET https://klaravex.de/wp-includes/js/dist/redux-routine.min.js?ver=64f9f5001aabc046c605 → 200 (?ms, -368B)
[2026-06-09T10:18:53.034Z] GET https://klaravex.de/wp-includes/js/dist/data.min.js?ver=1756b6a2676c1b3369ab → 200 (?ms, -368B)
[2026-06-09T10:18:53.034Z] GET https://klaravex.de/wp-includes/js/dist/rich-text.min.js?ver=16449e6108f48327f368 → 200 (?ms, -369B)
[2026-06-09T10:18:53.034Z] GET https://klaravex.de/wp-includes/js/dist/warning.min.js?ver=36fdbdc984d93aee8a97 → 200 (1ms, -366B)
[2026-06-09T10:18:53.035Z] GET https://klaravex.de/wp-includes/js/dist/components.min.js?ver=5dedfe13f08880193a28 → 200 (?ms, -371B)
[2026-06-09T10:18:53.058Z] GET https://klaravex.de/wp-content/plugins/extendify/public/build/extendify-shared-ab4d850930db8cf9e219.js?ver=f9e9c4be5efcc475ce1f → 200 (?ms, -367B)
[2026-06-09T10:18:53.058Z] GET https://klaravex.de/wp-content/themes/kadence/assets/js/navigation.min.js?ver=1.5.0 → 200 (?ms, -546B)
[2026-06-09T10:18:53.058Z] GET https://klaravex.de/wp-content/plugins/google-site-kit/dist/assets/js/googlesitekit-events-provider-wpforms-fcdfcbdf65e9ba33accc.js → 200 (?ms, -366B)
[2026-06-09T10:18:53.058Z] GET https://klaravex.de/wp-content/plugins/cookie-law-info/lite/frontend/images/revisit.svg → 200 (1ms, -357B)
[2026-06-09T10:18:53.059Z] GET https://klaravex.de/wp-content/plugins/cookie-law-info/lite/frontend/images/close.svg → 200 (?ms, -356B)
[2026-06-09T10:18:53.059Z] GET https://fonts.googleapis.com/css2?family=Syne:wght@700;800&family=Inter:wght@400;500;600&display=swap → 200 (?ms, -698B)
[2026-06-09T10:18:56.673Z] GET https://klaravex.de/knowledge-base/microsoft-secure-score/?lang=en → 200 (753ms, 79625B)
[2026-06-09T10:18:57.460Z] GET https://klaravex.de/wp-includes/css/buttons.min.css?ver=2822dee7cdddd55f5eda9f8d36149e71 → 200 (?ms, -354B)
[2026-06-09T10:18:57.460Z] GET https://klaravex.de/wp-includes/css/dashicons.min.css?ver=2822dee7cdddd55f5eda9f8d36149e71 → 200 (?ms, -355B)
[2026-06-09T10:18:57.461Z] GET https://klaravex.de/wp-includes/js/mediaelement/mediaelementplayer-legacy.min.css?ver=4.2.17 → 200 (?ms, -354B)
[2026-06-09T10:18:57.461Z] GET https://klaravex.de/wp-includes/js/mediaelement/wp-mediaelement.min.css?ver=2822dee7cdddd55f5eda9f8d36149e71 → 200 (?ms, -353B)
[2026-06-09T10:18:57.461Z] GET https://klaravex.de/wp-includes/css/media-views.min.css?ver=2822dee7cdddd55f5eda9f8d36149e71 → 200 (?ms, -353B)
[2026-06-09T10:18:57.461Z] GET https://klaravex.de/wp-includes/js/imgareaselect/imgareaselect.css?ver=0.9.8 → 200 (?ms, -352B)
[2026-06-09T10:18:57.461Z] GET https://klaravex.de/wp-includes/css/dist/components/style.min.css?ver=2822dee7cdddd55f5eda9f8d36149e71 → 200 (?ms, -356B)
[2026-06-09T10:18:57.461Z] GET https://klaravex.de/wp-content/plugins/extendify/public/build/extendify-shared.css?ver=3.0.6 → 200 (?ms, -354B)
[2026-06-09T10:18:57.461Z] GET https://klaravex.de/wp-content/plugins/google-analytics-for-wordpress/lite/assets/admin-bar/insights.css?ver=9456bd1f8aae1e62dea8 → 200 (?ms, -353B)
[2026-06-09T10:18:57.461Z] GET https://klaravex.de/wp-content/themes/kadence/assets/css/global.min.css?ver=1.5.0 → 200 (?ms, -354B)
[2026-06-09T10:18:57.462Z] GET https://klaravex.de/wp-content/themes/kadence/assets/css/header.min.css?ver=1.5.0 → 200 (?ms, -354B)
[2026-06-09T10:18:57.462Z] GET https://klaravex.de/wp-content/themes/kadence/assets/css/content.min.css?ver=1.5.0 → 200 (?ms, -354B)
[2026-06-09T10:18:57.462Z] GET https://klaravex.de/wp-content/themes/kadence/assets/css/footer.min.css?ver=1.5.0 → 200 (?ms, -354B)
[2026-06-09T10:18:57.462Z] GET https://klaravex.de/wp-content/plugins/cookie-law-info/lite/frontend/js/script.min.js?ver=3.5.1 → 200 (?ms, -368B)
[2026-06-09T10:18:57.462Z] GET https://klaravex.de/wp-includes/js/utils.min.js?ver=2822dee7cdddd55f5eda9f8d36149e71 → 200 (?ms, -366B)
[2026-06-09T10:18:57.463Z] GET https://klaravex.de/wp-includes/js/jquery/jquery.min.js?ver=3.7.1 → 200 (?ms, -370B)
[2026-06-09T10:18:57.463Z] GET https://klaravex.de/wp-includes/js/jquery/jquery-migrate.min.js?ver=3.4.1 → 200 (?ms, -368B)
[2026-06-09T10:18:57.463Z] GET https://klaravex.de/wp-includes/js/plupload/moxie.min.js?ver=1.3.5.1 → 200 (?ms, -370B)
[2026-06-09T10:18:57.463Z] GET https://klaravex.de/wp-includes/js/plupload/plupload.min.js?ver=2.1.9 → 200 (?ms, -368B)
[2026-06-09T10:18:57.463Z] GET https://fonts.googleapis.com/css2?family=Syne:wght@600;700;800&family=Inter:wght@400;500;600;700&display=swap → 200 (?ms, -698B)
[2026-06-09T10:18:57.475Z] GET https://klaravex.de/wp-content/uploads/2026/06/klaravex-logo-white.svg → 200 (?ms, -357B)
[2026-06-09T10:18:57.476Z] GET https://fonts.gstatic.com/s/inter/v20/UcC73FwrK3iLTeHuS_nVMrMxCp50SjIa1ZL7W0Q5nw.woff2 → 200 (?ms, -815B)
[2026-06-09T10:18:57.476Z] GET https://fonts.gstatic.com/s/syne/v24/8vIH7w4qzmVxm2BL9G78HEY.woff2 → 200 (?ms, -815B)
[2026-06-09T10:18:57.492Z] GET https://klaravex.de/wp-includes/js/underscore.min.js?ver=1.13.8 → 200 (1ms, -368B)
[2026-06-09T10:18:57.493Z] GET https://klaravex.de/wp-includes/js/shortcode.min.js?ver=2822dee7cdddd55f5eda9f8d36149e71 → 200 (?ms, -367B)
[2026-06-09T10:18:57.493Z] GET https://klaravex.de/wp-includes/js/backbone.min.js?ver=1.6.1 → 200 (?ms, -368B)
[2026-06-09T10:18:57.493Z] GET https://klaravex.de/wp-includes/js/wp-util.min.js?ver=2822dee7cdddd55f5eda9f8d36149e71 → 200 (?ms, -366B)
[2026-06-09T10:18:57.493Z] GET https://klaravex.de/wp-includes/js/wp-backbone.min.js?ver=2822dee7cdddd55f5eda9f8d36149e71 → 200 (?ms, -367B)
[2026-06-09T10:18:57.494Z] GET https://klaravex.de/wp-includes/js/media-models.min.js?ver=2822dee7cdddd55f5eda9f8d36149e71 → 200 (?ms, -368B)
[2026-06-09T10:18:57.494Z] GET https://klaravex.de/wp-includes/js/plupload/wp-plupload.min.js?ver=2822dee7cdddd55f5eda9f8d36149e71 → 200 (?ms, -368B)
[2026-06-09T10:18:57.494Z] GET https://klaravex.de/wp-includes/js/jquery/ui/core.min.js?ver=1.13.3 → 200 (?ms, -368B)
[2026-06-09T10:18:57.494Z] GET https://klaravex.de/wp-includes/js/jquery/ui/mouse.min.js?ver=1.13.3 → 200 (?ms, -367B)
[2026-06-09T10:18:57.495Z] GET https://klaravex.de/wp-includes/js/jquery/ui/sortable.min.js?ver=1.13.3 → 200 (?ms, -368B)
[2026-06-09T10:18:57.495Z] GET https://klaravex.de/wp-includes/js/mediaelement/mediaelement-and-player.min.js?ver=4.2.17 → 200 (?ms, -370B)
[2026-06-09T10:18:57.495Z] GET https://klaravex.de/wp-includes/js/mediaelement/mediaelement-migrate.min.js?ver=2822dee7cdddd55f5eda9f8d36149e71 → 200 (?ms, -366B)
[2026-06-09T10:18:57.495Z] GET https://klaravex.de/wp-includes/js/mediaelement/wp-mediaelement.min.js?ver=2822dee7cdddd55f5eda9f8d36149e71 → 200 (?ms, -366B)
[2026-06-09T10:18:57.495Z] GET https://klaravex.de/wp-includes/js/api-request.min.js?ver=2822dee7cdddd55f5eda9f8d36149e71 → 200 (?ms, -366B)
[2026-06-09T10:18:57.495Z] GET https://klaravex.de/wp-includes/js/dist/dom-ready.min.js?ver=a06281ae5cf5500e9317 → 200 (?ms, -366B)
[2026-06-09T10:18:57.495Z] GET https://klaravex.de/wp-includes/js/dist/hooks.min.js?ver=7496969728ca0f95732d → 200 (?ms, -368B)
[2026-06-09T10:18:57.496Z] GET https://klaravex.de/wp-includes/js/dist/i18n.min.js?ver=781d11515ad3d91786ec → 200 (?ms, -368B)
[2026-06-09T10:18:57.496Z] GET https://klaravex.de/wp-includes/js/dist/a11y.min.js?ver=af934e5259bc51b8718e → 200 (?ms, -366B)
[2026-06-09T10:18:57.496Z] GET https://klaravex.de/wp-includes/js/clipboard.min.js?ver=2.0.11 → 200 (?ms, -368B)
[2026-06-09T10:18:57.496Z] GET https://klaravex.de/wp-includes/js/media-views.min.js?ver=2822dee7cdddd55f5eda9f8d36149e71 → 200 (?ms, -370B)
[2026-06-09T10:18:57.496Z] GET https://klaravex.de/wp-includes/js/media-editor.min.js?ver=2822dee7cdddd55f5eda9f8d36149e71 → 200 (?ms, -368B)
[2026-06-09T10:18:57.496Z] GET https://klaravex.de/wp-includes/js/media-audiovideo.min.js?ver=2822dee7cdddd55f5eda9f8d36149e71 → 200 (?ms, -367B)
[2026-06-09T10:18:57.496Z] GET https://klaravex.de/wp-content/plugins/extendify/public/build/extendify-vendors-255bc3d8f7c3e44bb191.js?ver=3.0.6 → 200 (?ms, -371B)
[2026-06-09T10:18:57.496Z] GET https://klaravex.de/wp-content/plugins/extendify/public/build/extendify-common-3d1170346702178d0a92.js?ver=3.0.6 → 200 (?ms, -370B)
[2026-06-09T10:18:57.496Z] GET https://klaravex.de/wp-content/plugins/extendify/public/build/extendify-runtime-738467d8d280a3334dc0.js?ver=bdf162508cbe90e9c1e6 → 200 (?ms, -366B)
[2026-06-09T10:18:57.497Z] GET https://klaravex.de/wp-includes/js/dist/vendor/react.min.js?ver=18.3.1.1 → 200 (?ms, -368B)
[2026-06-09T10:18:57.497Z] GET https://klaravex.de/wp-includes/js/dist/vendor/react-dom.min.js?ver=18.3.1.1 → 200 (?ms, -370B)
[2026-06-09T10:18:57.497Z] GET https://klaravex.de/wp-includes/js/dist/vendor/react-jsx-runtime.min.js?ver=18.3.1 → 200 (?ms, -366B)
[2026-06-09T10:18:57.497Z] GET https://klaravex.de/wp-includes/js/dist/url.min.js?ver=bb0f766c3d2efe497871 → 200 (?ms, -368B)
[2026-06-09T10:18:57.497Z] GET https://klaravex.de/wp-includes/js/dist/api-fetch.min.js?ver=d7efe4dc1468d36c39b8 → 200 (?ms, -368B)
[2026-06-09T10:18:57.509Z] GET https://klaravex.de/wp-includes/js/dist/deprecated.min.js?ver=990e85f234fee8f7d446 → 200 (?ms, -366B)
[2026-06-09T10:18:57.509Z] GET https://klaravex.de/wp-includes/js/dist/dom.min.js?ver=66a6cf58e0c4cd128af0 → 200 (?ms, -368B)
[2026-06-09T10:18:57.509Z] GET https://klaravex.de/wp-includes/js/dist/escape-html.min.js?ver=3f093e5cca67aa0f8b56 → 200 (?ms, -366B)
[2026-06-09T10:18:57.510Z] GET https://klaravex.de/wp-includes/js/dist/element.min.js?ver=15ba804677f72a8db97b → 200 (?ms, -367B)
[2026-06-09T10:18:57.510Z] GET https://klaravex.de/wp-includes/js/dist/is-shallow-equal.min.js?ver=5d84b9f3cb50d2ce7d04 → 200 (?ms, -366B)
[2026-06-09T10:18:57.510Z] GET https://klaravex.de/wp-includes/js/dist/keycodes.min.js?ver=aa1a141e3468afe7f852 → 200 (?ms, -367B)
[2026-06-09T10:18:57.510Z] GET https://klaravex.de/wp-includes/js/dist/priority-queue.min.js?ver=1f0e89e247bc0bd3f9b9 → 200 (?ms, -367B)
[2026-06-09T10:18:57.510Z] GET https://klaravex.de/wp-includes/js/dist/undo-manager.min.js?ver=27bb0ae036a2c9d4a1b5 → 200 (?ms, -366B)
[2026-06-09T10:18:57.510Z] GET https://klaravex.de/wp-includes/js/dist/compose.min.js?ver=edb5a8c0b5bf71686403 → 200 (?ms, -369B)
[2026-06-09T10:18:57.510Z] GET https://klaravex.de/wp-includes/js/dist/vendor/moment.min.js?ver=2.30.1 → 200 (?ms, -369B)
[2026-06-09T10:18:57.510Z] GET https://klaravex.de/wp-includes/js/dist/date.min.js?ver=c9f8e7dd3232716f34e9 → 200 (?ms, -370B)
[2026-06-09T10:18:57.511Z] GET https://klaravex.de/wp-includes/js/dist/html-entities.min.js?ver=8c6fa5b869dfeadc4af2 → 200 (?ms, -366B)
[2026-06-09T10:18:57.511Z] GET https://klaravex.de/wp-includes/js/dist/primitives.min.js?ver=a5c905ec27bcd76ef287 → 200 (?ms, -366B)
[2026-06-09T10:18:57.511Z] GET https://klaravex.de/wp-includes/js/dist/private-apis.min.js?ver=835912f0086b9e59aed4 → 200 (?ms, -366B)
[2026-06-09T10:18:57.511Z] GET https://klaravex.de/wp-includes/js/dist/redux-routine.min.js?ver=64f9f5001aabc046c605 → 200 (?ms, -368B)
[2026-06-09T10:18:57.511Z] GET https://klaravex.de/wp-includes/js/dist/data.min.js?ver=1756b6a2676c1b3369ab → 200 (?ms, -368B)
[2026-06-09T10:18:57.511Z] GET https://klaravex.de/wp-includes/js/dist/rich-text.min.js?ver=16449e6108f48327f368 → 200 (?ms, -369B)
[2026-06-09T10:18:57.511Z] GET https://klaravex.de/wp-includes/js/dist/warning.min.js?ver=36fdbdc984d93aee8a97 → 200 (?ms, -366B)
[2026-06-09T10:18:57.511Z] GET https://klaravex.de/wp-includes/js/dist/components.min.js?ver=5dedfe13f08880193a28 → 200 (?ms, -371B)
[2026-06-09T10:18:57.536Z] GET https://klaravex.de/wp-content/plugins/extendify/public/build/extendify-shared-ab4d850930db8cf9e219.js?ver=f9e9c4be5efcc475ce1f → 200 (?ms, ?B)
[2026-06-09T10:18:57.536Z] GET https://klaravex.de/wp-content/themes/kadence/assets/js/navigation.min.js?ver=1.5.0 → 200 (?ms, ?B)
[2026-06-09T10:18:57.536Z] GET https://klaravex.de/wp-content/plugins/google-site-kit/dist/assets/js/googlesitekit-events-provider-wpforms-fcdfcbdf65e9ba33accc.js → pending (?ms, ?B)
[2026-06-09T10:18:57.540Z] GET https://klaravex.de/wp-content/plugins/cookie-law-info/lite/frontend/images/revisit.svg → 200 (?ms, -357B)
[2026-06-09T10:18:57.540Z] GET https://klaravex.de/wp-content/plugins/cookie-law-info/lite/frontend/images/close.svg → 200 (?ms, -356B)
[2026-06-09T10:18:57.540Z] GET https://fonts.googleapis.com/css2?family=Syne:wght@700;800&family=Inter:wght@400;500;600&display=swap → 200 (1ms, -698B)
[2026-06-09T10:19:42.384Z] GET https://klaravex.de/knowledge-base/?lang=de → pending (?ms, ?B)
[2026-06-09T10:19:43.286Z] GET https://klaravex.de/wp-includes/css/buttons.min.css?ver=2822dee7cdddd55f5eda9f8d36149e71 → 200 (?ms, -354B)
[2026-06-09T10:19:43.286Z] GET https://klaravex.de/wp-includes/css/dashicons.min.css?ver=2822dee7cdddd55f5eda9f8d36149e71 → 200 (?ms, -355B)
[2026-06-09T10:19:43.287Z] GET https://klaravex.de/wp-includes/js/mediaelement/mediaelementplayer-legacy.min.css?ver=4.2.17 → 200 (?ms, -354B)
[2026-06-09T10:19:43.287Z] GET https://klaravex.de/wp-includes/js/mediaelement/wp-mediaelement.min.css?ver=2822dee7cdddd55f5eda9f8d36149e71 → 200 (?ms, -353B)
[2026-06-09T10:19:43.287Z] GET https://klaravex.de/wp-includes/css/media-views.min.css?ver=2822dee7cdddd55f5eda9f8d36149e71 → 200 (?ms, -353B)
[2026-06-09T10:19:43.287Z] GET https://klaravex.de/wp-includes/js/imgareaselect/imgareaselect.css?ver=0.9.8 → 200 (?ms, -352B)
[2026-06-09T10:19:43.287Z] GET https://klaravex.de/wp-includes/css/dist/components/style.min.css?ver=2822dee7cdddd55f5eda9f8d36149e71 → 200 (?ms, -356B)
[2026-06-09T10:19:43.287Z] GET https://klaravex.de/wp-content/plugins/extendify/public/build/extendify-shared.css?ver=3.0.6 → 200 (?ms, -354B)
[2026-06-09T10:19:43.289Z] GET https://klaravex.de/wp-content/plugins/google-analytics-for-wordpress/lite/assets/admin-bar/insights.css?ver=9456bd1f8aae1e62dea8 → 200 (?ms, -353B)
[2026-06-09T10:19:43.289Z] GET https://klaravex.de/wp-content/themes/kadence/assets/css/global.min.css?ver=1.5.0 → 200 (?ms, -354B)
[2026-06-09T10:19:43.289Z] GET https://klaravex.de/wp-content/themes/kadence/assets/css/header.min.css?ver=1.5.0 → 200 (?ms, -354B)
[2026-06-09T10:19:43.289Z] GET https://klaravex.de/wp-content/themes/kadence/assets/css/content.min.css?ver=1.5.0 → 200 (?ms, -354B)
[2026-06-09T10:19:43.289Z] GET https://klaravex.de/wp-content/themes/kadence/assets/css/footer.min.css?ver=1.5.0 → 200 (?ms, -354B)
[2026-06-09T10:19:43.290Z] GET https://klaravex.de/wp-content/plugins/cookie-law-info/lite/frontend/js/script.min.js?ver=3.5.1 → 200 (?ms, -368B)
[2026-06-09T10:19:43.290Z] GET https://klaravex.de/wp-includes/js/utils.min.js?ver=2822dee7cdddd55f5eda9f8d36149e71 → 200 (?ms, -366B)
[2026-06-09T10:19:43.290Z] GET https://klaravex.de/wp-includes/js/jquery/jquery.min.js?ver=3.7.1 → 200 (?ms, -370B)
[2026-06-09T10:19:43.290Z] GET https://klaravex.de/wp-includes/js/jquery/jquery-migrate.min.js?ver=3.4.1 → 200 (?ms, -368B)
[2026-06-09T10:19:43.290Z] GET https://klaravex.de/wp-includes/js/plupload/moxie.min.js?ver=1.3.5.1 → 200 (?ms, -370B)
[2026-06-09T10:19:43.290Z] GET https://klaravex.de/wp-includes/js/plupload/plupload.min.js?ver=2.1.9 → 200 (?ms, -368B)
[2026-06-09T10:19:43.290Z] GET https://fonts.googleapis.com/css2?family=Syne:wght@600;700;800&family=Inter:wght@400;500;600;700&display=swap → 200 (?ms, -698B)
[2026-06-09T10:19:43.296Z] GET https://klaravex.de/wp-content/uploads/2026/06/klaravex-logo-white.svg → 200 (?ms, -357B)
[2026-06-09T10:19:43.297Z] GET https://fonts.gstatic.com/s/inter/v20/UcC73FwrK3iLTeHuS_nVMrMxCp50SjIa1ZL7W0Q5nw.woff2 → 200 (?ms, -815B)
[2026-06-09T10:19:43.297Z] GET https://fonts.gstatic.com/s/syne/v24/8vIH7w4qzmVxm2BL9G78HEY.woff2 → 200 (?ms, -815B)
[2026-06-09T10:19:43.322Z] GET https://klaravex.de/wp-includes/js/underscore.min.js?ver=1.13.8 → 200 (?ms, -368B)
[2026-06-09T10:19:43.322Z] GET https://klaravex.de/wp-includes/js/shortcode.min.js?ver=2822dee7cdddd55f5eda9f8d36149e71 → 200 (?ms, -367B)
[2026-06-09T10:19:43.322Z] GET https://klaravex.de/wp-includes/js/backbone.min.js?ver=1.6.1 → 200 (?ms, -368B)
[2026-06-09T10:19:43.323Z] GET https://klaravex.de/wp-includes/js/wp-util.min.js?ver=2822dee7cdddd55f5eda9f8d36149e71 → 200 (?ms, -366B)
[2026-06-09T10:19:43.323Z] GET https://klaravex.de/wp-includes/js/wp-backbone.min.js?ver=2822dee7cdddd55f5eda9f8d36149e71 → 200 (?ms, -367B)
[2026-06-09T10:19:43.324Z] GET https://klaravex.de/wp-includes/js/media-models.min.js?ver=2822dee7cdddd55f5eda9f8d36149e71 → 200 (?ms, -368B)
[2026-06-09T10:19:43.324Z] GET https://klaravex.de/wp-includes/js/plupload/wp-plupload.min.js?ver=2822dee7cdddd55f5eda9f8d36149e71 → 200 (?ms, -368B)
[2026-06-09T10:19:43.324Z] GET https://klaravex.de/wp-includes/js/jquery/ui/core.min.js?ver=1.13.3 → 200 (?ms, -368B)
[2026-06-09T10:19:43.324Z] GET https://klaravex.de/wp-includes/js/jquery/ui/mouse.min.js?ver=1.13.3 → 200 (?ms, -367B)
[2026-06-09T10:19:43.324Z] GET https://klaravex.de/wp-includes/js/jquery/ui/sortable.min.js?ver=1.13.3 → 200 (?ms, -368B)
[2026-06-09T10:19:43.324Z] GET https://klaravex.de/wp-includes/js/mediaelement/mediaelement-and-player.min.js?ver=4.2.17 → 200 (?ms, -370B)
[2026-06-09T10:19:43.325Z] GET https://klaravex.de/wp-includes/js/mediaelement/mediaelement-migrate.min.js?ver=2822dee7cdddd55f5eda9f8d36149e71 → 200 (?ms, -366B)
[2026-06-09T10:19:43.325Z] GET https://klaravex.de/wp-includes/js/mediaelement/wp-mediaelement.min.js?ver=2822dee7cdddd55f5eda9f8d36149e71 → 200 (?ms, -366B)
[2026-06-09T10:19:43.325Z] GET https://klaravex.de/wp-includes/js/api-request.min.js?ver=2822dee7cdddd55f5eda9f8d36149e71 → 200 (?ms, -366B)
[2026-06-09T10:19:43.325Z] GET https://klaravex.de/wp-includes/js/dist/dom-ready.min.js?ver=a06281ae5cf5500e9317 → 200 (?ms, -366B)
[2026-06-09T10:19:43.325Z] GET https://klaravex.de/wp-includes/js/dist/hooks.min.js?ver=7496969728ca0f95732d → 200 (?ms, -368B)
[2026-06-09T10:19:43.325Z] GET https://klaravex.de/wp-includes/js/dist/i18n.min.js?ver=781d11515ad3d91786ec → 200 (?ms, -368B)
[2026-06-09T10:19:43.325Z] GET https://klaravex.de/wp-includes/js/dist/a11y.min.js?ver=af934e5259bc51b8718e → 200 (?ms, -366B)
[2026-06-09T10:19:43.325Z] GET https://klaravex.de/wp-includes/js/clipboard.min.js?ver=2.0.11 → 200 (?ms, -368B)
[2026-06-09T10:19:43.326Z] GET https://klaravex.de/wp-includes/js/media-views.min.js?ver=2822dee7cdddd55f5eda9f8d36149e71 → 200 (?ms, -370B)
[2026-06-09T10:19:43.326Z] GET https://klaravex.de/wp-includes/js/media-editor.min.js?ver=2822dee7cdddd55f5eda9f8d36149e71 → 200 (?ms, -368B)
[2026-06-09T10:19:43.326Z] GET https://klaravex.de/wp-includes/js/media-audiovideo.min.js?ver=2822dee7cdddd55f5eda9f8d36149e71 → 200 (?ms, -367B)
[2026-06-09T10:19:43.326Z] GET https://klaravex.de/wp-content/plugins/extendify/public/build/extendify-vendors-255bc3d8f7c3e44bb191.js?ver=3.0.6 → 200 (?ms, -371B)
[2026-06-09T10:19:43.326Z] GET https://klaravex.de/wp-content/plugins/extendify/public/build/extendify-common-3d1170346702178d0a92.js?ver=3.0.6 → 200 (?ms, -370B)
[2026-06-09T10:19:43.326Z] GET https://klaravex.de/wp-content/plugins/extendify/public/build/extendify-runtime-738467d8d280a3334dc0.js?ver=bdf162508cbe90e9c1e6 → 200 (?ms, -366B)
[2026-06-09T10:19:43.326Z] GET https://klaravex.de/wp-includes/js/dist/vendor/react.min.js?ver=18.3.1.1 → 200 (?ms, -368B)
[2026-06-09T10:19:43.326Z] GET https://klaravex.de/wp-includes/js/dist/vendor/react-dom.min.js?ver=18.3.1.1 → 200 (?ms, -370B)
[2026-06-09T10:19:43.326Z] GET https://klaravex.de/wp-includes/js/dist/vendor/react-jsx-runtime.min.js?ver=18.3.1 → 200 (?ms, -366B)
[2026-06-09T10:19:43.326Z] GET https://klaravex.de/wp-includes/js/dist/url.min.js?ver=bb0f766c3d2efe497871 → 200 (?ms, -368B)
[2026-06-09T10:19:43.327Z] GET https://klaravex.de/wp-includes/js/dist/api-fetch.min.js?ver=d7efe4dc1468d36c39b8 → 200 (?ms, -368B)
[2026-06-09T10:19:43.327Z] GET https://klaravex.de/wp-includes/js/dist/deprecated.min.js?ver=990e85f234fee8f7d446 → 200 (?ms, -366B)
[2026-06-09T10:19:43.327Z] GET https://klaravex.de/wp-includes/js/dist/dom.min.js?ver=66a6cf58e0c4cd128af0 → 200 (?ms, -368B)
[2026-06-09T10:19:43.327Z] GET https://klaravex.de/wp-includes/js/dist/escape-html.min.js?ver=3f093e5cca67aa0f8b56 → 200 (?ms, -366B)
[2026-06-09T10:19:43.327Z] GET https://klaravex.de/wp-includes/js/dist/element.min.js?ver=15ba804677f72a8db97b → 200 (?ms, -367B)
[2026-06-09T10:19:43.327Z] GET https://klaravex.de/wp-includes/js/dist/is-shallow-equal.min.js?ver=5d84b9f3cb50d2ce7d04 → 200 (?ms, -366B)
[2026-06-09T10:19:43.327Z] GET https://klaravex.de/wp-includes/js/dist/keycodes.min.js?ver=aa1a141e3468afe7f852 → 200 (?ms, -367B)
[2026-06-09T10:19:43.327Z] GET https://klaravex.de/wp-includes/js/dist/priority-queue.min.js?ver=1f0e89e247bc0bd3f9b9 → 200 (?ms, -367B)
[2026-06-09T10:19:43.327Z] GET https://klaravex.de/wp-includes/js/dist/undo-manager.min.js?ver=27bb0ae036a2c9d4a1b5 → 200 (?ms, -366B)
[2026-06-09T10:19:43.328Z] GET https://klaravex.de/wp-includes/js/dist/compose.min.js?ver=edb5a8c0b5bf71686403 → 200 (?ms, -369B)
[2026-06-09T10:19:43.328Z] GET https://klaravex.de/wp-includes/js/dist/vendor/moment.min.js?ver=2.30.1 → 200 (?ms, -369B)
[2026-06-09T10:19:43.328Z] GET https://klaravex.de/wp-includes/js/dist/date.min.js?ver=c9f8e7dd3232716f34e9 → 200 (?ms, -370B)
[2026-06-09T10:19:43.336Z] GET https://klaravex.de/wp-includes/js/dist/html-entities.min.js?ver=8c6fa5b869dfeadc4af2 → 200 (?ms, -366B)
[2026-06-09T10:19:43.337Z] GET https://klaravex.de/wp-includes/js/dist/primitives.min.js?ver=a5c905ec27bcd76ef287 → 200 (?ms, -366B)
[2026-06-09T10:19:43.337Z] GET https://klaravex.de/wp-includes/js/dist/private-apis.min.js?ver=835912f0086b9e59aed4 → 200 (?ms, -366B)
[2026-06-09T10:19:43.337Z] GET https://klaravex.de/wp-includes/js/dist/redux-routine.min.js?ver=64f9f5001aabc046c605 → 200 (?ms, -368B)
[2026-06-09T10:19:43.337Z] GET https://klaravex.de/wp-includes/js/dist/data.min.js?ver=1756b6a2676c1b3369ab → 200 (?ms, -368B)
[2026-06-09T10:19:43.337Z] GET https://klaravex.de/wp-includes/js/dist/rich-text.min.js?ver=16449e6108f48327f368 → 200 (?ms, -369B)
[2026-06-09T10:19:43.337Z] GET https://klaravex.de/wp-includes/js/dist/warning.min.js?ver=36fdbdc984d93aee8a97 → 200 (?ms, -366B)
[2026-06-09T10:19:43.337Z] GET https://klaravex.de/wp-includes/js/dist/components.min.js?ver=5dedfe13f08880193a28 → 200 (?ms, -371B)
[2026-06-09T10:19:43.359Z] GET https://klaravex.de/wp-content/plugins/extendify/public/build/extendify-shared-ab4d850930db8cf9e219.js?ver=f9e9c4be5efcc475ce1f → 200 (?ms, -367B)
[2026-06-09T10:19:43.359Z] GET https://klaravex.de/wp-content/themes/kadence/assets/js/navigation.min.js?ver=1.5.0 → 200 (?ms, -546B)
[2026-06-09T10:19:43.359Z] GET https://klaravex.de/wp-content/plugins/google-site-kit/dist/assets/js/googlesitekit-events-provider-wpforms-fcdfcbdf65e9ba33accc.js → 200 (?ms, -366B)
[2026-06-09T10:19:43.359Z] GET https://klaravex.de/wp-content/plugins/cookie-law-info/lite/frontend/images/revisit.svg → 200 (?ms, -357B)
[2026-06-09T10:19:43.360Z] GET https://klaravex.de/wp-content/plugins/cookie-law-info/lite/frontend/images/close.svg → 200 (?ms, -356B)
[2026-06-09T10:19:43.360Z] GET https://fonts.googleapis.com/css2?family=Syne:wght@700;800&family=Inter:wght@400;500;600&display=swap → 200 (?ms, -698B)
[2026-06-09T10:21:44.109Z] GET https://klaravex.de/knowledge-base/?lang=de&v=1781000503 → pending (?ms, ?B)
[2026-06-09T10:21:44.989Z] GET https://klaravex.de/wp-includes/css/buttons.min.css?ver=2822dee7cdddd55f5eda9f8d36149e71 → 200 (?ms, -354B)
[2026-06-09T10:21:44.989Z] GET https://klaravex.de/wp-includes/css/dashicons.min.css?ver=2822dee7cdddd55f5eda9f8d36149e71 → 200 (?ms, -355B)
[2026-06-09T10:21:44.990Z] GET https://klaravex.de/wp-includes/js/mediaelement/mediaelementplayer-legacy.min.css?ver=4.2.17 → 200 (?ms, -354B)
[2026-06-09T10:21:44.990Z] GET https://klaravex.de/wp-includes/js/mediaelement/wp-mediaelement.min.css?ver=2822dee7cdddd55f5eda9f8d36149e71 → 200 (?ms, -353B)
[2026-06-09T10:21:44.990Z] GET https://klaravex.de/wp-includes/css/media-views.min.css?ver=2822dee7cdddd55f5eda9f8d36149e71 → 200 (?ms, -353B)
[2026-06-09T10:21:44.990Z] GET https://klaravex.de/wp-includes/js/imgareaselect/imgareaselect.css?ver=0.9.8 → 200 (?ms, -352B)
[2026-06-09T10:21:44.990Z] GET https://klaravex.de/wp-includes/css/dist/components/style.min.css?ver=2822dee7cdddd55f5eda9f8d36149e71 → 200 (?ms, -356B)
[2026-06-09T10:21:44.990Z] GET https://klaravex.de/wp-content/plugins/extendify/public/build/extendify-shared.css?ver=3.0.6 → 200 (?ms, -354B)
[2026-06-09T10:21:44.990Z] GET https://klaravex.de/wp-content/plugins/google-analytics-for-wordpress/lite/assets/admin-bar/insights.css?ver=9456bd1f8aae1e62dea8 → 200 (?ms, -353B)
[2026-06-09T10:21:44.990Z] GET https://klaravex.de/wp-content/themes/kadence/assets/css/global.min.css?ver=1.5.0 → 200 (?ms, -354B)
[2026-06-09T10:21:44.991Z] GET https://klaravex.de/wp-content/themes/kadence/assets/css/header.min.css?ver=1.5.0 → 200 (?ms, -354B)
[2026-06-09T10:21:44.991Z] GET https://klaravex.de/wp-content/themes/kadence/assets/css/content.min.css?ver=1.5.0 → 200 (?ms, -354B)
[2026-06-09T10:21:44.991Z] GET https://klaravex.de/wp-content/themes/kadence/assets/css/footer.min.css?ver=1.5.0 → 200 (?ms, -354B)
[2026-06-09T10:21:44.991Z] GET https://klaravex.de/wp-content/plugins/cookie-law-info/lite/frontend/js/script.min.js?ver=3.5.1 → 200 (?ms, -368B)
[2026-06-09T10:21:44.991Z] GET https://klaravex.de/wp-includes/js/utils.min.js?ver=2822dee7cdddd55f5eda9f8d36149e71 → 200 (?ms, -366B)
[2026-06-09T10:21:44.991Z] GET https://klaravex.de/wp-includes/js/jquery/jquery.min.js?ver=3.7.1 → 200 (?ms, -370B)
[2026-06-09T10:21:44.992Z] GET https://klaravex.de/wp-includes/js/jquery/jquery-migrate.min.js?ver=3.4.1 → 200 (?ms, -368B)
[2026-06-09T10:21:44.992Z] GET https://klaravex.de/wp-includes/js/plupload/moxie.min.js?ver=1.3.5.1 → 200 (?ms, -370B)
[2026-06-09T10:21:44.992Z] GET https://klaravex.de/wp-includes/js/plupload/plupload.min.js?ver=2.1.9 → 200 (?ms, -368B)
[2026-06-09T10:21:44.992Z] GET https://fonts.googleapis.com/css2?family=Syne:wght@600;700;800&family=Inter:wght@400;500;600;700&display=swap → 200 (?ms, -698B)
[2026-06-09T10:21:44.992Z] GET https://klaravex.de/wp-content/uploads/2026/06/klaravex-logo-white.svg → 200 (?ms, -357B)
[2026-06-09T10:21:45.023Z] GET https://fonts.gstatic.com/s/inter/v20/UcC73FwrK3iLTeHuS_nVMrMxCp50SjIa1ZL7W0Q5nw.woff2 → 200 (?ms, -815B)
[2026-06-09T10:21:45.023Z] GET https://fonts.gstatic.com/s/syne/v24/8vIH7w4qzmVxm2BL9G78HEY.woff2 → 200 (?ms, -815B)
[2026-06-09T10:21:45.052Z] GET https://klaravex.de/wp-includes/js/underscore.min.js?ver=1.13.8 → 200 (?ms, -368B)
[2026-06-09T10:21:45.052Z] GET https://klaravex.de/wp-includes/js/shortcode.min.js?ver=2822dee7cdddd55f5eda9f8d36149e71 → 200 (?ms, -367B)
[2026-06-09T10:21:45.052Z] GET https://klaravex.de/wp-includes/js/backbone.min.js?ver=1.6.1 → 200 (?ms, -368B)
[2026-06-09T10:21:45.052Z] GET https://klaravex.de/wp-includes/js/wp-util.min.js?ver=2822dee7cdddd55f5eda9f8d36149e71 → 200 (?ms, -366B)
[2026-06-09T10:21:45.053Z] GET https://klaravex.de/wp-includes/js/wp-backbone.min.js?ver=2822dee7cdddd55f5eda9f8d36149e71 → 200 (?ms, -367B)
[2026-06-09T10:21:45.053Z] GET https://klaravex.de/wp-includes/js/media-models.min.js?ver=2822dee7cdddd55f5eda9f8d36149e71 → 200 (?ms, -368B)
[2026-06-09T10:21:45.053Z] GET https://klaravex.de/wp-includes/js/plupload/wp-plupload.min.js?ver=2822dee7cdddd55f5eda9f8d36149e71 → 200 (?ms, -368B)
[2026-06-09T10:21:45.053Z] GET https://klaravex.de/wp-includes/js/jquery/ui/core.min.js?ver=1.13.3 → 200 (?ms, -368B)
[2026-06-09T10:21:45.053Z] GET https://klaravex.de/wp-includes/js/jquery/ui/mouse.min.js?ver=1.13.3 → 200 (?ms, -367B)
[2026-06-09T10:21:45.053Z] GET https://klaravex.de/wp-includes/js/jquery/ui/sortable.min.js?ver=1.13.3 → 200 (?ms, -368B)
[2026-06-09T10:21:45.053Z] GET https://klaravex.de/wp-includes/js/mediaelement/mediaelement-and-player.min.js?ver=4.2.17 → 200 (?ms, -370B)
[2026-06-09T10:21:45.053Z] GET https://klaravex.de/wp-includes/js/mediaelement/mediaelement-migrate.min.js?ver=2822dee7cdddd55f5eda9f8d36149e71 → 200 (?ms, -366B)
[2026-06-09T10:21:45.054Z] GET https://klaravex.de/wp-includes/js/mediaelement/wp-mediaelement.min.js?ver=2822dee7cdddd55f5eda9f8d36149e71 → 200 (?ms, -366B)
[2026-06-09T10:21:45.054Z] GET https://klaravex.de/wp-includes/js/api-request.min.js?ver=2822dee7cdddd55f5eda9f8d36149e71 → 200 (?ms, -366B)
[2026-06-09T10:21:45.054Z] GET https://klaravex.de/wp-includes/js/dist/dom-ready.min.js?ver=a06281ae5cf5500e9317 → 200 (?ms, -366B)
[2026-06-09T10:21:45.054Z] GET https://klaravex.de/wp-includes/js/dist/hooks.min.js?ver=7496969728ca0f95732d → 200 (?ms, -368B)
[2026-06-09T10:21:45.054Z] GET https://klaravex.de/wp-includes/js/dist/i18n.min.js?ver=781d11515ad3d91786ec → 200 (?ms, -368B)
[2026-06-09T10:21:45.054Z] GET https://klaravex.de/wp-includes/js/dist/a11y.min.js?ver=af934e5259bc51b8718e → 200 (?ms, -366B)
[2026-06-09T10:21:45.054Z] GET https://klaravex.de/wp-includes/js/clipboard.min.js?ver=2.0.11 → 200 (?ms, -368B)
[2026-06-09T10:21:45.054Z] GET https://klaravex.de/wp-includes/js/media-views.min.js?ver=2822dee7cdddd55f5eda9f8d36149e71 → 200 (?ms, -370B)
[2026-06-09T10:21:45.054Z] GET https://klaravex.de/wp-includes/js/media-editor.min.js?ver=2822dee7cdddd55f5eda9f8d36149e71 → 200 (?ms, -368B)
[2026-06-09T10:21:45.055Z] GET https://klaravex.de/wp-includes/js/media-audiovideo.min.js?ver=2822dee7cdddd55f5eda9f8d36149e71 → 200 (?ms, -367B)
[2026-06-09T10:21:45.055Z] GET https://klaravex.de/wp-content/plugins/extendify/public/build/extendify-vendors-255bc3d8f7c3e44bb191.js?ver=3.0.6 → 200 (?ms, -371B)
[2026-06-09T10:21:45.055Z] GET https://klaravex.de/wp-content/plugins/extendify/public/build/extendify-common-3d1170346702178d0a92.js?ver=3.0.6 → 200 (?ms, -370B)
[2026-06-09T10:21:45.055Z] GET https://klaravex.de/wp-content/plugins/extendify/public/build/extendify-runtime-738467d8d280a3334dc0.js?ver=bdf162508cbe90e9c1e6 → 200 (?ms, -366B)
[2026-06-09T10:21:45.055Z] GET https://klaravex.de/wp-includes/js/dist/vendor/react.min.js?ver=18.3.1.1 → 200 (?ms, -368B)
[2026-06-09T10:21:45.055Z] GET https://klaravex.de/wp-includes/js/dist/vendor/react-dom.min.js?ver=18.3.1.1 → 200 (?ms, -370B)
[2026-06-09T10:21:45.055Z] GET https://klaravex.de/wp-includes/js/dist/vendor/react-jsx-runtime.min.js?ver=18.3.1 → 200 (?ms, -366B)
[2026-06-09T10:21:45.055Z] GET https://klaravex.de/wp-includes/js/dist/url.min.js?ver=bb0f766c3d2efe497871 → 200 (?ms, -368B)
[2026-06-09T10:21:45.056Z] GET https://klaravex.de/wp-includes/js/dist/api-fetch.min.js?ver=d7efe4dc1468d36c39b8 → 200 (?ms, -368B)
[2026-06-09T10:21:45.056Z] GET https://klaravex.de/wp-includes/js/dist/deprecated.min.js?ver=990e85f234fee8f7d446 → 200 (?ms, -366B)
[2026-06-09T10:21:45.056Z] GET https://klaravex.de/wp-includes/js/dist/dom.min.js?ver=66a6cf58e0c4cd128af0 → 200 (?ms, -368B)
[2026-06-09T10:21:45.056Z] GET https://klaravex.de/wp-includes/js/dist/escape-html.min.js?ver=3f093e5cca67aa0f8b56 → 200 (?ms, -366B)
[2026-06-09T10:21:45.056Z] GET https://klaravex.de/wp-includes/js/dist/element.min.js?ver=15ba804677f72a8db97b → 200 (?ms, -367B)
[2026-06-09T10:21:45.056Z] GET https://klaravex.de/wp-includes/js/dist/is-shallow-equal.min.js?ver=5d84b9f3cb50d2ce7d04 → 200 (?ms, -366B)
[2026-06-09T10:21:45.056Z] GET https://klaravex.de/wp-includes/js/dist/keycodes.min.js?ver=aa1a141e3468afe7f852 → 200 (?ms, -367B)
[2026-06-09T10:21:45.056Z] GET https://klaravex.de/wp-includes/js/dist/priority-queue.min.js?ver=1f0e89e247bc0bd3f9b9 → 200 (?ms, -367B)
[2026-06-09T10:21:45.057Z] GET https://klaravex.de/wp-includes/js/dist/undo-manager.min.js?ver=27bb0ae036a2c9d4a1b5 → 200 (?ms, -366B)
[2026-06-09T10:21:45.057Z] GET https://klaravex.de/wp-includes/js/dist/compose.min.js?ver=edb5a8c0b5bf71686403 → 200 (?ms, -369B)
[2026-06-09T10:21:45.071Z] GET https://klaravex.de/wp-includes/js/dist/vendor/moment.min.js?ver=2.30.1 → 200 (?ms, -369B)
[2026-06-09T10:21:45.071Z] GET https://klaravex.de/wp-includes/js/dist/date.min.js?ver=c9f8e7dd3232716f34e9 → 200 (?ms, -370B)
[2026-06-09T10:21:45.071Z] GET https://klaravex.de/wp-includes/js/dist/html-entities.min.js?ver=8c6fa5b869dfeadc4af2 → 200 (?ms, -366B)
[2026-06-09T10:21:45.071Z] GET https://klaravex.de/wp-includes/js/dist/primitives.min.js?ver=a5c905ec27bcd76ef287 → 200 (?ms, -366B)
[2026-06-09T10:21:45.071Z] GET https://klaravex.de/wp-includes/js/dist/private-apis.min.js?ver=835912f0086b9e59aed4 → 200 (1ms, -366B)
[2026-06-09T10:21:45.072Z] GET https://klaravex.de/wp-includes/js/dist/redux-routine.min.js?ver=64f9f5001aabc046c605 → 200 (?ms, -368B)
[2026-06-09T10:21:45.072Z] GET https://klaravex.de/wp-includes/js/dist/data.min.js?ver=1756b6a2676c1b3369ab → 200 (?ms, -368B)
[2026-06-09T10:21:45.072Z] GET https://klaravex.de/wp-includes/js/dist/rich-text.min.js?ver=16449e6108f48327f368 → 200 (?ms, -369B)
[2026-06-09T10:21:45.072Z] GET https://klaravex.de/wp-includes/js/dist/warning.min.js?ver=36fdbdc984d93aee8a97 → 200 (1ms, -366B)
[2026-06-09T10:21:45.073Z] GET https://klaravex.de/wp-includes/js/dist/components.min.js?ver=5dedfe13f08880193a28 → 200 (?ms, -371B)
[2026-06-09T10:21:45.102Z] GET https://klaravex.de/wp-content/plugins/extendify/public/build/extendify-shared-ab4d850930db8cf9e219.js?ver=f9e9c4be5efcc475ce1f → 200 (?ms, -367B)
[2026-06-09T10:21:45.102Z] GET https://klaravex.de/wp-content/themes/kadence/assets/js/navigation.min.js?ver=1.5.0 → 200 (?ms, -546B)
[2026-06-09T10:21:45.103Z] GET https://klaravex.de/wp-content/plugins/google-site-kit/dist/assets/js/googlesitekit-events-provider-wpforms-fcdfcbdf65e9ba33accc.js → 200 (?ms, -366B)
[2026-06-09T10:21:45.103Z] GET https://klaravex.de/wp-content/plugins/cookie-law-info/lite/frontend/images/revisit.svg → 200 (?ms, -357B)
[2026-06-09T10:21:45.103Z] GET https://klaravex.de/wp-content/plugins/cookie-law-info/lite/frontend/images/close.svg → 200 (?ms, -356B)
[2026-06-09T10:21:45.103Z] GET https://fonts.googleapis.com/css2?family=Syne:wght@700;800&family=Inter:wght@400;500;600&display=swap → 200 (?ms, -698B)
[2026-06-09T10:21:48.409Z] GET https://klaravex.com/knowledge-base/security/?v=1781000508 → pending (?ms, ?B)
[2026-06-09T10:21:49.001Z] GET https://klaravex.com/wp-content/plugins/contact-form-7/includes/css/styles.css → 200 (1ms, -352B)
[2026-06-09T10:21:49.001Z] GET https://fonts.googleapis.com/css2?family=Syne:wght@700;800&family=Inter:wght@400;500;600&display=swap → 200 (1ms, -698B)
[2026-06-09T10:21:49.002Z] GET https://klaravex.com/wp-content/themes/klaravex-theme/assets/css/main.css → 200 (?ms, -354B)
[2026-06-09T10:21:49.002Z] GET https://klaravex.com/wp-content/plugins/cookie-law-info/lite/frontend/js/script.min.js → 200 (1ms, -368B)
[2026-06-09T10:21:49.002Z] GET https://fonts.googleapis.com/css2?family=Syne:wght@700;800&display=swap → 200 (?ms, -698B)
[2026-06-09T10:21:49.026Z] GET https://fonts.gstatic.com/s/inter/v20/UcC73FwrK3iLTeHuS_nVMrMxCp50SjIa1ZL7W0Q5nw.woff2 → 200 (?ms, -815B)
[2026-06-09T10:21:49.026Z] GET https://fonts.gstatic.com/s/syne/v24/8vIH7w4qzmVxm2BL9G78HEY.woff2 → 200 (?ms, -815B)
[2026-06-09T10:21:49.038Z] GET https://klaravex.com/wp-content/plugins/accessibility-widget/lite/frontend/assets/js/widget.min.js → 200 (22ms, -370B)
[2026-06-09T10:21:49.038Z] GET https://klaravex.com/wp-includes/js/dist/hooks.min.js → 200 (21ms, -367B)
[2026-06-09T10:21:49.039Z] GET https://klaravex.com/wp-includes/js/dist/i18n.min.js → 200 (21ms, -368B)
[2026-06-09T10:21:49.039Z] GET https://klaravex.com/wp-content/plugins/contact-form-7/includes/swv/js/index.js → 200 (20ms, -368B)
[2026-06-09T10:21:49.039Z] GET https://klaravex.com/wp-content/plugins/contact-form-7/includes/js/index.js → 200 (21ms, -368B)
[2026-06-09T10:21:49.039Z] GET https://unpkg.com/@phosphor-icons/web@2.1.1/src/index.js → 200 (21ms, -764B)
[2026-06-09T10:21:49.039Z] GET https://klaravex.com/wp-content/themes/klaravex-theme/assets/js/main.js → 200 (20ms, -367B)
[2026-06-09T10:21:49.064Z] GET https://unpkg.com/@phosphor-icons/web@2.1.1/src/regular/style.css → 200 (42ms, -741B)
[2026-06-09T10:21:49.064Z] GET https://unpkg.com/@phosphor-icons/web@2.1.1/src/thin/style.css → 200 (44ms, -741B)
[2026-06-09T10:21:49.064Z] GET https://unpkg.com/@phosphor-icons/web@2.1.1/src/light/style.css → 200 (45ms, -741B)
[2026-06-09T10:21:49.064Z] GET https://unpkg.com/@phosphor-icons/web@2.1.1/src/bold/style.css → 200 (46ms, -742B)
[2026-06-09T10:21:49.064Z] GET https://unpkg.com/@phosphor-icons/web@2.1.1/src/fill/style.css → 200 (48ms, -741B)
[2026-06-09T10:21:49.064Z] GET https://unpkg.com/@phosphor-icons/web@2.1.1/src/duotone/style.css → 200 (50ms, -741B)
[2026-06-09T10:21:49.067Z] GET blob:https://klaravex.com/97f90c86-6368-4ca8-a45c-88e8868d5409 → 200 (85ms, -73B)
[2026-06-09T10:21:49.105Z] GET https://klaravex.com/wp-content/plugins/cookie-law-info/lite/frontend/images/revisit.svg → 200 (10ms, -357B)
[2026-06-09T10:21:49.105Z] GET https://klaravex.com/wp-content/plugins/cookie-law-info/lite/frontend/images/close.svg → 200 (10ms, -357B)
[2026-06-09T10:21:49.190Z] GET https://klaravex.com/wp-includes/js/wp-emoji-release.min.js → 200 (?ms, -368B)
[2026-06-09T10:21:49.191Z] GET https://s.w.org/images/core/emoji/17.0.2/svg/1f44b.svg → 200 (1ms, -492B)
[2026-06-09T10:23:16.550Z] GET https://klaravex.de/knowledge-base/?lang=de&v=1781000596 → pending (?ms, ?B)
[2026-06-09T10:23:17.671Z] GET https://klaravex.de/wp-includes/css/buttons.min.css?ver=2822dee7cdddd55f5eda9f8d36149e71 → 200 (?ms, -354B)
[2026-06-09T10:23:17.671Z] GET https://klaravex.de/wp-includes/css/dashicons.min.css?ver=2822dee7cdddd55f5eda9f8d36149e71 → 200 (1ms, -355B)
[2026-06-09T10:23:17.671Z] GET https://klaravex.de/wp-includes/js/mediaelement/mediaelementplayer-legacy.min.css?ver=4.2.17 → 200 (1ms, -354B)
[2026-06-09T10:23:17.671Z] GET https://klaravex.de/wp-includes/js/mediaelement/wp-mediaelement.min.css?ver=2822dee7cdddd55f5eda9f8d36149e71 → 200 (1ms, -353B)
[2026-06-09T10:23:17.671Z] GET https://klaravex.de/wp-includes/css/media-views.min.css?ver=2822dee7cdddd55f5eda9f8d36149e71 → 200 (2ms, -353B)
[2026-06-09T10:23:17.671Z] GET https://klaravex.de/wp-includes/js/imgareaselect/imgareaselect.css?ver=0.9.8 → 200 (2ms, -352B)
[2026-06-09T10:23:17.671Z] GET https://klaravex.de/wp-includes/css/dist/components/style.min.css?ver=2822dee7cdddd55f5eda9f8d36149e71 → 200 (2ms, -356B)
[2026-06-09T10:23:17.671Z] GET https://klaravex.de/wp-content/plugins/extendify/public/build/extendify-shared.css?ver=3.0.6 → 200 (3ms, -354B)
[2026-06-09T10:23:17.671Z] GET https://klaravex.de/wp-content/plugins/google-analytics-for-wordpress/lite/assets/admin-bar/insights.css?ver=9456bd1f8aae1e62dea8 → 200 (3ms, -353B)
[2026-06-09T10:23:17.671Z] GET https://klaravex.de/wp-content/themes/kadence/assets/css/global.min.css?ver=1.5.0 → 200 (3ms, -354B)
[2026-06-09T10:23:17.671Z] GET https://klaravex.de/wp-content/themes/kadence/assets/css/header.min.css?ver=1.5.0 → 200 (4ms, -354B)
[2026-06-09T10:23:17.671Z] GET https://klaravex.de/wp-content/themes/kadence/assets/css/content.min.css?ver=1.5.0 → 200 (4ms, -354B)
[2026-06-09T10:23:17.671Z] GET https://klaravex.de/wp-content/themes/kadence/assets/css/footer.min.css?ver=1.5.0 → 200 (4ms, -354B)
[2026-06-09T10:23:17.671Z] GET https://klaravex.de/wp-content/plugins/cookie-law-info/lite/frontend/js/script.min.js?ver=3.5.1 → 200 (14ms, -368B)
[2026-06-09T10:23:17.671Z] GET https://klaravex.de/wp-includes/js/utils.min.js?ver=2822dee7cdddd55f5eda9f8d36149e71 → 200 (14ms, -366B)
[2026-06-09T10:23:17.671Z] GET https://klaravex.de/wp-includes/js/jquery/jquery.min.js?ver=3.7.1 → 200 (15ms, -370B)
[2026-06-09T10:23:17.671Z] GET https://klaravex.de/wp-includes/js/jquery/jquery-migrate.min.js?ver=3.4.1 → 200 (14ms, -368B)
[2026-06-09T10:23:17.671Z] GET https://klaravex.de/wp-includes/js/plupload/moxie.min.js?ver=1.3.5.1 → 200 (15ms, -370B)
[2026-06-09T10:23:17.671Z] GET https://klaravex.de/wp-includes/js/plupload/plupload.min.js?ver=2.1.9 → 200 (15ms, -368B)
[2026-06-09T10:23:17.671Z] GET https://fonts.googleapis.com/css2?family=Syne:wght@600;700;800&family=Inter:wght@400;500;600;700&display=swap → 200 (6ms, -698B)
[2026-06-09T10:23:17.671Z] GET https://klaravex.de/wp-content/uploads/2026/06/klaravex-logo-white.svg → 200 (13ms, -357B)
[2026-06-09T10:23:17.710Z] GET https://fonts.gstatic.com/s/inter/v20/UcC73FwrK3iLTeHuS_nVMrMxCp50SjIa1ZL7W0Q5nw.woff2 → 200 (?ms, -815B)
[2026-06-09T10:23:17.710Z] GET https://fonts.gstatic.com/s/syne/v24/8vIH7w4qzmVxm2BL9G78HEY.woff2 → 200 (?ms, -815B)
[2026-06-09T10:23:17.721Z] GET https://klaravex.de/wp-includes/js/underscore.min.js?ver=1.13.8 → 200 (4ms, -368B)
[2026-06-09T10:23:17.721Z] GET https://klaravex.de/wp-includes/js/shortcode.min.js?ver=2822dee7cdddd55f5eda9f8d36149e71 → 200 (4ms, -367B)
[2026-06-09T10:23:17.721Z] GET https://klaravex.de/wp-includes/js/backbone.min.js?ver=1.6.1 → 200 (4ms, -368B)
[2026-06-09T10:23:17.721Z] GET https://klaravex.de/wp-includes/js/wp-util.min.js?ver=2822dee7cdddd55f5eda9f8d36149e71 → 200 (4ms, -366B)
[2026-06-09T10:23:17.721Z] GET https://klaravex.de/wp-includes/js/wp-backbone.min.js?ver=2822dee7cdddd55f5eda9f8d36149e71 → 200 (5ms, -367B)
[2026-06-09T10:23:17.721Z] GET https://klaravex.de/wp-includes/js/media-models.min.js?ver=2822dee7cdddd55f5eda9f8d36149e71 → 200 (5ms, -368B)
[2026-06-09T10:23:17.721Z] GET https://klaravex.de/wp-includes/js/plupload/wp-plupload.min.js?ver=2822dee7cdddd55f5eda9f8d36149e71 → 200 (5ms, -368B)
[2026-06-09T10:23:17.721Z] GET https://klaravex.de/wp-includes/js/jquery/ui/core.min.js?ver=1.13.3 → 200 (5ms, -368B)
[2026-06-09T10:23:17.721Z] GET https://klaravex.de/wp-includes/js/jquery/ui/mouse.min.js?ver=1.13.3 → 200 (5ms, -367B)
[2026-06-09T10:23:17.721Z] GET https://klaravex.de/wp-includes/js/jquery/ui/sortable.min.js?ver=1.13.3 → 200 (5ms, -368B)
[2026-06-09T10:23:17.721Z] GET https://klaravex.de/wp-includes/js/mediaelement/mediaelement-and-player.min.js?ver=4.2.17 → 200 (14ms, -370B)
[2026-06-09T10:23:17.721Z] GET https://klaravex.de/wp-includes/js/mediaelement/mediaelement-migrate.min.js?ver=2822dee7cdddd55f5eda9f8d36149e71 → 200 (6ms, -366B)
[2026-06-09T10:23:17.722Z] GET https://klaravex.de/wp-includes/js/mediaelement/wp-mediaelement.min.js?ver=2822dee7cdddd55f5eda9f8d36149e71 → 200 (5ms, -366B)
[2026-06-09T10:23:17.722Z] GET https://klaravex.de/wp-includes/js/api-request.min.js?ver=2822dee7cdddd55f5eda9f8d36149e71 → 200 (5ms, -366B)
[2026-06-09T10:23:17.722Z] GET https://klaravex.de/wp-includes/js/dist/dom-ready.min.js?ver=a06281ae5cf5500e9317 → 200 (5ms, -366B)
[2026-06-09T10:23:17.722Z] GET https://klaravex.de/wp-includes/js/dist/hooks.min.js?ver=7496969728ca0f95732d → 200 (5ms, -368B)
[2026-06-09T10:23:17.722Z] GET https://klaravex.de/wp-includes/js/dist/i18n.min.js?ver=781d11515ad3d91786ec → 200 (6ms, -368B)
[2026-06-09T10:23:17.722Z] GET https://klaravex.de/wp-includes/js/dist/a11y.min.js?ver=af934e5259bc51b8718e → 200 (6ms, -366B)
[2026-06-09T10:23:17.723Z] GET https://klaravex.de/wp-includes/js/clipboard.min.js?ver=2.0.11 → 200 (5ms, -368B)
[2026-06-09T10:23:17.723Z] GET https://klaravex.de/wp-includes/js/media-views.min.js?ver=2822dee7cdddd55f5eda9f8d36149e71 → 200 (10ms, -370B)
[2026-06-09T10:23:17.723Z] GET https://klaravex.de/wp-includes/js/media-editor.min.js?ver=2822dee7cdddd55f5eda9f8d36149e71 → 200 (5ms, -368B)
[2026-06-09T10:23:17.723Z] GET https://klaravex.de/wp-includes/js/media-audiovideo.min.js?ver=2822dee7cdddd55f5eda9f8d36149e71 → 200 (6ms, -367B)
[2026-06-09T10:23:17.723Z] GET https://klaravex.de/wp-content/plugins/extendify/public/build/extendify-vendors-255bc3d8f7c3e44bb191.js?ver=3.0.6 → 200 (15ms, -371B)
[2026-06-09T10:23:17.723Z] GET https://klaravex.de/wp-content/plugins/extendify/public/build/extendify-common-3d1170346702178d0a92.js?ver=3.0.6 → 200 (12ms, -370B)
[2026-06-09T10:23:17.724Z] GET https://klaravex.de/wp-content/plugins/extendify/public/build/extendify-runtime-738467d8d280a3334dc0.js?ver=bdf162508cbe90e9c1e6 → 200 (5ms, -366B)
[2026-06-09T10:23:17.724Z] GET https://klaravex.de/wp-includes/js/dist/vendor/react.min.js?ver=18.3.1.1 → 200 (8ms, -368B)
[2026-06-09T10:23:17.724Z] GET https://klaravex.de/wp-includes/js/dist/vendor/react-dom.min.js?ver=18.3.1.1 → 200 (11ms, -370B)
[2026-06-09T10:23:17.724Z] GET https://klaravex.de/wp-includes/js/dist/vendor/react-jsx-runtime.min.js?ver=18.3.1 → 200 (8ms, -366B)
[2026-06-09T10:23:17.724Z] GET https://klaravex.de/wp-includes/js/dist/url.min.js?ver=bb0f766c3d2efe497871 → 200 (8ms, -368B)
[2026-06-09T10:23:17.724Z] GET https://klaravex.de/wp-includes/js/dist/api-fetch.min.js?ver=d7efe4dc1468d36c39b8 → 200 (8ms, -368B)
[2026-06-09T10:23:17.724Z] GET https://klaravex.de/wp-includes/js/dist/deprecated.min.js?ver=990e85f234fee8f7d446 → 200 (8ms, -366B)
[2026-06-09T10:23:17.724Z] GET https://klaravex.de/wp-includes/js/dist/dom.min.js?ver=66a6cf58e0c4cd128af0 → 200 (8ms, -368B)
[2026-06-09T10:23:17.724Z] GET https://klaravex.de/wp-includes/js/dist/escape-html.min.js?ver=3f093e5cca67aa0f8b56 → 200 (9ms, -366B)
[2026-06-09T10:23:17.724Z] GET https://klaravex.de/wp-includes/js/dist/element.min.js?ver=15ba804677f72a8db97b → 200 (9ms, -367B)
[2026-06-09T10:23:17.724Z] GET https://klaravex.de/wp-includes/js/dist/is-shallow-equal.min.js?ver=5d84b9f3cb50d2ce7d04 → 200 (9ms, -366B)
[2026-06-09T10:23:17.724Z] GET https://klaravex.de/wp-includes/js/dist/keycodes.min.js?ver=aa1a141e3468afe7f852 → 200 (9ms, -367B)
[2026-06-09T10:23:17.724Z] GET https://klaravex.de/wp-includes/js/dist/priority-queue.min.js?ver=1f0e89e247bc0bd3f9b9 → 200 (9ms, -367B)
[2026-06-09T10:23:17.724Z] GET https://klaravex.de/wp-includes/js/dist/undo-manager.min.js?ver=27bb0ae036a2c9d4a1b5 → 200 (9ms, -366B)
[2026-06-09T10:23:17.724Z] GET https://klaravex.de/wp-includes/js/dist/compose.min.js?ver=edb5a8c0b5bf71686403 → 200 (9ms, -369B)
[2026-06-09T10:23:17.724Z] GET https://klaravex.de/wp-includes/js/dist/vendor/moment.min.js?ver=2.30.1 → 200 (9ms, -369B)
[2026-06-09T10:23:17.724Z] GET https://klaravex.de/wp-includes/js/dist/date.min.js?ver=c9f8e7dd3232716f34e9 → 200 (11ms, -370B)
[2026-06-09T10:23:17.724Z] GET https://klaravex.de/wp-includes/js/dist/html-entities.min.js?ver=8c6fa5b869dfeadc4af2 → 200 (10ms, -366B)
[2026-06-09T10:23:17.724Z] GET https://klaravex.de/wp-includes/js/dist/primitives.min.js?ver=a5c905ec27bcd76ef287 → 200 (10ms, -366B)
[2026-06-09T10:23:17.724Z] GET https://klaravex.de/wp-includes/js/dist/private-apis.min.js?ver=835912f0086b9e59aed4 → 200 (10ms, -366B)
[2026-06-09T10:23:17.724Z] GET https://klaravex.de/wp-includes/js/dist/redux-routine.min.js?ver=64f9f5001aabc046c605 → 200 (10ms, -368B)
[2026-06-09T10:23:17.724Z] GET https://klaravex.de/wp-includes/js/dist/data.min.js?ver=1756b6a2676c1b3369ab → 200 (11ms, -368B)
[2026-06-09T10:23:17.724Z] GET https://klaravex.de/wp-includes/js/dist/rich-text.min.js?ver=16449e6108f48327f368 → 200 (10ms, -369B)
[2026-06-09T10:23:17.724Z] GET https://klaravex.de/wp-includes/js/dist/warning.min.js?ver=36fdbdc984d93aee8a97 → 200 (10ms, -366B)
[2026-06-09T10:23:17.725Z] GET https://klaravex.de/wp-includes/js/dist/components.min.js?ver=5dedfe13f08880193a28 → 200 (25ms, -371B)
[2026-06-09T10:23:17.725Z] GET https://klaravex.de/wp-content/plugins/extendify/public/build/extendify-shared-ab4d850930db8cf9e219.js?ver=f9e9c4be5efcc475ce1f → 200 (9ms, -367B)
[2026-06-09T10:23:17.725Z] GET https://klaravex.de/wp-content/themes/kadence/assets/js/navigation.min.js?ver=1.5.0 → 200 (10ms, -546B)
[2026-06-09T10:23:17.725Z] GET https://klaravex.de/wp-content/plugins/google-site-kit/dist/assets/js/googlesitekit-events-provider-wpforms-fcdfcbdf65e9ba33accc.js → 200 (10ms, -366B)
[2026-06-09T10:23:17.831Z] GET https://klaravex.de/wp-content/plugins/cookie-law-info/lite/frontend/images/revisit.svg → 200 (1ms, -357B)
[2026-06-09T10:23:17.831Z] GET https://klaravex.de/wp-content/plugins/cookie-law-info/lite/frontend/images/close.svg → 200 (1ms, -356B)
[2026-06-09T10:23:17.831Z] GET https://fonts.googleapis.com/css2?family=Syne:wght@700;800&family=Inter:wght@400;500;600&display=swap → 200 (1ms, -698B)
[2026-06-09T10:23:21.114Z] GET https://klaravex.com/knowledge-base/security/?v=1781000600 → 200 (543ms, 67808B)
[2026-06-09T10:23:21.665Z] GET https://klaravex.com/wp-content/plugins/contact-form-7/includes/css/styles.css → 200 (?ms, -352B)
[2026-06-09T10:23:21.665Z] GET https://fonts.googleapis.com/css2?family=Syne:wght@700;800&family=Inter:wght@400;500;600&display=swap → 200 (1ms, -698B)
[2026-06-09T10:23:21.665Z] GET https://klaravex.com/wp-content/themes/klaravex-theme/assets/css/main.css → 200 (1ms, -354B)
[2026-06-09T10:23:21.665Z] GET https://klaravex.com/wp-content/plugins/cookie-law-info/lite/frontend/js/script.min.js → 200 (1ms, -368B)
[2026-06-09T10:23:21.665Z] GET https://fonts.googleapis.com/css2?family=Syne:wght@700;800&display=swap → 200 (1ms, -698B)
[2026-06-09T10:23:21.687Z] GET https://fonts.gstatic.com/s/inter/v20/UcC73FwrK3iLTeHuS_nVMrMxCp50SjIa1ZL7W0Q5nw.woff2 → 200 (1ms, -815B)
[2026-06-09T10:23:21.688Z] GET https://fonts.gstatic.com/s/syne/v24/8vIH7w4qzmVxm2BL9G78HEY.woff2 → 200 (?ms, -815B)
[2026-06-09T10:23:21.723Z] GET https://klaravex.com/wp-content/plugins/accessibility-widget/lite/frontend/assets/js/widget.min.js → 200 (5ms, -370B)
[2026-06-09T10:23:21.723Z] GET https://klaravex.com/wp-includes/js/dist/hooks.min.js → 200 (2ms, -367B)
[2026-06-09T10:23:21.723Z] GET https://klaravex.com/wp-includes/js/dist/i18n.min.js → 200 (4ms, -368B)
[2026-06-09T10:23:21.723Z] GET https://klaravex.com/wp-content/plugins/contact-form-7/includes/swv/js/index.js → 200 (5ms, -368B)
[2026-06-09T10:23:21.723Z] GET https://klaravex.com/wp-content/plugins/contact-form-7/includes/js/index.js → 200 (5ms, -368B)
[2026-06-09T10:23:21.723Z] GET https://unpkg.com/@phosphor-icons/web@2.1.1/src/index.js → 200 (5ms, -764B)
[2026-06-09T10:23:21.723Z] GET https://klaravex.com/wp-content/themes/klaravex-theme/assets/js/main.js → 200 (5ms, -367B)
[2026-06-09T10:23:21.732Z] GET https://unpkg.com/@phosphor-icons/web@2.1.1/src/regular/style.css → 200 (?ms, ?B)
[2026-06-09T10:23:21.732Z] GET https://unpkg.com/@phosphor-icons/web@2.1.1/src/thin/style.css → pending (?ms, ?B)
[2026-06-09T10:23:21.732Z] GET https://unpkg.com/@phosphor-icons/web@2.1.1/src/light/style.css → pending (?ms, ?B)
[2026-06-09T10:23:21.732Z] GET https://unpkg.com/@phosphor-icons/web@2.1.1/src/bold/style.css → pending (?ms, ?B)
[2026-06-09T10:23:21.732Z] GET https://unpkg.com/@phosphor-icons/web@2.1.1/src/fill/style.css → pending (?ms, ?B)
[2026-06-09T10:23:21.732Z] GET https://unpkg.com/@phosphor-icons/web@2.1.1/src/duotone/style.css → pending (?ms, ?B)
[2026-06-09T10:23:21.773Z] GET https://klaravex.com/wp-includes/js/wp-emoji-release.min.js → 200 (10ms, -368B)
[2026-06-09T10:23:21.773Z] GET https://klaravex.com/wp-content/plugins/cookie-law-info/lite/frontend/images/revisit.svg → 200 (9ms, -357B)
[2026-06-09T10:23:21.773Z] GET https://klaravex.com/wp-content/plugins/cookie-law-info/lite/frontend/images/close.svg → 200 (10ms, -357B)
[2026-06-09T10:23:21.818Z] GET https://s.w.org/images/core/emoji/17.0.2/svg/1f44b.svg → 200 (1ms, -492B)
[2026-06-09T10:23:34.731Z] GET https://klaravex.de/knowledge-base/?lang=de&z=1781000614 → pending (?ms, ?B)
[2026-06-09T10:23:35.579Z] GET https://klaravex.de/wp-includes/css/buttons.min.css?ver=2822dee7cdddd55f5eda9f8d36149e71 → 200 (?ms, -354B)
[2026-06-09T10:23:35.579Z] GET https://klaravex.de/wp-includes/css/dashicons.min.css?ver=2822dee7cdddd55f5eda9f8d36149e71 → 200 (?ms, -355B)
[2026-06-09T10:23:35.579Z] GET https://klaravex.de/wp-includes/js/mediaelement/mediaelementplayer-legacy.min.css?ver=4.2.17 → 200 (?ms, -354B)
[2026-06-09T10:23:35.579Z] GET https://klaravex.de/wp-includes/js/mediaelement/wp-mediaelement.min.css?ver=2822dee7cdddd55f5eda9f8d36149e71 → 200 (1ms, -353B)
[2026-06-09T10:23:35.579Z] GET https://klaravex.de/wp-includes/css/media-views.min.css?ver=2822dee7cdddd55f5eda9f8d36149e71 → 200 (1ms, -353B)
[2026-06-09T10:23:35.579Z] GET https://klaravex.de/wp-includes/js/imgareaselect/imgareaselect.css?ver=0.9.8 → 200 (1ms, -352B)
[2026-06-09T10:23:35.579Z] GET https://klaravex.de/wp-includes/css/dist/components/style.min.css?ver=2822dee7cdddd55f5eda9f8d36149e71 → 200 (2ms, -356B)
[2026-06-09T10:23:35.579Z] GET https://klaravex.de/wp-content/plugins/extendify/public/build/extendify-shared.css?ver=3.0.6 → 200 (2ms, -354B)
[2026-06-09T10:23:35.579Z] GET https://klaravex.de/wp-content/plugins/google-analytics-for-wordpress/lite/assets/admin-bar/insights.css?ver=9456bd1f8aae1e62dea8 → 200 (2ms, -353B)
[2026-06-09T10:23:35.579Z] GET https://klaravex.de/wp-content/themes/kadence/assets/css/global.min.css?ver=1.5.0 → 200 (3ms, -354B)
[2026-06-09T10:23:35.579Z] GET https://klaravex.de/wp-content/themes/kadence/assets/css/header.min.css?ver=1.5.0 → 200 (3ms, -354B)
[2026-06-09T10:23:35.579Z] GET https://klaravex.de/wp-content/themes/kadence/assets/css/content.min.css?ver=1.5.0 → 200 (3ms, -354B)
[2026-06-09T10:23:35.579Z] GET https://klaravex.de/wp-content/themes/kadence/assets/css/footer.min.css?ver=1.5.0 → 200 (3ms, -354B)
[2026-06-09T10:23:35.579Z] GET https://klaravex.de/wp-content/plugins/cookie-law-info/lite/frontend/js/script.min.js?ver=3.5.1 → 200 (4ms, -368B)
[2026-06-09T10:23:35.579Z] GET https://klaravex.de/wp-includes/js/utils.min.js?ver=2822dee7cdddd55f5eda9f8d36149e71 → 200 (4ms, -366B)
[2026-06-09T10:23:35.579Z] GET https://klaravex.de/wp-includes/js/jquery/jquery.min.js?ver=3.7.1 → 200 (13ms, -370B)
[2026-06-09T10:23:35.579Z] GET https://klaravex.de/wp-includes/js/jquery/jquery-migrate.min.js?ver=3.4.1 → 200 (4ms, -368B)
[2026-06-09T10:23:35.579Z] GET https://klaravex.de/wp-includes/js/plupload/moxie.min.js?ver=1.3.5.1 → 200 (13ms, -370B)
[2026-06-09T10:23:35.579Z] GET https://klaravex.de/wp-includes/js/plupload/plupload.min.js?ver=2.1.9 → 200 (4ms, -368B)
[2026-06-09T10:23:35.579Z] GET https://fonts.googleapis.com/css2?family=Syne:wght@600;700;800&family=Inter:wght@400;500;600;700&display=swap → 200 (3ms, -698B)
[2026-06-09T10:23:35.583Z] GET https://klaravex.de/wp-content/uploads/2026/06/klaravex-logo-white.svg → 200 (9ms, -357B)
[2026-06-09T10:23:35.619Z] GET https://fonts.gstatic.com/s/inter/v20/UcC73FwrK3iLTeHuS_nVMrMxCp50SjIa1ZL7W0Q5nw.woff2 → 200 (?ms, -815B)
[2026-06-09T10:23:35.619Z] GET https://fonts.gstatic.com/s/syne/v24/8vIH7w4qzmVxm2BL9G78HEY.woff2 → 200 (?ms, -815B)
[2026-06-09T10:23:35.629Z] GET https://klaravex.de/wp-includes/js/underscore.min.js?ver=1.13.8 → 200 (2ms, -368B)
[2026-06-09T10:23:35.629Z] GET https://klaravex.de/wp-includes/js/shortcode.min.js?ver=2822dee7cdddd55f5eda9f8d36149e71 → 200 (3ms, -367B)
[2026-06-09T10:23:35.629Z] GET https://klaravex.de/wp-includes/js/backbone.min.js?ver=1.6.1 → 200 (3ms, -368B)
[2026-06-09T10:23:35.629Z] GET https://klaravex.de/wp-includes/js/wp-util.min.js?ver=2822dee7cdddd55f5eda9f8d36149e71 → 200 (3ms, -366B)
[2026-06-09T10:23:35.629Z] GET https://klaravex.de/wp-includes/js/wp-backbone.min.js?ver=2822dee7cdddd55f5eda9f8d36149e71 → 200 (3ms, -367B)
[2026-06-09T10:23:35.629Z] GET https://klaravex.de/wp-includes/js/media-models.min.js?ver=2822dee7cdddd55f5eda9f8d36149e71 → 200 (4ms, -368B)
[2026-06-09T10:23:35.630Z] GET https://klaravex.de/wp-includes/js/plupload/wp-plupload.min.js?ver=2822dee7cdddd55f5eda9f8d36149e71 → 200 (3ms, -368B)
[2026-06-09T10:23:35.630Z] GET https://klaravex.de/wp-includes/js/jquery/ui/core.min.js?ver=1.13.3 → 200 (3ms, -368B)
[2026-06-09T10:23:35.630Z] GET https://klaravex.de/wp-includes/js/jquery/ui/mouse.min.js?ver=1.13.3 → 200 (3ms, -367B)
[2026-06-09T10:23:35.630Z] GET https://klaravex.de/wp-includes/js/jquery/ui/sortable.min.js?ver=1.13.3 → 200 (4ms, -368B)
[2026-06-09T10:23:35.630Z] GET https://klaravex.de/wp-includes/js/mediaelement/mediaelement-and-player.min.js?ver=4.2.17 → 200 (16ms, -370B)
[2026-06-09T10:23:35.630Z] GET https://klaravex.de/wp-includes/js/mediaelement/mediaelement-migrate.min.js?ver=2822dee7cdddd55f5eda9f8d36149e71 → 200 (4ms, -366B)
[2026-06-09T10:23:35.630Z] GET https://klaravex.de/wp-includes/js/mediaelement/wp-mediaelement.min.js?ver=2822dee7cdddd55f5eda9f8d36149e71 → 200 (5ms, -366B)
[2026-06-09T10:23:35.630Z] GET https://klaravex.de/wp-includes/js/api-request.min.js?ver=2822dee7cdddd55f5eda9f8d36149e71 → 200 (5ms, -366B)
[2026-06-09T10:23:35.630Z] GET https://klaravex.de/wp-includes/js/dist/dom-ready.min.js?ver=a06281ae5cf5500e9317 → 200 (6ms, -366B)
[2026-06-09T10:23:35.630Z] GET https://klaravex.de/wp-includes/js/dist/hooks.min.js?ver=7496969728ca0f95732d → 200 (7ms, -368B)
[2026-06-09T10:23:35.630Z] GET https://klaravex.de/wp-includes/js/dist/i18n.min.js?ver=781d11515ad3d91786ec → 200 (7ms, -368B)
[2026-06-09T10:23:35.630Z] GET https://klaravex.de/wp-includes/js/dist/a11y.min.js?ver=af934e5259bc51b8718e → 200 (8ms, -366B)
[2026-06-09T10:23:35.630Z] GET https://klaravex.de/wp-includes/js/clipboard.min.js?ver=2.0.11 → 200 (11ms, -368B)
[2026-06-09T10:23:35.630Z] GET https://klaravex.de/wp-includes/js/media-views.min.js?ver=2822dee7cdddd55f5eda9f8d36149e71 → 200 (15ms, -370B)
[2026-06-09T10:23:35.630Z] GET https://klaravex.de/wp-includes/js/media-editor.min.js?ver=2822dee7cdddd55f5eda9f8d36149e71 → 200 (11ms, -368B)
[2026-06-09T10:23:35.630Z] GET https://klaravex.de/wp-includes/js/media-audiovideo.min.js?ver=2822dee7cdddd55f5eda9f8d36149e71 → 200 (13ms, -367B)
[2026-06-09T10:23:35.630Z] GET https://klaravex.de/wp-content/plugins/extendify/public/build/extendify-vendors-255bc3d8f7c3e44bb191.js?ver=3.0.6 → 200 (17ms, -371B)
[2026-06-09T10:23:35.630Z] GET https://klaravex.de/wp-content/plugins/extendify/public/build/extendify-common-3d1170346702178d0a92.js?ver=3.0.6 → 200 (16ms, -370B)
[2026-06-09T10:23:35.630Z] GET https://klaravex.de/wp-content/plugins/extendify/public/build/extendify-runtime-738467d8d280a3334dc0.js?ver=bdf162508cbe90e9c1e6 → 200 (13ms, -366B)
[2026-06-09T10:23:35.630Z] GET https://klaravex.de/wp-includes/js/dist/vendor/react.min.js?ver=18.3.1.1 → 200 (13ms, -368B)
[2026-06-09T10:23:35.630Z] GET https://klaravex.de/wp-includes/js/dist/vendor/react-dom.min.js?ver=18.3.1.1 → 200 (16ms, -370B)
[2026-06-09T10:23:35.630Z] GET https://klaravex.de/wp-includes/js/dist/vendor/react-jsx-runtime.min.js?ver=18.3.1 → 200 (14ms, -366B)
[2026-06-09T10:23:35.630Z] GET https://klaravex.de/wp-includes/js/dist/url.min.js?ver=bb0f766c3d2efe497871 → 200 (14ms, -368B)
[2026-06-09T10:23:35.630Z] GET https://klaravex.de/wp-includes/js/dist/api-fetch.min.js?ver=d7efe4dc1468d36c39b8 → 200 (14ms, -368B)
[2026-06-09T10:23:35.630Z] GET https://klaravex.de/wp-includes/js/dist/deprecated.min.js?ver=990e85f234fee8f7d446 → 200 (14ms, -366B)
[2026-06-09T10:23:35.630Z] GET https://klaravex.de/wp-includes/js/dist/dom.min.js?ver=66a6cf58e0c4cd128af0 → 200 (14ms, -368B)
[2026-06-09T10:23:35.630Z] GET https://klaravex.de/wp-includes/js/dist/escape-html.min.js?ver=3f093e5cca67aa0f8b56 → 200 (14ms, -366B)
[2026-06-09T10:23:35.630Z] GET https://klaravex.de/wp-includes/js/dist/element.min.js?ver=15ba804677f72a8db97b → 200 (14ms, -367B)
[2026-06-09T10:23:35.630Z] GET https://klaravex.de/wp-includes/js/dist/is-shallow-equal.min.js?ver=5d84b9f3cb50d2ce7d04 → 200 (14ms, -366B)
[2026-06-09T10:23:35.630Z] GET https://klaravex.de/wp-includes/js/dist/keycodes.min.js?ver=aa1a141e3468afe7f852 → 200 (14ms, -367B)
[2026-06-09T10:23:35.631Z] GET https://klaravex.de/wp-includes/js/dist/priority-queue.min.js?ver=1f0e89e247bc0bd3f9b9 → 200 (13ms, -367B)
[2026-06-09T10:23:35.631Z] GET https://klaravex.de/wp-includes/js/dist/undo-manager.min.js?ver=27bb0ae036a2c9d4a1b5 → 200 (14ms, -366B)
[2026-06-09T10:23:35.631Z] GET https://klaravex.de/wp-includes/js/dist/compose.min.js?ver=edb5a8c0b5bf71686403 → 200 (14ms, -369B)
[2026-06-09T10:23:35.631Z] GET https://klaravex.de/wp-includes/js/dist/vendor/moment.min.js?ver=2.30.1 → 200 (14ms, -369B)
[2026-06-09T10:23:35.631Z] GET https://klaravex.de/wp-includes/js/dist/date.min.js?ver=c9f8e7dd3232716f34e9 → 200 (15ms, -370B)
[2026-06-09T10:23:35.631Z] GET https://klaravex.de/wp-includes/js/dist/html-entities.min.js?ver=8c6fa5b869dfeadc4af2 → 200 (14ms, -366B)
[2026-06-09T10:23:35.631Z] GET https://klaravex.de/wp-includes/js/dist/primitives.min.js?ver=a5c905ec27bcd76ef287 → 200 (14ms, -366B)
[2026-06-09T10:23:35.631Z] GET https://klaravex.de/wp-includes/js/dist/private-apis.min.js?ver=835912f0086b9e59aed4 → 200 (14ms, -366B)
[2026-06-09T10:23:35.631Z] GET https://klaravex.de/wp-includes/js/dist/redux-routine.min.js?ver=64f9f5001aabc046c605 → 200 (14ms, -368B)
[2026-06-09T10:23:35.631Z] GET https://klaravex.de/wp-includes/js/dist/data.min.js?ver=1756b6a2676c1b3369ab → 200 (15ms, -368B)
[2026-06-09T10:23:35.631Z] GET https://klaravex.de/wp-includes/js/dist/rich-text.min.js?ver=16449e6108f48327f368 → 200 (15ms, -369B)
[2026-06-09T10:23:35.631Z] GET https://klaravex.de/wp-includes/js/dist/warning.min.js?ver=36fdbdc984d93aee8a97 → 200 (14ms, -366B)
[2026-06-09T10:23:35.631Z] GET https://klaravex.de/wp-includes/js/dist/components.min.js?ver=5dedfe13f08880193a28 → 200 (27ms, -371B)
[2026-06-09T10:23:35.631Z] GET https://klaravex.de/wp-content/plugins/extendify/public/build/extendify-shared-ab4d850930db8cf9e219.js?ver=f9e9c4be5efcc475ce1f → 200 (15ms, -367B)
[2026-06-09T10:23:35.631Z] GET https://klaravex.de/wp-content/themes/kadence/assets/js/navigation.min.js?ver=1.5.0 → 200 (15ms, -546B)
[2026-06-09T10:23:35.631Z] GET https://klaravex.de/wp-content/plugins/google-site-kit/dist/assets/js/googlesitekit-events-provider-wpforms-fcdfcbdf65e9ba33accc.js → 200 (15ms, -366B)
[2026-06-09T10:23:35.735Z] GET https://klaravex.de/wp-content/plugins/cookie-law-info/lite/frontend/images/revisit.svg → 200 (2ms, -357B)
[2026-06-09T10:23:35.735Z] GET https://klaravex.de/wp-content/plugins/cookie-law-info/lite/frontend/images/close.svg → 200 (2ms, -356B)
[2026-06-09T10:23:35.735Z] GET https://fonts.googleapis.com/css2?family=Syne:wght@700;800&family=Inter:wght@400;500;600&display=swap → 200 (2ms, -698B)
[2026-06-09T10:23:39.176Z] GET https://klaravex.com/knowledge-base/security/?z=1781000619 → 200 (412ms, 67218B)
[2026-06-09T10:23:39.593Z] GET https://klaravex.com/wp-content/plugins/contact-form-7/includes/css/styles.css → 200 (1ms, -352B)
[2026-06-09T10:23:39.593Z] GET https://fonts.googleapis.com/css2?family=Syne:wght@700;800&family=Inter:wght@400;500;600&display=swap → 200 (1ms, -698B)
[2026-06-09T10:23:39.594Z] GET https://klaravex.com/wp-content/themes/klaravex-theme/assets/css/main.css → 200 (?ms, -354B)
[2026-06-09T10:23:39.594Z] GET https://klaravex.com/wp-content/plugins/cookie-law-info/lite/frontend/js/script.min.js → 200 (1ms, -368B)
[2026-06-09T10:23:39.594Z] GET https://fonts.googleapis.com/css2?family=Syne:wght@700;800&display=swap → 200 (1ms, -698B)
[2026-06-09T10:23:39.606Z] GET https://fonts.gstatic.com/s/inter/v20/UcC73FwrK3iLTeHuS_nVMrMxCp50SjIa1ZL7W0Q5nw.woff2 → 200 (1ms, -815B)
[2026-06-09T10:23:39.607Z] GET https://fonts.gstatic.com/s/syne/v24/8vIH7w4qzmVxm2BL9G78HEY.woff2 → 200 (?ms, -815B)
[2026-06-09T10:23:39.647Z] GET https://klaravex.com/wp-content/plugins/accessibility-widget/lite/frontend/assets/js/widget.min.js → 200 (3ms, -370B)
[2026-06-09T10:23:39.647Z] GET https://klaravex.com/wp-includes/js/dist/hooks.min.js → 200 (2ms, -367B)
[2026-06-09T10:23:39.647Z] GET https://klaravex.com/wp-includes/js/dist/i18n.min.js → 200 (2ms, -368B)
[2026-06-09T10:23:39.647Z] GET https://klaravex.com/wp-content/plugins/contact-form-7/includes/swv/js/index.js → 200 (2ms, -368B)
[2026-06-09T10:23:39.647Z] GET https://klaravex.com/wp-content/plugins/contact-form-7/includes/js/index.js → 200 (2ms, -368B)
[2026-06-09T10:23:39.647Z] GET https://unpkg.com/@phosphor-icons/web@2.1.1/src/index.js → 200 (2ms, -764B)
[2026-06-09T10:23:39.647Z] GET https://klaravex.com/wp-content/themes/klaravex-theme/assets/js/main.js → 200 (2ms, -367B)
[2026-06-09T10:23:39.654Z] GET https://unpkg.com/@phosphor-icons/web@2.1.1/src/regular/style.css → 200 (35ms, -741B)
[2026-06-09T10:23:39.654Z] GET https://unpkg.com/@phosphor-icons/web@2.1.1/src/thin/style.css → 200 (36ms, -741B)
[2026-06-09T10:23:39.654Z] GET https://unpkg.com/@phosphor-icons/web@2.1.1/src/light/style.css → 200 (38ms, -741B)
[2026-06-09T10:23:39.654Z] GET https://unpkg.com/@phosphor-icons/web@2.1.1/src/bold/style.css → 200 (38ms, -742B)
[2026-06-09T10:23:39.654Z] GET https://unpkg.com/@phosphor-icons/web@2.1.1/src/fill/style.css → 200 (40ms, -741B)
[2026-06-09T10:23:39.654Z] GET https://unpkg.com/@phosphor-icons/web@2.1.1/src/duotone/style.css → 200 (42ms, -741B)
[2026-06-09T10:23:39.687Z] GET https://klaravex.com/wp-includes/js/wp-emoji-release.min.js → 200 (36ms, -368B)
[2026-06-09T10:23:39.687Z] GET https://klaravex.com/wp-content/plugins/cookie-law-info/lite/frontend/images/revisit.svg → 200 (10ms, -357B)
[2026-06-09T10:23:39.687Z] GET https://klaravex.com/wp-content/plugins/cookie-law-info/lite/frontend/images/close.svg → 200 (10ms, -357B)
[2026-06-09T10:23:39.729Z] GET https://s.w.org/images/core/emoji/17.0.2/svg/1f44b.svg → 200 (?ms, -492B)
[2026-06-09T10:23:42.867Z] GET https://unpkg.com/@phosphor-icons/web@2.1.1/src/regular/Phosphor.woff2 → 200 (1ms, -787B)
[2026-06-09T10:24:15.830Z] GET https://klaravex.de/?n=1781000655 → 200 (770ms, 89435B)
[2026-06-09T10:24:16.606Z] GET https://fonts.googleapis.com/css2?family=Syne:wght@700;800&family=Inter:wght@400;500;600&display=swap → 200 (1ms, -698B)
[2026-06-09T10:24:16.606Z] GET https://unpkg.com/@phosphor-icons/web@2.1.1/src/index.js → 200 (1ms, -764B)
[2026-06-09T10:24:16.608Z] GET https://unpkg.com/@phosphor-icons/web@2.1.1/src/regular/style.css → 200 (?ms, -741B)
[2026-06-09T10:24:16.608Z] GET https://unpkg.com/@phosphor-icons/web@2.1.1/src/thin/style.css → 200 (3ms, -741B)
[2026-06-09T10:24:16.608Z] GET https://unpkg.com/@phosphor-icons/web@2.1.1/src/light/style.css → 200 (4ms, -741B)
[2026-06-09T10:24:16.608Z] GET https://unpkg.com/@phosphor-icons/web@2.1.1/src/bold/style.css → 200 (5ms, -742B)
[2026-06-09T10:24:16.608Z] GET https://unpkg.com/@phosphor-icons/web@2.1.1/src/fill/style.css → 200 (6ms, -741B)
[2026-06-09T10:24:16.608Z] GET https://unpkg.com/@phosphor-icons/web@2.1.1/src/duotone/style.css → 200 (10ms, -741B)
[2026-06-09T10:24:16.630Z] GET https://klaravex.de/wp-includes/css/buttons.min.css?ver=2822dee7cdddd55f5eda9f8d36149e71 → 200 (1ms, -354B)
[2026-06-09T10:24:16.630Z] GET https://klaravex.de/wp-includes/css/dashicons.min.css?ver=2822dee7cdddd55f5eda9f8d36149e71 → 200 (2ms, -355B)
[2026-06-09T10:24:16.630Z] GET https://klaravex.de/wp-includes/js/mediaelement/mediaelementplayer-legacy.min.css?ver=4.2.17 → 200 (2ms, -354B)
[2026-06-09T10:24:16.631Z] GET https://klaravex.de/wp-includes/js/mediaelement/wp-mediaelement.min.css?ver=2822dee7cdddd55f5eda9f8d36149e71 → 200 (1ms, -353B)
[2026-06-09T10:24:16.631Z] GET https://klaravex.de/wp-includes/css/media-views.min.css?ver=2822dee7cdddd55f5eda9f8d36149e71 → 200 (3ms, -353B)
[2026-06-09T10:24:16.631Z] GET https://klaravex.de/wp-includes/js/imgareaselect/imgareaselect.css?ver=0.9.8 → 200 (4ms, -352B)
[2026-06-09T10:24:16.631Z] GET https://klaravex.de/wp-includes/css/dist/components/style.min.css?ver=2822dee7cdddd55f5eda9f8d36149e71 → 200 (4ms, -356B)
[2026-06-09T10:24:16.631Z] GET https://klaravex.de/wp-content/plugins/extendify/public/build/extendify-shared.css?ver=3.0.6 → 200 (4ms, -354B)
[2026-06-09T10:24:16.631Z] GET https://klaravex.de/wp-content/plugins/google-analytics-for-wordpress/lite/assets/admin-bar/insights.css?ver=9456bd1f8aae1e62dea8 → 200 (4ms, -353B)
[2026-06-09T10:24:16.631Z] GET https://klaravex.de/wp-content/themes/kadence/assets/css/global.min.css?ver=1.5.0 → 200 (4ms, -354B)
[2026-06-09T10:24:16.631Z] GET https://klaravex.de/wp-content/themes/kadence/assets/css/header.min.css?ver=1.5.0 → 200 (4ms, -354B)
[2026-06-09T10:24:16.631Z] GET https://klaravex.de/wp-content/themes/kadence/assets/css/content.min.css?ver=1.5.0 → 200 (4ms, -354B)
[2026-06-09T10:24:16.631Z] GET https://klaravex.de/wp-content/themes/kadence/assets/css/footer.min.css?ver=1.5.0 → 200 (4ms, -354B)
[2026-06-09T10:24:16.631Z] GET https://klaravex.de/wp-content/plugins/cookie-law-info/lite/frontend/js/script.min.js?ver=3.5.1 → 200 (5ms, -368B)
[2026-06-09T10:24:16.631Z] GET https://klaravex.de/wp-includes/js/utils.min.js?ver=2822dee7cdddd55f5eda9f8d36149e71 → 200 (5ms, -366B)
[2026-06-09T10:24:16.631Z] GET https://klaravex.de/wp-includes/js/jquery/jquery.min.js?ver=3.7.1 → 200 (5ms, -370B)
[2026-06-09T10:24:16.632Z] GET https://klaravex.de/wp-includes/js/jquery/jquery-migrate.min.js?ver=3.4.1 → 200 (4ms, -368B)
[2026-06-09T10:24:16.632Z] GET https://klaravex.de/wp-includes/js/plupload/moxie.min.js?ver=1.3.5.1 → 200 (4ms, -370B)
[2026-06-09T10:24:16.632Z] GET https://klaravex.de/wp-includes/js/plupload/plupload.min.js?ver=2.1.9 → 200 (4ms, -368B)
[2026-06-09T10:24:16.632Z] GET https://fonts.googleapis.com/css2?family=Syne:wght@600;700;800&family=Inter:wght@400;500;600;700&display=swap → 200 (4ms, -698B)
[2026-06-09T10:24:16.687Z] GET https://images.unsplash.com/photo-1573496359142-b8d87734a5a2?w=1600&q=85&auto=format → 200 (?ms, -581B)
[2026-06-09T10:24:16.687Z] GET https://klaravex.com/wp-content/uploads/2026/06/klaravex-de-hero.jpg → 200 (1ms, -492B)
[2026-06-09T10:24:16.687Z] GET https://fonts.gstatic.com/s/inter/v20/UcC73FwrK3iLTeHuS_nVMrMxCp50SjIa1ZL7W0Q5nw.woff2 → 200 (1ms, -815B)
[2026-06-09T10:24:16.687Z] GET https://fonts.gstatic.com/s/syne/v24/8vIH7w4qzmVxm2BL9G78HEY.woff2 → 200 (1ms, -815B)
[2026-06-09T10:24:16.687Z] GET https://unpkg.com/@phosphor-icons/web@2.1.1/src/regular/Phosphor.woff2 → 200 (2ms, -787B)
[2026-06-09T10:24:16.733Z] GET https://klaravex.de/wp-includes/js/underscore.min.js?ver=1.13.8 → 200 (2ms, -368B)
[2026-06-09T10:24:16.733Z] GET https://klaravex.de/wp-includes/js/shortcode.min.js?ver=2822dee7cdddd55f5eda9f8d36149e71 → 200 (3ms, -367B)
[2026-06-09T10:24:16.733Z] GET https://klaravex.de/wp-includes/js/backbone.min.js?ver=1.6.1 → 200 (3ms, -368B)
[2026-06-09T10:24:16.733Z] GET https://klaravex.de/wp-includes/js/wp-util.min.js?ver=2822dee7cdddd55f5eda9f8d36149e71 → 200 (3ms, -366B)
[2026-06-09T10:24:16.733Z] GET https://klaravex.de/wp-includes/js/wp-backbone.min.js?ver=2822dee7cdddd55f5eda9f8d36149e71 → 200 (3ms, -367B)
[2026-06-09T10:24:16.733Z] GET https://klaravex.de/wp-includes/js/media-models.min.js?ver=2822dee7cdddd55f5eda9f8d36149e71 → 200 (30ms, -368B)
[2026-06-09T10:24:16.733Z] GET https://klaravex.de/wp-includes/js/plupload/wp-plupload.min.js?ver=2822dee7cdddd55f5eda9f8d36149e71 → 200 (31ms, -368B)
[2026-06-09T10:24:16.734Z] GET https://klaravex.de/wp-includes/js/jquery/ui/core.min.js?ver=1.13.3 → 200 (31ms, -368B)
[2026-06-09T10:24:16.734Z] GET https://klaravex.de/wp-includes/js/jquery/ui/mouse.min.js?ver=1.13.3 → 200 (32ms, -367B)
[2026-06-09T10:24:16.734Z] GET https://klaravex.de/wp-includes/js/jquery/ui/sortable.min.js?ver=1.13.3 → 200 (32ms, -368B)
[2026-06-09T10:24:16.734Z] GET https://klaravex.de/wp-includes/js/mediaelement/mediaelement-and-player.min.js?ver=4.2.17 → 200 (36ms, -370B)
[2026-06-09T10:24:16.734Z] GET https://klaravex.de/wp-includes/js/mediaelement/mediaelement-migrate.min.js?ver=2822dee7cdddd55f5eda9f8d36149e71 → 200 (32ms, -366B)
[2026-06-09T10:24:16.734Z] GET https://klaravex.de/wp-includes/js/mediaelement/wp-mediaelement.min.js?ver=2822dee7cdddd55f5eda9f8d36149e71 → 200 (32ms, -366B)
[2026-06-09T10:24:16.734Z] GET https://klaravex.de/wp-includes/js/api-request.min.js?ver=2822dee7cdddd55f5eda9f8d36149e71 → 200 (32ms, -366B)
[2026-06-09T10:24:16.734Z] GET https://klaravex.de/wp-includes/js/dist/dom-ready.min.js?ver=a06281ae5cf5500e9317 → 200 (33ms, -366B)
[2026-06-09T10:24:16.734Z] GET https://klaravex.de/wp-includes/js/dist/hooks.min.js?ver=7496969728ca0f95732d → 200 (33ms, -368B)
[2026-06-09T10:24:16.734Z] GET https://klaravex.de/wp-includes/js/dist/i18n.min.js?ver=781d11515ad3d91786ec → 200 (33ms, -368B)
[2026-06-09T10:24:16.734Z] GET https://klaravex.de/wp-includes/js/dist/a11y.min.js?ver=af934e5259bc51b8718e → 200 (33ms, -366B)
[2026-06-09T10:24:16.734Z] GET https://klaravex.de/wp-includes/js/clipboard.min.js?ver=2.0.11 → 200 (33ms, -368B)
[2026-06-09T10:24:16.734Z] GET https://klaravex.de/wp-includes/js/media-views.min.js?ver=2822dee7cdddd55f5eda9f8d36149e71 → 200 (35ms, -370B)
[2026-06-09T10:24:16.734Z] GET https://klaravex.de/wp-includes/js/media-editor.min.js?ver=2822dee7cdddd55f5eda9f8d36149e71 → 200 (33ms, -368B)
[2026-06-09T10:24:16.734Z] GET https://klaravex.de/wp-includes/js/media-audiovideo.min.js?ver=2822dee7cdddd55f5eda9f8d36149e71 → 200 (33ms, -367B)
[2026-06-09T10:24:16.734Z] GET https://klaravex.de/wp-content/plugins/extendify/public/build/extendify-vendors-255bc3d8f7c3e44bb191.js?ver=3.0.6 → 200 (37ms, -371B)
[2026-06-09T10:24:16.734Z] GET https://klaravex.de/wp-content/plugins/extendify/public/build/extendify-common-3d1170346702178d0a92.js?ver=3.0.6 → 200 (37ms, -370B)
[2026-06-09T10:24:16.734Z] GET https://klaravex.de/wp-content/plugins/extendify/public/build/extendify-runtime-738467d8d280a3334dc0.js?ver=bdf162508cbe90e9c1e6 → 200 (34ms, -366B)
[2026-06-09T10:24:16.734Z] GET https://klaravex.de/wp-includes/js/dist/vendor/react.min.js?ver=18.3.1.1 → 200 (34ms, -368B)
[2026-06-09T10:24:16.734Z] GET https://klaravex.de/wp-includes/js/dist/vendor/react-dom.min.js?ver=18.3.1.1 → 200 (36ms, -370B)
[2026-06-09T10:24:16.734Z] GET https://klaravex.de/wp-includes/js/dist/vendor/react-jsx-runtime.min.js?ver=18.3.1 → 200 (34ms, -366B)
[2026-06-09T10:24:16.734Z] GET https://klaravex.de/wp-includes/js/dist/url.min.js?ver=bb0f766c3d2efe497871 → 200 (35ms, -368B)
[2026-06-09T10:24:16.734Z] GET https://klaravex.de/wp-includes/js/dist/api-fetch.min.js?ver=d7efe4dc1468d36c39b8 → 200 (34ms, -368B)
[2026-06-09T10:24:16.734Z] GET https://klaravex.de/wp-includes/js/dist/deprecated.min.js?ver=990e85f234fee8f7d446 → 200 (34ms, -366B)
[2026-06-09T10:24:16.734Z] GET https://klaravex.de/wp-includes/js/dist/dom.min.js?ver=66a6cf58e0c4cd128af0 → 200 (35ms, -368B)
[2026-06-09T10:24:16.735Z] GET https://klaravex.de/wp-includes/js/dist/escape-html.min.js?ver=3f093e5cca67aa0f8b56 → 200 (33ms, -366B)
[2026-06-09T10:24:16.735Z] GET https://klaravex.de/wp-includes/js/dist/element.min.js?ver=15ba804677f72a8db97b → 200 (34ms, -367B)
[2026-06-09T10:24:16.735Z] GET https://klaravex.de/wp-includes/js/dist/is-shallow-equal.min.js?ver=5d84b9f3cb50d2ce7d04 → 200 (33ms, -366B)
[2026-06-09T10:24:16.735Z] GET https://klaravex.de/wp-includes/js/dist/keycodes.min.js?ver=aa1a141e3468afe7f852 → 200 (34ms, -367B)
[2026-06-09T10:24:16.735Z] GET https://klaravex.de/wp-includes/js/dist/priority-queue.min.js?ver=1f0e89e247bc0bd3f9b9 → 200 (34ms, -367B)
[2026-06-09T10:24:16.735Z] GET https://klaravex.de/wp-includes/js/dist/undo-manager.min.js?ver=27bb0ae036a2c9d4a1b5 → 200 (34ms, -366B)
[2026-06-09T10:24:16.735Z] GET https://klaravex.de/wp-includes/js/dist/compose.min.js?ver=edb5a8c0b5bf71686403 → 200 (34ms, -369B)
[2026-06-09T10:24:16.735Z] GET https://klaravex.de/wp-includes/js/dist/vendor/moment.min.js?ver=2.30.1 → 200 (34ms, -369B)
[2026-06-09T10:24:16.735Z] GET https://klaravex.de/wp-includes/js/dist/date.min.js?ver=c9f8e7dd3232716f34e9 → 200 (36ms, -370B)
[2026-06-09T10:24:16.735Z] GET https://klaravex.de/wp-includes/js/dist/html-entities.min.js?ver=8c6fa5b869dfeadc4af2 → 200 (34ms, -366B)
[2026-06-09T10:24:16.735Z] GET https://klaravex.de/wp-includes/js/dist/primitives.min.js?ver=a5c905ec27bcd76ef287 → 200 (34ms, -366B)
[2026-06-09T10:24:16.735Z] GET https://klaravex.de/wp-includes/js/dist/private-apis.min.js?ver=835912f0086b9e59aed4 → 200 (35ms, -366B)
[2026-06-09T10:24:16.735Z] GET https://klaravex.de/wp-includes/js/dist/redux-routine.min.js?ver=64f9f5001aabc046c605 → 200 (35ms, -368B)
[2026-06-09T10:24:16.735Z] GET https://klaravex.de/wp-includes/js/dist/data.min.js?ver=1756b6a2676c1b3369ab → 200 (35ms, -368B)
[2026-06-09T10:24:16.735Z] GET https://klaravex.de/wp-includes/js/dist/rich-text.min.js?ver=16449e6108f48327f368 → 200 (35ms, -369B)
[2026-06-09T10:24:16.735Z] GET https://klaravex.de/wp-includes/js/dist/warning.min.js?ver=36fdbdc984d93aee8a97 → 200 (35ms, -366B)
[2026-06-09T10:24:16.735Z] GET https://klaravex.de/wp-includes/js/dist/components.min.js?ver=5dedfe13f08880193a28 → 200 (36ms, -371B)
[2026-06-09T10:24:16.735Z] GET https://klaravex.de/wp-content/plugins/extendify/public/build/extendify-shared-ab4d850930db8cf9e219.js?ver=f9e9c4be5efcc475ce1f → 200 (35ms, -367B)
[2026-06-09T10:24:16.735Z] GET https://klaravex.de/wp-content/themes/kadence/assets/js/navigation.min.js?ver=1.5.0 → 200 (35ms, -546B)
[2026-06-09T10:24:16.735Z] GET https://klaravex.de/wp-content/plugins/google-site-kit/dist/assets/js/googlesitekit-events-provider-wpforms-fcdfcbdf65e9ba33accc.js → 200 (35ms, -366B)
[2026-06-09T10:24:16.911Z] GET https://klaravex.de/wp-content/plugins/cookie-law-info/lite/frontend/images/revisit.svg → 200 (1ms, -357B)
[2026-06-09T10:24:16.911Z] GET https://klaravex.de/wp-content/plugins/cookie-law-info/lite/frontend/images/close.svg → 200 (1ms, -356B)
[2026-06-09T10:24:45.475Z] GET https://klaravex.de/knowledge-base/?n=1781000685 → pending (?ms, ?B)
[2026-06-09T10:24:46.259Z] GET https://klaravex.de/wp-includes/css/buttons.min.css?ver=2822dee7cdddd55f5eda9f8d36149e71 → 200 (?ms, -354B)
[2026-06-09T10:24:46.259Z] GET https://klaravex.de/wp-includes/css/dashicons.min.css?ver=2822dee7cdddd55f5eda9f8d36149e71 → 200 (?ms, -355B)
[2026-06-09T10:24:46.260Z] GET https://klaravex.de/wp-includes/js/mediaelement/mediaelementplayer-legacy.min.css?ver=4.2.17 → 200 (?ms, -354B)
[2026-06-09T10:24:46.260Z] GET https://klaravex.de/wp-includes/js/mediaelement/wp-mediaelement.min.css?ver=2822dee7cdddd55f5eda9f8d36149e71 → 200 (?ms, -353B)
[2026-06-09T10:24:46.260Z] GET https://klaravex.de/wp-includes/css/media-views.min.css?ver=2822dee7cdddd55f5eda9f8d36149e71 → 200 (?ms, -353B)
[2026-06-09T10:24:46.260Z] GET https://klaravex.de/wp-includes/js/imgareaselect/imgareaselect.css?ver=0.9.8 → 200 (?ms, -352B)
[2026-06-09T10:24:46.260Z] GET https://klaravex.de/wp-includes/css/dist/components/style.min.css?ver=2822dee7cdddd55f5eda9f8d36149e71 → 200 (?ms, -356B)
[2026-06-09T10:24:46.260Z] GET https://klaravex.de/wp-content/plugins/extendify/public/build/extendify-shared.css?ver=3.0.6 → 200 (?ms, -354B)
[2026-06-09T10:24:46.260Z] GET https://klaravex.de/wp-content/plugins/google-analytics-for-wordpress/lite/assets/admin-bar/insights.css?ver=9456bd1f8aae1e62dea8 → 200 (?ms, -353B)
[2026-06-09T10:24:46.260Z] GET https://klaravex.de/wp-content/themes/kadence/assets/css/global.min.css?ver=1.5.0 → 200 (?ms, -354B)
[2026-06-09T10:24:46.261Z] GET https://klaravex.de/wp-content/themes/kadence/assets/css/header.min.css?ver=1.5.0 → 200 (?ms, -354B)
[2026-06-09T10:24:46.261Z] GET https://klaravex.de/wp-content/themes/kadence/assets/css/content.min.css?ver=1.5.0 → 200 (?ms, -354B)
[2026-06-09T10:24:46.261Z] GET https://klaravex.de/wp-content/themes/kadence/assets/css/footer.min.css?ver=1.5.0 → 200 (?ms, -354B)
[2026-06-09T10:24:46.261Z] GET https://klaravex.de/wp-content/plugins/cookie-law-info/lite/frontend/js/script.min.js?ver=3.5.1 → 200 (?ms, -368B)
[2026-06-09T10:24:46.261Z] GET https://klaravex.de/wp-includes/js/utils.min.js?ver=2822dee7cdddd55f5eda9f8d36149e71 → 200 (?ms, -366B)
[2026-06-09T10:24:46.261Z] GET https://klaravex.de/wp-includes/js/jquery/jquery.min.js?ver=3.7.1 → 200 (?ms, -370B)
[2026-06-09T10:24:46.261Z] GET https://klaravex.de/wp-includes/js/jquery/jquery-migrate.min.js?ver=3.4.1 → 200 (?ms, -368B)
[2026-06-09T10:24:46.262Z] GET https://klaravex.de/wp-includes/js/plupload/moxie.min.js?ver=1.3.5.1 → 200 (?ms, -370B)
[2026-06-09T10:24:46.262Z] GET https://klaravex.de/wp-includes/js/plupload/plupload.min.js?ver=2.1.9 → 200 (?ms, -368B)
[2026-06-09T10:24:46.262Z] GET https://fonts.googleapis.com/css2?family=Syne:wght@600;700;800&family=Inter:wght@400;500;600;700&display=swap → 200 (?ms, -698B)
[2026-06-09T10:24:46.269Z] GET https://klaravex.de/wp-content/uploads/2026/06/klaravex-logo-white.svg → 200 (3ms, -357B)
[2026-06-09T10:24:46.269Z] GET https://fonts.gstatic.com/s/inter/v20/UcC73FwrK3iLTeHuS_nVMrMxCp50SjIa1ZL7W0Q5nw.woff2 → 200 (?ms, -815B)
[2026-06-09T10:24:46.270Z] GET https://fonts.gstatic.com/s/syne/v24/8vIH7w4qzmVxm2BL9G78HEY.woff2 → 200 (?ms, -815B)
[2026-06-09T10:24:46.293Z] GET https://klaravex.de/wp-includes/js/underscore.min.js?ver=1.13.8 → 200 (?ms, -368B)
[2026-06-09T10:24:46.293Z] GET https://klaravex.de/wp-includes/js/shortcode.min.js?ver=2822dee7cdddd55f5eda9f8d36149e71 → 200 (?ms, -367B)
[2026-06-09T10:24:46.294Z] GET https://klaravex.de/wp-includes/js/backbone.min.js?ver=1.6.1 → 200 (?ms, -368B)
[2026-06-09T10:24:46.294Z] GET https://klaravex.de/wp-includes/js/wp-util.min.js?ver=2822dee7cdddd55f5eda9f8d36149e71 → 200 (?ms, -366B)
[2026-06-09T10:24:46.294Z] GET https://klaravex.de/wp-includes/js/wp-backbone.min.js?ver=2822dee7cdddd55f5eda9f8d36149e71 → 200 (?ms, -367B)
[2026-06-09T10:24:46.294Z] GET https://klaravex.de/wp-includes/js/media-models.min.js?ver=2822dee7cdddd55f5eda9f8d36149e71 → 200 (?ms, -368B)
[2026-06-09T10:24:46.294Z] GET https://klaravex.de/wp-includes/js/plupload/wp-plupload.min.js?ver=2822dee7cdddd55f5eda9f8d36149e71 → 200 (?ms, -368B)
[2026-06-09T10:24:46.294Z] GET https://klaravex.de/wp-includes/js/jquery/ui/core.min.js?ver=1.13.3 → 200 (?ms, -368B)
[2026-06-09T10:24:46.295Z] GET https://klaravex.de/wp-includes/js/jquery/ui/mouse.min.js?ver=1.13.3 → 200 (?ms, -367B)
[2026-06-09T10:24:46.295Z] GET https://klaravex.de/wp-includes/js/jquery/ui/sortable.min.js?ver=1.13.3 → 200 (?ms, -368B)
[2026-06-09T10:24:46.295Z] GET https://klaravex.de/wp-includes/js/mediaelement/mediaelement-and-player.min.js?ver=4.2.17 → 200 (?ms, -370B)
[2026-06-09T10:24:46.295Z] GET https://klaravex.de/wp-includes/js/mediaelement/mediaelement-migrate.min.js?ver=2822dee7cdddd55f5eda9f8d36149e71 → 200 (?ms, -366B)
[2026-06-09T10:24:46.295Z] GET https://klaravex.de/wp-includes/js/mediaelement/wp-mediaelement.min.js?ver=2822dee7cdddd55f5eda9f8d36149e71 → 200 (?ms, -366B)
[2026-06-09T10:24:46.295Z] GET https://klaravex.de/wp-includes/js/api-request.min.js?ver=2822dee7cdddd55f5eda9f8d36149e71 → 200 (?ms, -366B)
[2026-06-09T10:24:46.295Z] GET https://klaravex.de/wp-includes/js/dist/dom-ready.min.js?ver=a06281ae5cf5500e9317 → 200 (?ms, -366B)
[2026-06-09T10:24:46.295Z] GET https://klaravex.de/wp-includes/js/dist/hooks.min.js?ver=7496969728ca0f95732d → 200 (?ms, -368B)
[2026-06-09T10:24:46.295Z] GET https://klaravex.de/wp-includes/js/dist/i18n.min.js?ver=781d11515ad3d91786ec → 200 (?ms, -368B)
[2026-06-09T10:24:46.296Z] GET https://klaravex.de/wp-includes/js/dist/a11y.min.js?ver=af934e5259bc51b8718e → 200 (?ms, -366B)
[2026-06-09T10:24:46.296Z] GET https://klaravex.de/wp-includes/js/clipboard.min.js?ver=2.0.11 → 200 (?ms, -368B)
[2026-06-09T10:24:46.296Z] GET https://klaravex.de/wp-includes/js/media-views.min.js?ver=2822dee7cdddd55f5eda9f8d36149e71 → 200 (?ms, -370B)
[2026-06-09T10:24:46.296Z] GET https://klaravex.de/wp-includes/js/media-editor.min.js?ver=2822dee7cdddd55f5eda9f8d36149e71 → 200 (?ms, -368B)
[2026-06-09T10:24:46.296Z] GET https://klaravex.de/wp-includes/js/media-audiovideo.min.js?ver=2822dee7cdddd55f5eda9f8d36149e71 → 200 (?ms, -367B)
[2026-06-09T10:24:46.296Z] GET https://klaravex.de/wp-content/plugins/extendify/public/build/extendify-vendors-255bc3d8f7c3e44bb191.js?ver=3.0.6 → 200 (?ms, -371B)
[2026-06-09T10:24:46.296Z] GET https://klaravex.de/wp-content/plugins/extendify/public/build/extendify-common-3d1170346702178d0a92.js?ver=3.0.6 → 200 (?ms, -370B)
[2026-06-09T10:24:46.296Z] GET https://klaravex.de/wp-content/plugins/extendify/public/build/extendify-runtime-738467d8d280a3334dc0.js?ver=bdf162508cbe90e9c1e6 → 200 (?ms, -366B)
[2026-06-09T10:24:46.296Z] GET https://klaravex.de/wp-includes/js/dist/vendor/react.min.js?ver=18.3.1.1 → 200 (?ms, -368B)
[2026-06-09T10:24:46.297Z] GET https://klaravex.de/wp-includes/js/dist/vendor/react-dom.min.js?ver=18.3.1.1 → 200 (?ms, -370B)
[2026-06-09T10:24:46.297Z] GET https://klaravex.de/wp-includes/js/dist/vendor/react-jsx-runtime.min.js?ver=18.3.1 → 200 (?ms, -366B)
[2026-06-09T10:24:46.297Z] GET https://klaravex.de/wp-includes/js/dist/url.min.js?ver=bb0f766c3d2efe497871 → 200 (?ms, -368B)
[2026-06-09T10:24:46.316Z] GET https://klaravex.de/wp-includes/js/dist/api-fetch.min.js?ver=d7efe4dc1468d36c39b8 → 200 (?ms, -368B)
[2026-06-09T10:24:46.316Z] GET https://klaravex.de/wp-includes/js/dist/deprecated.min.js?ver=990e85f234fee8f7d446 → 200 (?ms, -366B)
[2026-06-09T10:24:46.316Z] GET https://klaravex.de/wp-includes/js/dist/dom.min.js?ver=66a6cf58e0c4cd128af0 → 200 (?ms, -368B)
[2026-06-09T10:24:46.317Z] GET https://klaravex.de/wp-includes/js/dist/escape-html.min.js?ver=3f093e5cca67aa0f8b56 → 200 (?ms, -366B)
[2026-06-09T10:24:46.317Z] GET https://klaravex.de/wp-includes/js/dist/element.min.js?ver=15ba804677f72a8db97b → 200 (?ms, -367B)
[2026-06-09T10:24:46.317Z] GET https://klaravex.de/wp-includes/js/dist/is-shallow-equal.min.js?ver=5d84b9f3cb50d2ce7d04 → 200 (?ms, -366B)
[2026-06-09T10:24:46.317Z] GET https://klaravex.de/wp-includes/js/dist/keycodes.min.js?ver=aa1a141e3468afe7f852 → 200 (?ms, -367B)
[2026-06-09T10:24:46.317Z] GET https://klaravex.de/wp-includes/js/dist/priority-queue.min.js?ver=1f0e89e247bc0bd3f9b9 → 200 (?ms, -367B)
[2026-06-09T10:24:46.317Z] GET https://klaravex.de/wp-includes/js/dist/undo-manager.min.js?ver=27bb0ae036a2c9d4a1b5 → 200 (?ms, -366B)
[2026-06-09T10:24:46.318Z] GET https://klaravex.de/wp-includes/js/dist/compose.min.js?ver=edb5a8c0b5bf71686403 → 200 (?ms, -369B)
[2026-06-09T10:24:46.318Z] GET https://klaravex.de/wp-includes/js/dist/vendor/moment.min.js?ver=2.30.1 → 200 (?ms, -369B)
[2026-06-09T10:24:46.318Z] GET https://klaravex.de/wp-includes/js/dist/date.min.js?ver=c9f8e7dd3232716f34e9 → 200 (?ms, -370B)
[2026-06-09T10:24:46.318Z] GET https://klaravex.de/wp-includes/js/dist/html-entities.min.js?ver=8c6fa5b869dfeadc4af2 → 200 (?ms, -366B)
[2026-06-09T10:24:46.318Z] GET https://klaravex.de/wp-includes/js/dist/primitives.min.js?ver=a5c905ec27bcd76ef287 → 200 (?ms, -366B)
[2026-06-09T10:24:46.318Z] GET https://klaravex.de/wp-includes/js/dist/private-apis.min.js?ver=835912f0086b9e59aed4 → 200 (?ms, -366B)
[2026-06-09T10:24:46.318Z] GET https://klaravex.de/wp-includes/js/dist/redux-routine.min.js?ver=64f9f5001aabc046c605 → 200 (?ms, -368B)
[2026-06-09T10:24:46.318Z] GET https://klaravex.de/wp-includes/js/dist/data.min.js?ver=1756b6a2676c1b3369ab → 200 (?ms, -368B)
[2026-06-09T10:24:46.319Z] GET https://klaravex.de/wp-includes/js/dist/rich-text.min.js?ver=16449e6108f48327f368 → 200 (?ms, -369B)
[2026-06-09T10:24:46.319Z] GET https://klaravex.de/wp-includes/js/dist/warning.min.js?ver=36fdbdc984d93aee8a97 → 200 (?ms, -366B)
[2026-06-09T10:24:46.319Z] GET https://klaravex.de/wp-includes/js/dist/components.min.js?ver=5dedfe13f08880193a28 → 200 (?ms, -371B)
[2026-06-09T10:24:46.341Z] GET https://klaravex.de/wp-content/plugins/extendify/public/build/extendify-shared-ab4d850930db8cf9e219.js?ver=f9e9c4be5efcc475ce1f → 200 (?ms, -367B)
[2026-06-09T10:24:46.341Z] GET https://klaravex.de/wp-content/themes/kadence/assets/js/navigation.min.js?ver=1.5.0 → 200 (?ms, -546B)
[2026-06-09T10:24:46.341Z] GET https://klaravex.de/wp-content/plugins/google-site-kit/dist/assets/js/googlesitekit-events-provider-wpforms-fcdfcbdf65e9ba33accc.js → 200 (?ms, -366B)
[2026-06-09T10:24:46.341Z] GET https://klaravex.de/wp-content/plugins/cookie-law-info/lite/frontend/images/revisit.svg → 200 (?ms, -357B)
[2026-06-09T10:24:46.341Z] GET https://klaravex.de/wp-content/plugins/cookie-law-info/lite/frontend/images/close.svg → 200 (?ms, -356B)
[2026-06-09T10:24:46.341Z] GET https://fonts.googleapis.com/css2?family=Syne:wght@700;800&family=Inter:wght@400;500;600&display=swap → 200 (?ms, -698B)
[2026-06-09T10:34:29.443Z] GET https://klaravex.de/de/wissensdatenbank/?v=1781001269 → pending (?ms, ?B)
[2026-06-09T10:34:30.318Z] GET https://klaravex.de/wp-includes/css/buttons.min.css?ver=2822dee7cdddd55f5eda9f8d36149e71 → 200 (?ms, -354B)
[2026-06-09T10:34:30.319Z] GET https://klaravex.de/wp-includes/css/dashicons.min.css?ver=2822dee7cdddd55f5eda9f8d36149e71 → 200 (?ms, -355B)
[2026-06-09T10:34:30.319Z] GET https://klaravex.de/wp-includes/js/mediaelement/mediaelementplayer-legacy.min.css?ver=4.2.17 → 200 (?ms, -354B)
[2026-06-09T10:34:30.319Z] GET https://klaravex.de/wp-includes/js/mediaelement/wp-mediaelement.min.css?ver=2822dee7cdddd55f5eda9f8d36149e71 → 200 (?ms, -353B)
[2026-06-09T10:34:30.319Z] GET https://klaravex.de/wp-includes/css/media-views.min.css?ver=2822dee7cdddd55f5eda9f8d36149e71 → 200 (?ms, -353B)
[2026-06-09T10:34:30.319Z] GET https://klaravex.de/wp-includes/js/imgareaselect/imgareaselect.css?ver=0.9.8 → 200 (?ms, -352B)
[2026-06-09T10:34:30.319Z] GET https://klaravex.de/wp-includes/css/dist/components/style.min.css?ver=2822dee7cdddd55f5eda9f8d36149e71 → 200 (?ms, -356B)
[2026-06-09T10:34:30.319Z] GET https://klaravex.de/wp-content/plugins/extendify/public/build/extendify-shared.css?ver=3.0.6 → 200 (?ms, -354B)
[2026-06-09T10:34:30.319Z] GET https://klaravex.de/wp-content/plugins/google-analytics-for-wordpress/lite/assets/admin-bar/insights.css?ver=9456bd1f8aae1e62dea8 → 200 (1ms, -353B)
[2026-06-09T10:34:30.320Z] GET https://klaravex.de/wp-content/themes/kadence/assets/css/global.min.css?ver=1.5.0 → 200 (?ms, -354B)
[2026-06-09T10:34:30.320Z] GET https://klaravex.de/wp-content/themes/kadence/assets/css/header.min.css?ver=1.5.0 → 200 (?ms, -354B)
[2026-06-09T10:34:30.320Z] GET https://klaravex.de/wp-content/themes/kadence/assets/css/content.min.css?ver=1.5.0 → 200 (?ms, -354B)
[2026-06-09T10:34:30.320Z] GET https://klaravex.de/wp-content/themes/kadence/assets/css/footer.min.css?ver=1.5.0 → 200 (?ms, -354B)
[2026-06-09T10:34:30.320Z] GET https://klaravex.de/wp-content/plugins/cookie-law-info/lite/frontend/js/script.min.js?ver=3.5.1 → 200 (?ms, -368B)
[2026-06-09T10:34:30.320Z] GET https://klaravex.de/wp-includes/js/utils.min.js?ver=2822dee7cdddd55f5eda9f8d36149e71 → 200 (?ms, -366B)
[2026-06-09T10:34:30.320Z] GET https://klaravex.de/wp-includes/js/jquery/jquery.min.js?ver=3.7.1 → 200 (?ms, -370B)
[2026-06-09T10:34:30.320Z] GET https://klaravex.de/wp-includes/js/jquery/jquery-migrate.min.js?ver=3.4.1 → 200 (1ms, -368B)
[2026-06-09T10:34:30.321Z] GET https://klaravex.de/wp-includes/js/plupload/moxie.min.js?ver=1.3.5.1 → 200 (?ms, -370B)
[2026-06-09T10:34:30.321Z] GET https://klaravex.de/wp-includes/js/plupload/plupload.min.js?ver=2.1.9 → 200 (?ms, -368B)
[2026-06-09T10:34:30.321Z] GET https://fonts.googleapis.com/css2?family=Syne:wght@600;700;800&family=Inter:wght@400;500;600;700&display=swap → 200 (?ms, -698B)
[2026-06-09T10:34:30.321Z] GET https://klaravex.de/wp-content/uploads/2026/06/klaravex-logo-white.svg → 200 (?ms, -357B)
[2026-06-09T10:34:30.332Z] GET https://fonts.gstatic.com/s/inter/v20/UcC73FwrK3iLTeHuS_nVMrMxCp50SjIa1ZL7W0Q5nw.woff2 → 200 (?ms, -815B)
[2026-06-09T10:34:30.332Z] GET https://fonts.gstatic.com/s/syne/v24/8vIH7w4qzmVxm2BL9G78HEY.woff2 → 200 (?ms, -815B)
[2026-06-09T10:34:30.353Z] GET https://klaravex.de/wp-includes/js/underscore.min.js?ver=1.13.8 → 200 (?ms, -368B)
[2026-06-09T10:34:30.353Z] GET https://klaravex.de/wp-includes/js/shortcode.min.js?ver=2822dee7cdddd55f5eda9f8d36149e71 → 200 (?ms, -367B)
[2026-06-09T10:34:30.353Z] GET https://klaravex.de/wp-includes/js/backbone.min.js?ver=1.6.1 → 200 (?ms, -368B)
[2026-06-09T10:34:30.353Z] GET https://klaravex.de/wp-includes/js/wp-util.min.js?ver=2822dee7cdddd55f5eda9f8d36149e71 → 200 (?ms, -366B)
[2026-06-09T10:34:30.353Z] GET https://klaravex.de/wp-includes/js/wp-backbone.min.js?ver=2822dee7cdddd55f5eda9f8d36149e71 → 200 (?ms, -367B)
[2026-06-09T10:34:30.353Z] GET https://klaravex.de/wp-includes/js/media-models.min.js?ver=2822dee7cdddd55f5eda9f8d36149e71 → 200 (1ms, -368B)
[2026-06-09T10:34:30.354Z] GET https://klaravex.de/wp-includes/js/plupload/wp-plupload.min.js?ver=2822dee7cdddd55f5eda9f8d36149e71 → 200 (?ms, -368B)
[2026-06-09T10:34:30.354Z] GET https://klaravex.de/wp-includes/js/jquery/ui/core.min.js?ver=1.13.3 → 200 (?ms, -368B)
[2026-06-09T10:34:30.354Z] GET https://klaravex.de/wp-includes/js/jquery/ui/mouse.min.js?ver=1.13.3 → 200 (?ms, -367B)
[2026-06-09T10:34:30.354Z] GET https://klaravex.de/wp-includes/js/jquery/ui/sortable.min.js?ver=1.13.3 → 200 (?ms, -368B)
[2026-06-09T10:34:30.354Z] GET https://klaravex.de/wp-includes/js/mediaelement/mediaelement-and-player.min.js?ver=4.2.17 → 200 (?ms, -370B)
[2026-06-09T10:34:30.354Z] GET https://klaravex.de/wp-includes/js/mediaelement/mediaelement-migrate.min.js?ver=2822dee7cdddd55f5eda9f8d36149e71 → 200 (?ms, -366B)
[2026-06-09T10:34:30.354Z] GET https://klaravex.de/wp-includes/js/mediaelement/wp-mediaelement.min.js?ver=2822dee7cdddd55f5eda9f8d36149e71 → 200 (1ms, -366B)
[2026-06-09T10:34:30.355Z] GET https://klaravex.de/wp-includes/js/api-request.min.js?ver=2822dee7cdddd55f5eda9f8d36149e71 → 200 (?ms, -366B)
[2026-06-09T10:34:30.355Z] GET https://klaravex.de/wp-includes/js/dist/dom-ready.min.js?ver=a06281ae5cf5500e9317 → 200 (?ms, -366B)
[2026-06-09T10:34:30.355Z] GET https://klaravex.de/wp-includes/js/dist/hooks.min.js?ver=7496969728ca0f95732d → 200 (?ms, -368B)
[2026-06-09T10:34:30.355Z] GET https://klaravex.de/wp-includes/js/dist/i18n.min.js?ver=781d11515ad3d91786ec → 200 (?ms, -368B)
[2026-06-09T10:34:30.355Z] GET https://klaravex.de/wp-includes/js/dist/a11y.min.js?ver=af934e5259bc51b8718e → 200 (?ms, -366B)
[2026-06-09T10:34:30.355Z] GET https://klaravex.de/wp-includes/js/clipboard.min.js?ver=2.0.11 → 200 (?ms, -368B)
[2026-06-09T10:34:30.355Z] GET https://klaravex.de/wp-includes/js/media-views.min.js?ver=2822dee7cdddd55f5eda9f8d36149e71 → 200 (?ms, -370B)
[2026-06-09T10:34:30.355Z] GET https://klaravex.de/wp-includes/js/media-editor.min.js?ver=2822dee7cdddd55f5eda9f8d36149e71 → 200 (?ms, -368B)
[2026-06-09T10:34:30.355Z] GET https://klaravex.de/wp-includes/js/media-audiovideo.min.js?ver=2822dee7cdddd55f5eda9f8d36149e71 → 200 (?ms, -367B)
[2026-06-09T10:34:30.355Z] GET https://klaravex.de/wp-content/plugins/extendify/public/build/extendify-vendors-255bc3d8f7c3e44bb191.js?ver=3.0.6 → 200 (1ms, -371B)
[2026-06-09T10:34:30.356Z] GET https://klaravex.de/wp-content/plugins/extendify/public/build/extendify-common-3d1170346702178d0a92.js?ver=3.0.6 → 200 (?ms, -370B)
[2026-06-09T10:34:30.356Z] GET https://klaravex.de/wp-content/plugins/extendify/public/build/extendify-runtime-738467d8d280a3334dc0.js?ver=bdf162508cbe90e9c1e6 → 200 (?ms, -366B)
[2026-06-09T10:34:30.356Z] GET https://klaravex.de/wp-includes/js/dist/vendor/react.min.js?ver=18.3.1.1 → 200 (?ms, -368B)
[2026-06-09T10:34:30.356Z] GET https://klaravex.de/wp-includes/js/dist/vendor/react-dom.min.js?ver=18.3.1.1 → 200 (?ms, -370B)
[2026-06-09T10:34:30.356Z] GET https://klaravex.de/wp-includes/js/dist/vendor/react-jsx-runtime.min.js?ver=18.3.1 → 200 (?ms, -366B)
[2026-06-09T10:34:30.356Z] GET https://klaravex.de/wp-includes/js/dist/url.min.js?ver=bb0f766c3d2efe497871 → 200 (?ms, -368B)
[2026-06-09T10:34:30.356Z] GET https://klaravex.de/wp-includes/js/dist/api-fetch.min.js?ver=d7efe4dc1468d36c39b8 → 200 (?ms, -368B)
[2026-06-09T10:34:30.356Z] GET https://klaravex.de/wp-includes/js/dist/deprecated.min.js?ver=990e85f234fee8f7d446 → 200 (?ms, -366B)
[2026-06-09T10:34:30.356Z] GET https://klaravex.de/wp-includes/js/dist/dom.min.js?ver=66a6cf58e0c4cd128af0 → 200 (1ms, -368B)
[2026-06-09T10:34:30.357Z] GET https://klaravex.de/wp-includes/js/dist/escape-html.min.js?ver=3f093e5cca67aa0f8b56 → 200 (?ms, -366B)
[2026-06-09T10:34:30.357Z] GET https://klaravex.de/wp-includes/js/dist/element.min.js?ver=15ba804677f72a8db97b → 200 (?ms, -367B)
[2026-06-09T10:34:30.357Z] GET https://klaravex.de/wp-includes/js/dist/is-shallow-equal.min.js?ver=5d84b9f3cb50d2ce7d04 → 200 (?ms, -366B)
[2026-06-09T10:34:30.357Z] GET https://klaravex.de/wp-includes/js/dist/keycodes.min.js?ver=aa1a141e3468afe7f852 → 200 (?ms, -367B)
[2026-06-09T10:34:30.357Z] GET https://klaravex.de/wp-includes/js/dist/priority-queue.min.js?ver=1f0e89e247bc0bd3f9b9 → 200 (?ms, -367B)
[2026-06-09T10:34:30.357Z] GET https://klaravex.de/wp-includes/js/dist/undo-manager.min.js?ver=27bb0ae036a2c9d4a1b5 → 200 (?ms, -366B)
[2026-06-09T10:34:30.357Z] GET https://klaravex.de/wp-includes/js/dist/compose.min.js?ver=edb5a8c0b5bf71686403 → 200 (?ms, -369B)
[2026-06-09T10:34:30.368Z] GET https://klaravex.de/wp-includes/js/dist/vendor/moment.min.js?ver=2.30.1 → 200 (?ms, -369B)
[2026-06-09T10:34:30.368Z] GET https://klaravex.de/wp-includes/js/dist/date.min.js?ver=c9f8e7dd3232716f34e9 → 200 (?ms, -370B)
[2026-06-09T10:34:30.368Z] GET https://klaravex.de/wp-includes/js/dist/html-entities.min.js?ver=8c6fa5b869dfeadc4af2 → 200 (?ms, -366B)
[2026-06-09T10:34:30.368Z] GET https://klaravex.de/wp-includes/js/dist/primitives.min.js?ver=a5c905ec27bcd76ef287 → 200 (?ms, -366B)
[2026-06-09T10:34:30.368Z] GET https://klaravex.de/wp-includes/js/dist/private-apis.min.js?ver=835912f0086b9e59aed4 → 200 (?ms, -366B)
[2026-06-09T10:34:30.369Z] GET https://klaravex.de/wp-includes/js/dist/redux-routine.min.js?ver=64f9f5001aabc046c605 → 200 (?ms, -368B)
[2026-06-09T10:34:30.369Z] GET https://klaravex.de/wp-includes/js/dist/data.min.js?ver=1756b6a2676c1b3369ab → 200 (?ms, -368B)
[2026-06-09T10:34:30.369Z] GET https://klaravex.de/wp-includes/js/dist/rich-text.min.js?ver=16449e6108f48327f368 → 200 (?ms, -369B)
[2026-06-09T10:34:30.369Z] GET https://klaravex.de/wp-includes/js/dist/warning.min.js?ver=36fdbdc984d93aee8a97 → 200 (?ms, -366B)
[2026-06-09T10:34:30.369Z] GET https://klaravex.de/wp-includes/js/dist/components.min.js?ver=5dedfe13f08880193a28 → 200 (?ms, -371B)
[2026-06-09T10:34:30.399Z] GET https://klaravex.de/wp-content/plugins/extendify/public/build/extendify-shared-ab4d850930db8cf9e219.js?ver=f9e9c4be5efcc475ce1f → 200 (?ms, -367B)
[2026-06-09T10:34:30.399Z] GET https://klaravex.de/wp-content/themes/kadence/assets/js/navigation.min.js?ver=1.5.0 → 200 (?ms, -546B)
[2026-06-09T10:34:30.399Z] GET https://klaravex.de/wp-content/plugins/google-site-kit/dist/assets/js/googlesitekit-events-provider-wpforms-fcdfcbdf65e9ba33accc.js → 200 (?ms, -366B)
[2026-06-09T10:34:30.399Z] GET https://klaravex.de/wp-content/plugins/cookie-law-info/lite/frontend/images/revisit.svg → 200 (1ms, -357B)
[2026-06-09T10:34:30.400Z] GET https://klaravex.de/wp-content/plugins/cookie-law-info/lite/frontend/images/close.svg → 200 (?ms, -356B)
[2026-06-09T10:34:30.400Z] GET https://fonts.googleapis.com/css2?family=Syne:wght@700;800&family=Inter:wght@400;500;600&display=swap → 200 (?ms, -698B)
